"id","time_utc","time_et","updated_utc","magnitude","magnitude_raw","place","latitude","longitude","country","depth_km","depth_km_raw","felt_reports","cdi","mmi","alert","status","tsunami","significance","event_type","title","detail_url","detail_api"
"ci41346191","2026-10-10T18:39:46Z","2026-10-10T14:39:46-04:00","2026-10-10T18:43:09Z","1.0","0.87","2 km NW of Banning, CA","33.9385","-116.887833333333","United States of America","5.9","5.86",,,,,"automatic","0","12","earthquake","M 0.9 - 2 km NW of Banning, CA","https://earthquake.usgs.gov/earthquakes/eventpage/ci41346191","https://earthquake.usgs.gov/fdsnws/event/1/query?eventid=ci41346191&format=geojson"
"ci41346183","2026-10-10T17:56:31Z","2026-10-10T13:56:31-04:00","2026-10-10T17:59:55Z","1.0","1.04","16 km WSW of Johannesburg, CA","35.3165","-117.794333333333","United States of America","6.2","6.18",,,,,"automatic","0","17","earthquake","M 1.0 - 16 km WSW of Johannesburg, CA","https://earthquake.usgs.gov/earthquakes/eventpage/ci41346183","https://earthquake.usgs.gov/fdsnws/event/1/query?eventid=ci41346183&format=geojson"
"ci41346175","2026-10-10T17:50:31Z","2026-10-10T13:50:31-04:00","2026-10-10T18:07:31Z","1.5","1.54","2 km NE of Colton, CA","34.086","-117.297166666667","United States of America","16.0","15.98",,,,,"automatic","0","36","earthquake","M 1.5 - 2 km NE of Colton, CA","https://earthquake.usgs.gov/earthquakes/eventpage/ci41346175","https://earthquake.usgs.gov/fdsnws/event/1/query?eventid=ci41346175&format=geojson"
"ci41346167","2026-10-10T17:48:09Z","2026-10-10T13:48:09-04:00","2026-10-10T17:51:41Z","1.5","1.5","29 km NNW of Barstow, CA","35.1505","-117.100166666667","United States of America","0.8","0.83",,,,,"automatic","0","35","earthquake","M 1.5 - 29 km NNW of Barstow, CA","https://earthquake.usgs.gov/earthquakes/eventpage/ci41346167","https://earthquake.usgs.gov/fdsnws/event/1/query?eventid=ci41346167&format=geojson"
"nc75447421","2026-10-10T17:41:54Z","2026-10-10T13:41:54-04:00","2026-10-10T17:43:31Z","1.0","0.95","14 km E of Pinnacles, CA","36.5089988708496","-120.994667053223","United States of America","9.1","9.14",,,,,"automatic","0","14","earthquake","M 1.0 - 14 km E of Pinnacles, CA","https://earthquake.usgs.gov/earthquakes/eventpage/nc75447421","https://earthquake.usgs.gov/fdsnws/event/1/query?eventid=nc75447421&format=geojson"
"ci41346159","2026-10-10T17:39:06Z","2026-10-10T13:39:06-04:00","2026-10-10T17:42:33Z","2.1","2.1","12 km NE of Little Lake, CA","36.0065","-117.808333333333","United States of America","1.8","1.75",,,,,"automatic","0","68","earthquake","M 2.1 - 12 km NE of Little Lake, CA","https://earthquake.usgs.gov/earthquakes/eventpage/ci41346159","https://earthquake.usgs.gov/fdsnws/event/1/query?eventid=ci41346159&format=geojson"
"ci41346151","2026-10-10T17:35:47Z","2026-10-10T13:35:47-04:00","2026-10-10T17:39:15Z","1.0","0.93","12 km NE of Little Lake, CA","36.0043333333333","-117.803833333333","United States of America","1.9","1.87",,,,,"automatic","0","13","earthquake","M 0.9 - 12 km NE of Little Lake, CA","https://earthquake.usgs.gov/earthquakes/eventpage/ci41346151","https://earthquake.usgs.gov/fdsnws/event/1/query?eventid=ci41346151&format=geojson"
"uu80159106","2026-10-10T17:08:55Z","2026-10-10T13:08:55-04:00","2026-10-10T17:31:24Z","1.8","1.78","16 km NNE of Milford, Utah","38.5283333333333","-112.911","United States of America","6.0","6",,,,,"reviewed","0","49","earthquake","M 1.8 - 16 km NNE of Milford, Utah","https://earthquake.usgs.gov/earthquakes/eventpage/uu80159106","https://earthquake.usgs.gov/fdsnws/event/1/query?eventid=uu80159106&format=geojson"
"ci41346143","2026-10-10T16:59:07Z","2026-10-10T12:59:07-04:00","2026-10-10T17:20:52Z","2.5","2.5","10 km SE of Winchester, CA","33.6373333333333","-117.018333333333","United States of America","14.0","13.98","17","2.9",,,"automatic","0","101","earthquake","M 2.5 - 10 km SE of Winchester, CA","https://earthquake.usgs.gov/earthquakes/eventpage/ci41346143","https://earthquake.usgs.gov/fdsnws/event/1/query?eventid=ci41346143&format=geojson"
"pr71536388","2026-10-10T16:32:28Z","2026-10-10T12:32:28-04:00","2026-10-10T16:50:55Z","3.4","3.35","31 km NE of Punta Cana, Dominican Republic","18.7586666666667","-68.1685","Dominican Republic","83.5","83.51",,,,,"reviewed","0","173","earthquake","M 3.4 - 31 km NE of Punta Cana, Dominican Republic","https://earthquake.usgs.gov/earthquakes/eventpage/pr71536388","https://earthquake.usgs.gov/fdsnws/event/1/query?eventid=pr71536388&format=geojson"
"nc75447396","2026-10-10T16:23:40Z","2026-10-10T12:23:40-04:00","2026-10-10T16:25:16Z","1.0","0.42","6 km NW of The Geysers, CA","38.8235015869141","-122.801666259766","United States of America","3.0","3.01",,,,,"automatic","0","3","earthquake","M 0.4 - 6 km NW of The Geysers, CA","https://earthquake.usgs.gov/earthquakes/eventpage/nc75447396","https://earthquake.usgs.gov/fdsnws/event/1/query?eventid=nc75447396&format=geojson"
"ci41346135","2026-10-10T16:20:56Z","2026-10-10T12:20:56-04:00","2026-10-10T16:24:23Z","1.2","1.18","8 km W of Grapevine, CA","34.9291666666667","-119.020166666667","United States of America","13.7","13.68",,,,,"automatic","0","21","earthquake","M 1.2 - 8 km W of Grapevine, CA","https://earthquake.usgs.gov/earthquakes/eventpage/ci41346135","https://earthquake.usgs.gov/fdsnws/event/1/query?eventid=ci41346135&format=geojson"
"nc75447391","2026-10-10T16:18:13Z","2026-10-10T12:18:13-04:00","2026-10-10T16:42:22Z","2.3","2.29","20 km WSW of Petrolia, CA","40.2526664733887","-124.50316619873","United States of America","1.9","1.89",,,,,"automatic","0","81","earthquake","M 2.3 - 20 km WSW of Petrolia, CA","https://earthquake.usgs.gov/earthquakes/eventpage/nc75447391","https://earthquake.usgs.gov/fdsnws/event/1/query?eventid=nc75447391&format=geojson"
"ci41346127","2026-10-10T16:04:08Z","2026-10-10T12:04:08-04:00","2026-10-10T16:07:32Z","1.0","0.58","7 km NNE of Cabazon, CA","33.9735","-116.756","United States of America","9.4","9.42",,,,,"automatic","0","5","earthquake","M 0.6 - 7 km NNE of Cabazon, CA","https://earthquake.usgs.gov/earthquakes/eventpage/ci41346127","https://earthquake.usgs.gov/fdsnws/event/1/query?eventid=ci41346127&format=geojson"
"nc75447386","2026-10-10T16:01:28Z","2026-10-10T12:01:28-04:00","2026-10-10T16:03:06Z","1.0","0.94","6 km W of Cobb, CA","38.8326683044434","-122.796836853027","United States of America","2.0","2.03",,,,,"automatic","0","14","earthquake","M 0.9 - 6 km W of Cobb, CA","https://earthquake.usgs.gov/earthquakes/eventpage/nc75447386","https://earthquake.usgs.gov/fdsnws/event/1/query?eventid=nc75447386&format=geojson"
"ci41346119","2026-10-10T15:34:07Z","2026-10-10T11:34:07-04:00","2026-10-10T15:44:56Z","1.6","1.61","9 km NNE of Indio, CA","33.7901666666667","-116.164166666667","United States of America","7.4","7.35",,,,,"automatic","0","40","earthquake","M 1.6 - 9 km NNE of Indio, CA","https://earthquake.usgs.gov/earthquakes/eventpage/ci41346119","https://earthquake.usgs.gov/fdsnws/event/1/query?eventid=ci41346119&format=geojson"
"ci41346111","2026-10-10T15:17:48Z","2026-10-10T11:17:48-04:00","2026-10-10T15:21:18Z","1.0","0.92","9 km SSE of Jamul, CA","32.6395","-116.851833333333","United States of America","13.9","13.87",,,,,"automatic","0","13","earthquake","M 0.9 - 9 km SSE of Jamul, CA","https://earthquake.usgs.gov/earthquakes/eventpage/ci41346111","https://earthquake.usgs.gov/fdsnws/event/1/query?eventid=ci41346111&format=geojson"
"ci41346103","2026-10-10T15:13:40Z","2026-10-10T11:13:40-04:00","2026-10-10T15:17:02Z","1.0","0.76","11 km N of Borrego Springs, CA","33.3565","-116.369333333333","United States of America","11.9","11.86",,,,,"automatic","0","9","earthquake","M 0.8 - 11 km N of Borrego Springs, CA","https://earthquake.usgs.gov/earthquakes/eventpage/ci41346103","https://earthquake.usgs.gov/fdsnws/event/1/query?eventid=ci41346103&format=geojson"
"ci41346095","2026-10-10T14:57:12Z","2026-10-10T10:57:12-04:00","2026-10-10T15:00:41Z","1.0","0.02","4 km WSW of Anza, CA","33.538","-116.708166666667","United States of America","5.9","5.94",,,,,"automatic","0","0","earthquake","M 0.0 - 4 km WSW of Anza, CA","https://earthquake.usgs.gov/earthquakes/eventpage/ci41346095","https://earthquake.usgs.gov/fdsnws/event/1/query?eventid=ci41346095&format=geojson"
"uw714117952","2026-10-10T14:48:33Z","2026-10-10T10:48:33-04:00","2026-10-10T16:18:29Z","1.3","1.27","7 km ESE of Bainbridge Island, Washington","47.594","-122.437","United States of America","31.2","31.21",,,,,"reviewed","0","25","earthquake","M 1.3 - 7 km ESE of Bainbridge Island, Washington","https://earthquake.usgs.gov/earthquakes/eventpage/uw714117952","https://earthquake.usgs.gov/fdsnws/event/1/query?eventid=uw714117952&format=geojson"
"ci41346087","2026-10-10T14:41:09Z","2026-10-10T10:41:09-04:00","2026-10-10T14:44:35Z","1.1","1.1","4 km SW of Anza, CA","33.533","-116.71","United States of America","5.0","5.03",,,,,"automatic","0","19","earthquake","M 1.1 - 4 km SW of Anza, CA","https://earthquake.usgs.gov/earthquakes/eventpage/ci41346087","https://earthquake.usgs.gov/fdsnws/event/1/query?eventid=ci41346087&format=geojson"
"nc75447366","2026-10-10T14:40:03Z","2026-10-10T10:40:03-04:00","2026-10-10T14:41:40Z","1.0","0.72","7 km NW of The Geysers, CA","38.8255004882812","-122.80549621582","United States of America","2.5","2.51",,,,,"automatic","0","8","earthquake","M 0.7 - 7 km NW of The Geysers, CA","https://earthquake.usgs.gov/earthquakes/eventpage/nc75447366","https://earthquake.usgs.gov/fdsnws/event/1/query?eventid=nc75447366&format=geojson"
"nc75447361","2026-10-10T14:39:31Z","2026-10-10T10:39:31-04:00","2026-10-10T15:12:24Z","1.7","1.74","7 km NW of The Geysers, CA","38.8251647949219","-122.804496765137","United States of America","2.5","2.51",,,,,"automatic","0","47","earthquake","M 1.7 - 7 km NW of The Geysers, CA","https://earthquake.usgs.gov/earthquakes/eventpage/nc75447361","https://earthquake.usgs.gov/fdsnws/event/1/query?eventid=nc75447361&format=geojson"
"ci41346071","2026-10-10T14:08:01Z","2026-10-10T10:08:01-04:00","2026-10-10T14:11:25Z","1.4","1.41","2 km NW of Chino Hills, CA","34.0058333333333","-117.771","United States of America","2.1","2.08",,,,,"automatic","0","31","earthquake","M 1.4 - 2 km NW of Chino Hills, CA","https://earthquake.usgs.gov/earthquakes/eventpage/ci41346071","https://earthquake.usgs.gov/fdsnws/event/1/query?eventid=ci41346071&format=geojson"
"ci41346063","2026-10-10T13:48:07Z","2026-10-10T09:48:07-04:00","2026-10-10T13:50:10Z","1.3","1.34","5 km NNW of Big Bear City, CA","34.2993316650391","-116.865997314453","United States of America","4.0","3.99",,,,,"automatic","0","28","earthquake","M 1.3 - 5 km NNW of Big Bear City, CA","https://earthquake.usgs.gov/earthquakes/eventpage/ci41346063","https://earthquake.usgs.gov/fdsnws/event/1/query?eventid=ci41346063&format=geojson"
"uu80159061","2026-10-10T13:40:40Z","2026-10-10T09:40:40-04:00","2026-10-10T13:59:07Z","1.5","1.5","17 km NE of Milford, Utah","38.5213333333333","-112.894833333333","United States of America","6.0","6",,,,,"reviewed","0","35","earthquake","M 1.5 - 17 km NE of Milford, Utah","https://earthquake.usgs.gov/earthquakes/eventpage/uu80159061","https://earthquake.usgs.gov/fdsnws/event/1/query?eventid=uu80159061&format=geojson"
"nc75447346","2026-10-10T13:30:47Z","2026-10-10T09:30:47-04:00","2026-10-10T13:32:26Z","1.0","0.8","9 km WNW of The Geysers, CA","38.8208351135254","-122.842330932617","United States of America","2.0","1.99",,,,,"automatic","0","10","earthquake","M 0.8 - 9 km WNW of The Geysers, CA","https://earthquake.usgs.gov/earthquakes/eventpage/nc75447346","https://earthquake.usgs.gov/fdsnws/event/1/query?eventid=nc75447346&format=geojson"
"nc75447341","2026-10-10T13:29:26Z","2026-10-10T09:29:26-04:00","2026-10-10T13:31:01Z","1.1","1.06","6 km W of Cobb, CA","38.8293342590332","-122.797500610352","United States of America","1.8","1.78",,,,,"automatic","0","17","earthquake","M 1.1 - 6 km W of Cobb, CA","https://earthquake.usgs.gov/earthquakes/eventpage/nc75447341","https://earthquake.usgs.gov/fdsnws/event/1/query?eventid=nc75447341&format=geojson"
"nc75447336","2026-10-10T13:28:03Z","2026-10-10T09:28:03-04:00","2026-10-10T13:29:41Z","1.2","1.15","13 km ENE of Cloverdale, CA","38.8436660766602","-122.878997802734","United States of America","2.1","2.09",,,,,"automatic","0","20","earthquake","M 1.2 - 13 km ENE of Cloverdale, CA","https://earthquake.usgs.gov/earthquakes/eventpage/nc75447336","https://earthquake.usgs.gov/fdsnws/event/1/query?eventid=nc75447336&format=geojson"
"ci41346039","2026-10-10T12:18:05Z","2026-10-10T08:18:05-04:00","2026-10-10T12:28:16Z","1.2","1.17","17 km N of Borrego Springs, CA","33.4085","-116.351166666667","United States of America","13.6","13.6",,,,,"automatic","0","21","earthquake","M 1.2 - 17 km N of Borrego Springs, CA","https://earthquake.usgs.gov/earthquakes/eventpage/ci41346039","https://earthquake.usgs.gov/fdsnws/event/1/query?eventid=ci41346039&format=geojson"
"ci41346031","2026-10-10T12:04:47Z","2026-10-10T08:04:47-04:00","2026-10-10T12:08:18Z","1.0","0.22","3 km WSW of Anza, CA","33.5408333333333","-116.706166666667","United States of America","6.5","6.53",,,,,"automatic","0","1","earthquake","M 0.2 - 3 km WSW of Anza, CA","https://earthquake.usgs.gov/earthquakes/eventpage/ci41346031","https://earthquake.usgs.gov/fdsnws/event/1/query?eventid=ci41346031&format=geojson"
"nc75447321","2026-10-10T11:44:42Z","2026-10-10T07:44:42-04:00","2026-10-10T11:46:21Z","1.0","0.75","5 km NW of The Geysers, CA","38.8113327026367","-122.792831420898","United States of America","2.9","2.93",,,,,"automatic","0","9","earthquake","M 0.8 - 5 km NW of The Geysers, CA","https://earthquake.usgs.gov/earthquakes/eventpage/nc75447321","https://earthquake.usgs.gov/fdsnws/event/1/query?eventid=nc75447321&format=geojson"
"ci41346023","2026-10-10T11:19:56Z","2026-10-10T07:19:56-04:00","2026-10-10T11:23:19Z","1.0","0.34","11 km NE of Julian, CA","33.1503333333333","-116.523166666667","United States of America","6.2","6.23",,,,,"automatic","0","2","earthquake","M 0.3 - 11 km NE of Julian, CA","https://earthquake.usgs.gov/earthquakes/eventpage/ci41346023","https://earthquake.usgs.gov/fdsnws/event/1/query?eventid=ci41346023&format=geojson"
"ci41346015","2026-10-10T10:52:59Z","2026-10-10T06:52:59-04:00","2026-10-10T10:56:26Z","1.3","1.34","6 km E of Heber, CA","32.7356666666667","-115.463666666667","United States of America","13.3","13.3",,,,,"automatic","0","28","earthquake","M 1.3 - 6 km E of Heber, CA","https://earthquake.usgs.gov/earthquakes/eventpage/ci41346015","https://earthquake.usgs.gov/fdsnws/event/1/query?eventid=ci41346015&format=geojson"
"nc75447316","2026-10-10T10:35:01Z","2026-10-10T06:35:01-04:00","2026-10-10T10:36:40Z","1.1","1.09","6 km WNW of Cobb, CA","38.8370018005371","-122.783996582031","United States of America","1.8","1.78",,,,,"automatic","0","18","earthquake","M 1.1 - 6 km WNW of Cobb, CA","https://earthquake.usgs.gov/earthquakes/eventpage/nc75447316","https://earthquake.usgs.gov/fdsnws/event/1/query?eventid=nc75447316&format=geojson"
"ci41346007","2026-10-10T10:20:23Z","2026-10-10T06:20:23-04:00","2026-10-10T10:23:55Z","1.7","1.66","8 km NE of Porterville, CA","36.1223333333333","-118.969333333333","United States of America","9.6","9.59",,,,,"automatic","0","42","earthquake","M 1.7 - 8 km NE of Porterville, CA","https://earthquake.usgs.gov/earthquakes/eventpage/ci41346007","https://earthquake.usgs.gov/fdsnws/event/1/query?eventid=ci41346007&format=geojson"
"nc75447301","2026-10-10T10:01:03Z","2026-10-10T06:01:03-04:00","2026-10-10T10:02:39Z","1.0","0.74","7 km NW of The Geysers, CA","38.8253326416016","-122.802833557129","United States of America","2.6","2.59",,,,,"automatic","0","8","earthquake","M 0.7 - 7 km NW of The Geysers, CA","https://earthquake.usgs.gov/earthquakes/eventpage/nc75447301","https://earthquake.usgs.gov/fdsnws/event/1/query?eventid=nc75447301&format=geojson"
"nc75447296","2026-10-10T09:57:16Z","2026-10-10T05:57:16-04:00","2026-10-10T09:58:54Z","1.0","0.75","9 km WNW of The Geysers, CA","38.8224983215332","-122.844497680664","United States of America","2.3","2.33",,,,,"automatic","0","9","earthquake","M 0.8 - 9 km WNW of The Geysers, CA","https://earthquake.usgs.gov/earthquakes/eventpage/nc75447296","https://earthquake.usgs.gov/fdsnws/event/1/query?eventid=nc75447296&format=geojson"
"nc75447286","2026-10-10T08:58:12Z","2026-10-10T04:58:12-04:00","2026-10-10T08:59:50Z","1.0","0.53","5 km NW of The Geysers, CA","38.8113327026367","-122.791496276855","United States of America","3.2","3.22",,,,,"automatic","0","4","earthquake","M 0.5 - 5 km NW of The Geysers, CA","https://earthquake.usgs.gov/earthquakes/eventpage/nc75447286","https://earthquake.usgs.gov/fdsnws/event/1/query?eventid=nc75447286&format=geojson"
"pr71536358","2026-10-10T08:52:23Z","2026-10-10T04:52:23-04:00","2026-10-10T12:53:13Z","3.0","3.04","63 km NW of San Antonio, Puerto Rico","18.9628333333333","-67.4446666666667","Puerto Rico","18.8","18.79",,,,,"reviewed","0","142","earthquake","M 3.0 - 63 km NW of San Antonio, Puerto Rico","https://earthquake.usgs.gov/earthquakes/eventpage/pr71536358","https://earthquake.usgs.gov/fdsnws/event/1/query?eventid=pr71536358&format=geojson"
"ci41345999","2026-10-10T08:32:18Z","2026-10-10T04:32:18-04:00","2026-10-10T08:42:34Z","1.7","1.73","8 km W of Palomar Observatory, CA","33.343","-116.944166666667","United States of America","15.4","15.43",,,,,"automatic","0","46","earthquake","M 1.7 - 8 km W of Palomar Observatory, CA","https://earthquake.usgs.gov/earthquakes/eventpage/ci41345999","https://earthquake.usgs.gov/fdsnws/event/1/query?eventid=ci41345999&format=geojson"
"us6000u1dh","2026-10-10T07:47:00Z","2026-10-10T03:47:00-04:00","2026-10-10T12:37:34Z","4.2","4.2","4 km W of Aquiles Serdán 1ra. Sección, Mexico","17.8191","-92.7794","Mexico","10.0","10","2","2",,,"reviewed","0","272","earthquake","M 4.2 - 4 km W of Aquiles Serdán 1ra. Sección, Mexico","https://earthquake.usgs.gov/earthquakes/eventpage/us6000u1dh","https://earthquake.usgs.gov/fdsnws/event/1/query?eventid=us6000u1dh&format=geojson"
"nc75447261","2026-10-10T07:29:19Z","2026-10-10T03:29:19-04:00","2026-10-10T07:30:55Z","1.0","0.47","9 km NW of The Geysers, CA","38.8241653442383","-122.845832824707","United States of America","1.6","1.64",,,,,"automatic","0","3","earthquake","M 0.5 - 9 km NW of The Geysers, CA","https://earthquake.usgs.gov/earthquakes/eventpage/nc75447261","https://earthquake.usgs.gov/fdsnws/event/1/query?eventid=nc75447261&format=geojson"
"ci41345991","2026-10-10T07:22:31Z","2026-10-10T03:22:31-04:00","2026-10-10T07:25:52Z","1.0","0.19","11 km S of Anza, CA","33.454","-116.660166666667","United States of America","4.4","4.41",,,,,"automatic","0","1","earthquake","M 0.2 - 11 km S of Anza, CA","https://earthquake.usgs.gov/earthquakes/eventpage/ci41345991","https://earthquake.usgs.gov/fdsnws/event/1/query?eventid=ci41345991&format=geojson"
"ci41345983","2026-10-10T07:21:46Z","2026-10-10T03:21:46-04:00","2026-10-10T07:25:05Z","1.0","0.32","21 km ESE of Anza, CA","33.5148333333333","-116.454666666667","United States of America","6.0","6.02",,,,,"automatic","0","2","earthquake","M 0.3 - 21 km ESE of Anza, CA","https://earthquake.usgs.gov/earthquakes/eventpage/ci41345983","https://earthquake.usgs.gov/fdsnws/event/1/query?eventid=ci41345983&format=geojson"
"ci41345975","2026-10-10T07:15:10Z","2026-10-10T03:15:10-04:00","2026-10-10T07:18:33Z","1.0","1.03","11 km SE of Borrego Springs, CA","33.1778333333333","-116.3105","United States of America","11.9","11.85",,,,,"automatic","0","16","earthquake","M 1.0 - 11 km SE of Borrego Springs, CA","https://earthquake.usgs.gov/earthquakes/eventpage/ci41345975","https://earthquake.usgs.gov/fdsnws/event/1/query?eventid=ci41345975&format=geojson"
"ci41345967","2026-10-10T06:55:08Z","2026-10-10T02:55:08-04:00","2026-10-10T06:58:41Z","1.0","0.8","4 km SSW of Redlands, CA","34.0168333333333","-117.196166666667","United States of America","5.2","5.23",,,,,"automatic","0","10","earthquake","M 0.8 - 4 km SSW of Redlands, CA","https://earthquake.usgs.gov/earthquakes/eventpage/ci41345967","https://earthquake.usgs.gov/fdsnws/event/1/query?eventid=ci41345967&format=geojson"
"ci41345959","2026-10-10T06:53:19Z","2026-10-10T02:53:19-04:00","2026-10-10T06:56:40Z","1.0","0.95","20 km ESE of Julian, CA","33.0403333333333","-116.393666666667","United States of America","9.7","9.65",,,,,"automatic","0","14","earthquake","M 1.0 - 20 km ESE of Julian, CA","https://earthquake.usgs.gov/earthquakes/eventpage/ci41345959","https://earthquake.usgs.gov/fdsnws/event/1/query?eventid=ci41345959&format=geojson"
"nn00925582","2026-10-10T06:43:35Z","2026-10-10T02:43:35-04:00","2026-10-10T06:46:10Z","1.7","1.66","21 km SSE of Caliente, Nevada","37.4487","-114.3873","United States of America","16.0","15.9558",,,,,"automatic","0","42","earthquake","M 1.7 - 21 km SSE of Caliente, Nevada","https://earthquake.usgs.gov/earthquakes/eventpage/nn00925582","https://earthquake.usgs.gov/fdsnws/event/1/query?eventid=nn00925582&format=geojson"
"ci41345951","2026-10-10T06:30:19Z","2026-10-10T02:30:19-04:00","2026-10-10T06:33:48Z","1.0","0.64","10 km S of Idyllwild, CA","33.6515","-116.715833333333","United States of America","13.4","13.43",,,,,"automatic","0","6","earthquake","M 0.6 - 10 km S of Idyllwild, CA","https://earthquake.usgs.gov/earthquakes/eventpage/ci41345951","https://earthquake.usgs.gov/fdsnws/event/1/query?eventid=ci41345951&format=geojson"
"nc75447251","2026-10-10T06:21:24Z","2026-10-10T02:21:24-04:00","2026-10-10T06:52:20Z","1.1","1.11","8 km WNW of Cobb, CA","38.8363342285156","-122.807830810547","United States of America","2.4","2.35",,,,,"automatic","0","19","earthquake","M 1.1 - 8 km WNW of Cobb, CA","https://earthquake.usgs.gov/earthquakes/eventpage/nc75447251","https://earthquake.usgs.gov/fdsnws/event/1/query?eventid=nc75447251&format=geojson"
"ci41345943","2026-10-10T06:18:15Z","2026-10-10T02:18:15-04:00","2026-10-10T06:21:43Z","1.0","1.04","4 km SE of Loma Linda, CA","34.0243333333333","-117.224","United States of America","14.6","14.57",,,,,"automatic","0","17","earthquake","M 1.0 - 4 km SE of Loma Linda, CA","https://earthquake.usgs.gov/earthquakes/eventpage/ci41345943","https://earthquake.usgs.gov/fdsnws/event/1/query?eventid=ci41345943&format=geojson"
"nc75447246","2026-10-10T06:17:55Z","2026-10-10T02:17:55-04:00","2026-10-10T06:19:30Z","1.1","1.08","7 km NW of The Geysers, CA","38.8263320922852","-122.806831359863","United States of America","2.9","2.93",,,,,"automatic","0","18","earthquake","M 1.1 - 7 km NW of The Geysers, CA","https://earthquake.usgs.gov/earthquakes/eventpage/nc75447246","https://earthquake.usgs.gov/fdsnws/event/1/query?eventid=nc75447246&format=geojson"
"nc75447241","2026-10-10T06:13:23Z","2026-10-10T02:13:23-04:00","2026-10-10T06:15:00Z","1.0","0.51","7 km NW of The Geysers, CA","38.8253326416016","-122.808670043945","United States of America","2.7","2.74",,,,,"automatic","0","4","earthquake","M 0.5 - 7 km NW of The Geysers, CA","https://earthquake.usgs.gov/earthquakes/eventpage/nc75447241","https://earthquake.usgs.gov/fdsnws/event/1/query?eventid=nc75447241&format=geojson"
"ci41345935","2026-10-10T06:02:18Z","2026-10-10T02:02:18-04:00","2026-10-10T06:05:37Z","1.0","0.65","13 km WSW of Ocotillo Wells, CA","33.0983333333333","-116.265666666667","United States of America","12.0","11.96",,,,,"automatic","0","6","earthquake","M 0.7 - 13 km WSW of Ocotillo Wells, CA","https://earthquake.usgs.gov/earthquakes/eventpage/ci41345935","https://earthquake.usgs.gov/fdsnws/event/1/query?eventid=ci41345935&format=geojson"
"ci41345927","2026-10-10T05:59:12Z","2026-10-10T01:59:12-04:00","2026-10-10T06:10:00Z","1.9","1.88","5 km ESE of Yucaipa, CA","34.0196666666667","-116.986833333333","United States of America","18.0","18.01",,,,,"automatic","0","54","earthquake","M 1.9 - 5 km ESE of Yucaipa, CA","https://earthquake.usgs.gov/earthquakes/eventpage/ci41345927","https://earthquake.usgs.gov/fdsnws/event/1/query?eventid=ci41345927&format=geojson"
"ci41345919","2026-10-10T05:47:54Z","2026-10-10T01:47:54-04:00","2026-10-10T05:51:24Z","1.5","1.45","10 km ENE of Carpinteria, CA","34.4213333333333","-119.407833333333","United States of America","1.9","1.93",,,,,"automatic","0","32","earthquake","M 1.5 - 10 km ENE of Carpinteria, CA","https://earthquake.usgs.gov/earthquakes/eventpage/ci41345919","https://earthquake.usgs.gov/fdsnws/event/1/query?eventid=ci41345919&format=geojson"
"ci41345911","2026-10-10T05:44:45Z","2026-10-10T01:44:45-04:00","2026-10-10T05:48:15Z","1.0","0.97","8 km NE of Cabazon, CA","33.9788333333333","-116.736666666667","United States of America","29.7","29.7",,,,,"automatic","0","14","earthquake","M 1.0 - 8 km NE of Cabazon, CA","https://earthquake.usgs.gov/earthquakes/eventpage/ci41345911","https://earthquake.usgs.gov/fdsnws/event/1/query?eventid=ci41345911&format=geojson"
"nc75447231","2026-10-10T05:24:35Z","2026-10-10T01:24:35-04:00","2026-10-10T05:26:10Z","1.0","0.99","8 km NW of The Geysers, CA","38.8301658630371","-122.816833496094","United States of America","1.6","1.56",,,,,"automatic","0","15","earthquake","M 1.0 - 8 km NW of The Geysers, CA","https://earthquake.usgs.gov/earthquakes/eventpage/nc75447231","https://earthquake.usgs.gov/fdsnws/event/1/query?eventid=nc75447231&format=geojson"
"ci41345895","2026-10-10T04:19:01Z","2026-10-10T00:19:01-04:00","2026-10-10T04:22:32Z","1.0","0.84","4 km WSW of Anza, CA","33.5368333333333","-116.707666666667","United States of America","5.3","5.33",,,,,"automatic","0","11","earthquake","M 0.8 - 4 km WSW of Anza, CA","https://earthquake.usgs.gov/earthquakes/eventpage/ci41345895","https://earthquake.usgs.gov/fdsnws/event/1/query?eventid=ci41345895&format=geojson"
"nn00925570","2026-10-10T03:57:54Z","2026-10-09T23:57:54-04:00","2026-10-10T04:01:48Z","1.6","1.56","50 km S of Caliente, Nevada","37.1662","-114.6051","United States of America","8.7","8.7291",,,,,"automatic","0","37","earthquake","M 1.6 - 50 km S of Caliente, Nevada","https://earthquake.usgs.gov/earthquakes/eventpage/nn00925570","https://earthquake.usgs.gov/fdsnws/event/1/query?eventid=nn00925570&format=geojson"
"nn00925568","2026-10-10T03:43:47Z","2026-10-09T23:43:47-04:00","2026-10-10T03:48:08Z","2.0","2.04","27 km SSW of Alamo, Nevada","37.1276","-115.2654","United States of America","0.9","0.8975",,,,,"automatic","0","64","earthquake","M 2.0 - 27 km SSW of Alamo, Nevada","https://earthquake.usgs.gov/earthquakes/eventpage/nn00925568","https://earthquake.usgs.gov/fdsnws/event/1/query?eventid=nn00925568&format=geojson"
"nn00925565","2026-10-10T03:36:49Z","2026-10-09T23:36:49-04:00","2026-10-10T03:40:09Z","2.0","2","29 km SSW of Alamo, Nevada","37.115","-115.2891","United States of America","2.2","2.1512",,,,,"automatic","0","62","earthquake","M 2.0 - 29 km SSW of Alamo, Nevada","https://earthquake.usgs.gov/earthquakes/eventpage/nn00925565","https://earthquake.usgs.gov/fdsnws/event/1/query?eventid=nn00925565&format=geojson"
"nc75447216","2026-10-10T03:17:54Z","2026-10-09T23:17:54-04:00","2026-10-10T03:19:29Z","1.0","0.76","10 km WNW of The Geysers, CA","38.8223342895508","-122.850166320801","United States of America","2.1","2.09",,,,,"automatic","0","9","earthquake","M 0.8 - 10 km WNW of The Geysers, CA","https://earthquake.usgs.gov/earthquakes/eventpage/nc75447216","https://earthquake.usgs.gov/fdsnws/event/1/query?eventid=nc75447216&format=geojson"
"pr71536333","2026-10-10T03:01:48Z","2026-10-09T23:01:48-04:00","2026-10-10T04:10:24Z","2.8","2.79","2 km S of Las Marías, Puerto Rico","18.2261666666667","-66.9921666666667","Puerto Rico","18.1","18.11",,,,,"reviewed","0","120","earthquake","M 2.8 - 2 km S of Las Marías, Puerto Rico","https://earthquake.usgs.gov/earthquakes/eventpage/pr71536333","https://earthquake.usgs.gov/fdsnws/event/1/query?eventid=pr71536333&format=geojson"
"ci41345887","2026-10-10T02:54:19Z","2026-10-09T22:54:19-04:00","2026-10-10T02:57:51Z","1.3","1.25","24 km S of Trona, CA","35.5468333333333","-117.400666666667","United States of America","4.8","4.78",,,,,"automatic","0","24","earthquake","M 1.3 - 24 km S of Trona, CA","https://earthquake.usgs.gov/earthquakes/eventpage/ci41345887","https://earthquake.usgs.gov/fdsnws/event/1/query?eventid=ci41345887&format=geojson"
"nc75447201","2026-10-10T02:48:36Z","2026-10-09T22:48:36-04:00","2026-10-10T15:00:04Z","3.4","3.42","14 km N of Brooktrails, CA","39.5688323974609","-123.355499267578","United States of America","8.5","8.53","13","2.8",,,"automatic","0","184","earthquake","M 3.4 - 14 km N of Brooktrails, CA","https://earthquake.usgs.gov/earthquakes/eventpage/nc75447201","https://earthquake.usgs.gov/fdsnws/event/1/query?eventid=nc75447201&format=geojson"
"ci41345863","2026-10-10T02:25:32Z","2026-10-09T22:25:32-04:00","2026-10-10T02:28:56Z","1.0","0.95","16 km WSW of Johannesburg, CA","35.3095","-117.796833333333","United States of America","5.8","5.76",,,,,"automatic","0","14","earthquake","M 1.0 - 16 km WSW of Johannesburg, CA","https://earthquake.usgs.gov/earthquakes/eventpage/ci41345863","https://earthquake.usgs.gov/fdsnws/event/1/query?eventid=ci41345863&format=geojson"
"nc75447181","2026-10-10T01:46:06Z","2026-10-09T21:46:06-04:00","2026-10-10T02:07:20Z","2.4","2.43","10 km N of Greenhorn, CA","39.9933319091797","-120.758834838867","United States of America","-0.9","-0.86","1","0",,,"automatic","0","91","earthquake","M 2.4 - 10 km N of Greenhorn, CA","https://earthquake.usgs.gov/earthquakes/eventpage/nc75447181","https://earthquake.usgs.gov/fdsnws/event/1/query?eventid=nc75447181&format=geojson"
"nc75447176","2026-10-10T01:40:41Z","2026-10-09T21:40:41-04:00","2026-10-10T01:42:19Z","1.0","0.4","10 km NW of The Geysers, CA","38.8289985656738","-122.852668762207","United States of America","2.1","2.07",,,,,"automatic","0","2","earthquake","M 0.4 - 10 km NW of The Geysers, CA","https://earthquake.usgs.gov/earthquakes/eventpage/nc75447176","https://earthquake.usgs.gov/fdsnws/event/1/query?eventid=nc75447176&format=geojson"
"ci41345855","2026-10-10T01:38:32Z","2026-10-09T21:38:32-04:00","2026-10-10T01:41:56Z","1.0","0.76","16 km SSW of Oasis, CA","33.3406666666667","-116.188","United States of America","8.5","8.54",,,,,"automatic","0","9","earthquake","M 0.8 - 16 km SSW of Oasis, CA","https://earthquake.usgs.gov/earthquakes/eventpage/ci41345855","https://earthquake.usgs.gov/fdsnws/event/1/query?eventid=ci41345855&format=geojson"
"nc75447161","2026-10-10T01:09:23Z","2026-10-09T21:09:23-04:00","2026-10-10T01:11:00Z","1.0","0.76","7 km NW of The Geysers, CA","38.8271675109863","-122.806663513184","United States of America","0.3","0.28",,,,,"automatic","0","9","earthquake","M 0.8 - 7 km NW of The Geysers, CA","https://earthquake.usgs.gov/earthquakes/eventpage/nc75447161","https://earthquake.usgs.gov/fdsnws/event/1/query?eventid=nc75447161&format=geojson"
"ci41345847","2026-10-10T00:51:22Z","2026-10-09T20:51:22-04:00","2026-10-10T00:54:41Z","1.0","0.94","5 km SSW of Redlands, CA","34.0081666666667","-117.199","United States of America","11.0","10.98",,,,,"automatic","0","14","earthquake","M 0.9 - 5 km SSW of Redlands, CA","https://earthquake.usgs.gov/earthquakes/eventpage/ci41345847","https://earthquake.usgs.gov/fdsnws/event/1/query?eventid=ci41345847&format=geojson"
"ci41345839","2026-10-10T00:36:42Z","2026-10-09T20:36:42-04:00","2026-10-10T17:09:15Z","2.5","2.45","9 km WNW of Anza, CA","33.5736666666667","-116.7695","United States of America","12.2","12.19",,,,,"automatic","0","92","earthquake","M 2.5 - 9 km WNW of Anza, CA","https://earthquake.usgs.gov/earthquakes/eventpage/ci41345839","https://earthquake.usgs.gov/fdsnws/event/1/query?eventid=ci41345839&format=geojson"
"ci41345831","2026-10-10T00:32:02Z","2026-10-09T20:32:02-04:00","2026-10-10T00:42:51Z","1.8","1.78","11 km S of Idyllwild, CA","33.6438333333333","-116.732166666667","United States of America","13.3","13.32",,,,,"automatic","0","49","earthquake","M 1.8 - 11 km S of Idyllwild, CA","https://earthquake.usgs.gov/earthquakes/eventpage/ci41345831","https://earthquake.usgs.gov/fdsnws/event/1/query?eventid=ci41345831&format=geojson"
"pr71536318","2026-10-10T00:20:55Z","2026-10-09T20:20:55-04:00","2026-10-10T00:39:05Z","1.9","1.86","2 km W of Guánica, Puerto Rico","17.9676666666667","-66.9343333333333","Puerto Rico","8.1","8.09",,,,,"reviewed","0","53","earthquake","M 1.9 - 2 km W of Guánica, Puerto Rico","https://earthquake.usgs.gov/earthquakes/eventpage/pr71536318","https://earthquake.usgs.gov/fdsnws/event/1/query?eventid=pr71536318&format=geojson"
"ci41345823","2026-10-10T00:19:23Z","2026-10-09T20:19:23-04:00","2026-10-10T00:29:45Z","1.6","1.64","14 km WNW of Morongo Valley, CA","34.0926666666667","-116.7185","United States of America","12.0","12.03",,,,,"automatic","0","41","earthquake","M 1.6 - 14 km WNW of Morongo Valley, CA","https://earthquake.usgs.gov/earthquakes/eventpage/ci41345823","https://earthquake.usgs.gov/fdsnws/event/1/query?eventid=ci41345823&format=geojson"
"ci41345815","2026-10-09T23:53:33Z","2026-10-09T19:53:33-04:00","2026-10-09T23:57:00Z","1.0","0.55","22 km SSW of La Quinta, CA","33.4838333333333","-116.408","United States of America","9.9","9.92",,,,,"automatic","0","5","earthquake","M 0.6 - 22 km SSW of La Quinta, CA","https://earthquake.usgs.gov/earthquakes/eventpage/ci41345815","https://earthquake.usgs.gov/fdsnws/event/1/query?eventid=ci41345815&format=geojson"
"nc75447131","2026-10-09T23:23:58Z","2026-10-09T19:23:58-04:00","2026-10-09T23:25:34Z","1.0","0.73","8 km WNW of Cobb, CA","38.8370018005371","-122.807830810547","United States of America","1.8","1.81",,,,,"automatic","0","8","earthquake","M 0.7 - 8 km WNW of Cobb, CA","https://earthquake.usgs.gov/earthquakes/eventpage/nc75447131","https://earthquake.usgs.gov/fdsnws/event/1/query?eventid=nc75447131&format=geojson"
"nc75447116","2026-10-09T22:50:11Z","2026-10-09T18:50:11-04:00","2026-10-09T22:51:48Z","1.0","0.76","7 km NW of The Geysers, CA","38.8250007629395","-122.813499450684","United States of America","1.8","1.79",,,,,"automatic","0","9","earthquake","M 0.8 - 7 km NW of The Geysers, CA","https://earthquake.usgs.gov/earthquakes/eventpage/nc75447116","https://earthquake.usgs.gov/fdsnws/event/1/query?eventid=nc75447116&format=geojson"
"nc75447111","2026-10-09T22:49:09Z","2026-10-09T18:49:09-04:00","2026-10-09T23:22:24Z","1.1","1.14","7 km NW of The Geysers, CA","38.8228340148926","-122.814834594727","United States of America","2.1","2.05",,,,,"automatic","0","20","earthquake","M 1.1 - 7 km NW of The Geysers, CA","https://earthquake.usgs.gov/earthquakes/eventpage/nc75447111","https://earthquake.usgs.gov/fdsnws/event/1/query?eventid=nc75447111&format=geojson"
"nc75447106","2026-10-09T22:47:19Z","2026-10-09T18:47:19-04:00","2026-10-09T22:48:54Z","1.1","1.08","2 km N of The Geysers, CA","38.7916679382324","-122.759162902832","United States of America","3.1","3.06",,,,,"automatic","0","18","earthquake","M 1.1 - 2 km N of The Geysers, CA","https://earthquake.usgs.gov/earthquakes/eventpage/nc75447106","https://earthquake.usgs.gov/fdsnws/event/1/query?eventid=nc75447106&format=geojson"
"nc75447076","2026-10-09T21:58:17Z","2026-10-09T17:58:17-04:00","2026-10-09T21:59:53Z","1.1","1.05","6 km NW of The Geysers, CA","38.8199996948242","-122.80549621582","United States of America","2.4","2.39",,,,,"automatic","0","17","earthquake","M 1.1 - 6 km NW of The Geysers, CA","https://earthquake.usgs.gov/earthquakes/eventpage/nc75447076","https://earthquake.usgs.gov/fdsnws/event/1/query?eventid=nc75447076&format=geojson"
"ci10256438","2026-10-09T21:51:27Z","2026-10-09T17:51:27-04:00","2026-10-09T22:10:28Z","1.0","0.45","12 km ESE of Anza, CA","33.5101666666667","-116.5515","United States of America","9.3","9.3",,,,,"reviewed","0","3","earthquake","M 0.5 - 12 km ESE of Anza, CA","https://earthquake.usgs.gov/earthquakes/eventpage/ci10256438","https://earthquake.usgs.gov/fdsnws/event/1/query?eventid=ci10256438&format=geojson"
"ci41345807","2026-10-09T21:51:22Z","2026-10-09T17:51:22-04:00","2026-10-09T22:05:26Z","1.5","1.47","7 km SSE of Home Gardens, CA","33.8205","-117.4835","United States of America","-0.5","-0.5",,,,,"reviewed","0","33","quarry blast","M 1.5 Quarry Blast - 7 km SSE of Home Gardens, CA","https://earthquake.usgs.gov/earthquakes/eventpage/ci41345807","https://earthquake.usgs.gov/fdsnws/event/1/query?eventid=ci41345807&format=geojson"
"ci41345799","2026-10-09T21:48:51Z","2026-10-09T17:48:51-04:00","2026-10-09T22:30:40Z","1.7","1.7","5 km SE of Ontario, CA","34.0193333333333","-117.586666666667","United States of America","5.3","5.34",,,,,"reviewed","0","44","earthquake","M 1.7 - 5 km SE of Ontario, CA","https://earthquake.usgs.gov/earthquakes/eventpage/ci41345799","https://earthquake.usgs.gov/fdsnws/event/1/query?eventid=ci41345799&format=geojson"
"nc75447041","2026-10-09T21:38:05Z","2026-10-09T17:38:05-04:00","2026-10-09T21:39:44Z","1.0","1.03","8 km WNW of Cobb, CA","38.8366661071777","-122.808670043945","United States of America","1.7","1.73",,,,,"automatic","0","16","earthquake","M 1.0 - 8 km WNW of Cobb, CA","https://earthquake.usgs.gov/earthquakes/eventpage/nc75447041","https://earthquake.usgs.gov/fdsnws/event/1/query?eventid=nc75447041&format=geojson"
"nc75447036","2026-10-09T21:25:11Z","2026-10-09T17:25:11-04:00","2026-10-09T21:26:49Z","1.0","0.69","8 km WNW of Cobb, CA","38.8408317565918","-122.812164306641","United States of America","2.9","2.92",,,,,"automatic","0","7","earthquake","M 0.7 - 8 km WNW of Cobb, CA","https://earthquake.usgs.gov/earthquakes/eventpage/nc75447036","https://earthquake.usgs.gov/fdsnws/event/1/query?eventid=nc75447036&format=geojson"
"nc75447031","2026-10-09T21:23:02Z","2026-10-09T17:23:02-04:00","2026-10-09T21:24:38Z","1.0","0.71","8 km WNW of Cobb, CA","38.837833404541","-122.80883026123","United States of America","2.1","2.05",,,,,"automatic","0","8","earthquake","M 0.7 - 8 km WNW of Cobb, CA","https://earthquake.usgs.gov/earthquakes/eventpage/nc75447031","https://earthquake.usgs.gov/fdsnws/event/1/query?eventid=nc75447031&format=geojson"
"ok2026tvao","2026-10-09T21:19:38Z","2026-10-09T17:19:38-04:00","2026-10-09T21:21:54Z","1.8","1.79","9 km SSE of Sparks, Oklahoma","35.53300476","-96.77983093","United States of America","8.9","8.8791",,,,,"automatic","0","49","earthquake","M 1.8 - 9 km SSE of Sparks, Oklahoma","https://earthquake.usgs.gov/earthquakes/eventpage/ok2026tvao","https://earthquake.usgs.gov/fdsnws/event/1/query?eventid=ok2026tvao&format=geojson"
"tx2026txktao","2026-10-09T20:57:35Z","2026-10-09T16:57:35-04:00","2026-10-09T22:57:06Z","2.4","2.4","14 km ESE of Pearsall, Texas","28.861","-98.953","United States of America","8.4","8.4221",,,,,"reviewed","0","89","earthquake","M 2.4 - 14 km ESE of Pearsall, Texas","https://earthquake.usgs.gov/earthquakes/eventpage/tx2026txktao","https://earthquake.usgs.gov/fdsnws/event/1/query?eventid=tx2026txktao&format=geojson"
"nc75447016","2026-10-09T20:36:57Z","2026-10-09T16:36:57-04:00","2026-10-09T20:38:34Z","1.0","0.95","6 km WNW of The Geysers, CA","38.8078346252441","-122.819999694824","United States of America","3.4","3.41",,,,,"automatic","0","14","earthquake","M 1.0 - 6 km WNW of The Geysers, CA","https://earthquake.usgs.gov/earthquakes/eventpage/nc75447016","https://earthquake.usgs.gov/fdsnws/event/1/query?eventid=nc75447016&format=geojson"
"nc75447001","2026-10-09T20:05:26Z","2026-10-09T16:05:26-04:00","2026-10-09T20:07:03Z","1.0","0.8","8 km W of Cobb, CA","38.8338317871094","-122.808502197266","United States of America","2.2","2.23",,,,,"automatic","0","10","earthquake","M 0.8 - 8 km W of Cobb, CA","https://earthquake.usgs.gov/earthquakes/eventpage/nc75447001","https://earthquake.usgs.gov/fdsnws/event/1/query?eventid=nc75447001&format=geojson"
"ci41345791","2026-10-09T19:38:59Z","2026-10-09T15:38:59-04:00","2026-10-09T21:12:14Z","1.8","1.8","10 km NNE of Ocotillo Wells, CA","33.2218333333333","-116.076666666667","United States of America","10.4","10.41",,,,,"reviewed","0","50","earthquake","M 1.8 - 10 km NNE of Ocotillo Wells, CA","https://earthquake.usgs.gov/earthquakes/eventpage/ci41345791","https://earthquake.usgs.gov/fdsnws/event/1/query?eventid=ci41345791&format=geojson"
"tx2026txgzbt","2026-10-09T19:04:08Z","2026-10-09T15:04:08-04:00","2026-10-09T21:00:57Z","2.2","2.2","38 km E of Balmorhea, Texas","30.933","-103.345","United States of America","9.7","9.7144",,,,,"reviewed","0","74","earthquake","M 2.2 - 38 km E of Balmorhea, Texas","https://earthquake.usgs.gov/earthquakes/eventpage/tx2026txgzbt","https://earthquake.usgs.gov/fdsnws/event/1/query?eventid=tx2026txgzbt&format=geojson"
"nc75446991","2026-10-09T18:52:21Z","2026-10-09T14:52:21-04:00","2026-10-09T19:52:25Z","1.3","1.26","5 km NW of The Geysers, CA","38.8133316040039","-122.793830871582","United States of America","2.9","2.9",,,,,"automatic","0","24","earthquake","M 1.3 - 5 km NW of The Geysers, CA","https://earthquake.usgs.gov/earthquakes/eventpage/nc75446991","https://earthquake.usgs.gov/fdsnws/event/1/query?eventid=nc75446991&format=geojson"
"nn00925541","2026-10-09T18:33:07Z","2026-10-09T14:33:07-04:00","2026-10-09T19:19:44Z","1.9","1.85","54 km S of Silver Peak, Nevada","37.276","-117.5234","United States of America","5.9","5.8968",,,,,"reviewed","0","53","earthquake","M 1.9 - 54 km S of Silver Peak, Nevada","https://earthquake.usgs.gov/earthquakes/eventpage/nn00925541","https://earthquake.usgs.gov/fdsnws/event/1/query?eventid=nn00925541&format=geojson"
"nc75446981","2026-10-09T18:24:10Z","2026-10-09T14:24:10-04:00","2026-10-09T18:25:49Z","1.0","0.78","22 km NW of Parkfield, CA","36.0273323059082","-120.617835998535","United States of America","8.3","8.31",,,,,"automatic","0","9","earthquake","M 0.8 - 22 km NW of Parkfield, CA","https://earthquake.usgs.gov/earthquakes/eventpage/nc75446981","https://earthquake.usgs.gov/fdsnws/event/1/query?eventid=nc75446981&format=geojson"
"ci10256430","2026-10-09T17:38:17Z","2026-10-09T13:38:17-04:00","2026-10-09T21:31:23Z","1.2","1.19","11 km NNE of Ocotillo Wells, CA","33.2343333333333","-116.074","United States of America","9.5","9.54",,,,,"reviewed","0","22","earthquake","M 1.2 - 11 km NNE of Ocotillo Wells, CA","https://earthquake.usgs.gov/earthquakes/eventpage/ci10256430","https://earthquake.usgs.gov/fdsnws/event/1/query?eventid=ci10256430&format=geojson"
"ci41345759","2026-10-09T17:38:06Z","2026-10-09T13:38:06-04:00","2026-10-09T21:35:17Z","1.8","1.75","10 km NNE of Ocotillo Wells, CA","33.2223333333333","-116.074333333333","United States of America","10.5","10.5",,,,,"reviewed","0","47","earthquake","M 1.8 - 10 km NNE of Ocotillo Wells, CA","https://earthquake.usgs.gov/earthquakes/eventpage/ci41345759","https://earthquake.usgs.gov/fdsnws/event/1/query?eventid=ci41345759&format=geojson"
"nn00925533","2026-10-09T17:36:49Z","2026-10-09T13:36:49-04:00","2026-10-09T17:40:38Z","1.6","1.62","49 km E of Big Pine, California","37.2417","-117.7399","United States of America","10.4","10.3657",,,,,"automatic","0","40","earthquake","M 1.6 - 49 km E of Big Pine, California","https://earthquake.usgs.gov/earthquakes/eventpage/nn00925533","https://earthquake.usgs.gov/fdsnws/event/1/query?eventid=nn00925533&format=geojson"
"ci41345751","2026-10-09T17:33:25Z","2026-10-09T13:33:25-04:00","2026-10-09T19:25:44Z","1.6","1.63","21 km N of Searles Valley, CA","35.9523333333333","-117.384","United States of America","2.5","2.5",,,,,"reviewed","0","41","earthquake","M 1.6 - 21 km N of Searles Valley, CA","https://earthquake.usgs.gov/earthquakes/eventpage/ci41345751","https://earthquake.usgs.gov/fdsnws/event/1/query?eventid=ci41345751&format=geojson"
"tx2026txdmgf","2026-10-09T17:18:36Z","2026-10-09T13:18:36-04:00","2026-10-09T21:10:48Z","1.3","1.3","17 km SSE of Ackerly, Texas","32.378","-101.65","United States of America","5.9","5.9326",,,,,"reviewed","0","26","earthquake","M 1.3 - 17 km SSE of Ackerly, Texas","https://earthquake.usgs.gov/earthquakes/eventpage/tx2026txdmgf","https://earthquake.usgs.gov/fdsnws/event/1/query?eventid=tx2026txdmgf&format=geojson"
"nc75446961","2026-10-09T17:08:50Z","2026-10-09T13:08:50-04:00","2026-10-09T17:10:28Z","1.0","0.9","8 km NW of The Geysers, CA","38.829833984375","-122.815170288086","United States of America","2.1","2.13",,,,,"automatic","0","12","earthquake","M 0.9 - 8 km NW of The Geysers, CA","https://earthquake.usgs.gov/earthquakes/eventpage/nc75446961","https://earthquake.usgs.gov/fdsnws/event/1/query?eventid=nc75446961&format=geojson"
"ci41345735","2026-10-09T17:07:36Z","2026-10-09T13:07:36-04:00","2026-10-09T17:11:04Z","1.0","0.88","8 km N of Anza, CA","33.6243333333333","-116.682833333333","United States of America","13.1","13.07",,,,,"automatic","0","12","earthquake","M 0.9 - 8 km N of Anza, CA","https://earthquake.usgs.gov/earthquakes/eventpage/ci41345735","https://earthquake.usgs.gov/fdsnws/event/1/query?eventid=ci41345735&format=geojson"
"tx2026txcwrp","2026-10-09T17:00:28Z","2026-10-09T13:00:28-04:00","2026-10-09T21:21:58Z","1.0","0.7","17 km SSE of Ackerly, Texas","32.379","-101.648","United States of America","7.2","7.2021",,,,,"reviewed","0","8","earthquake","M 0.7 - 17 km SSE of Ackerly, Texas","https://earthquake.usgs.gov/earthquakes/eventpage/tx2026txcwrp","https://earthquake.usgs.gov/fdsnws/event/1/query?eventid=tx2026txcwrp&format=geojson"
"nc75446946","2026-10-09T16:48:14Z","2026-10-09T12:48:14-04:00","2026-10-09T16:49:49Z","1.0","0.44","6 km WNW of Cobb, CA","38.8375015258789","-122.784164428711","United States of America","2.0","2.04",,,,,"automatic","0","3","earthquake","M 0.4 - 6 km WNW of Cobb, CA","https://earthquake.usgs.gov/earthquakes/eventpage/nc75446946","https://earthquake.usgs.gov/fdsnws/event/1/query?eventid=nc75446946&format=geojson"
"uw714118341","2026-10-09T16:40:13Z","2026-10-09T12:40:13-04:00","2026-10-09T17:36:27Z","1.0","0.3","38 km NNE of Amboy, Washington","46.2053333333333","-122.194166666667","United States of America","1.8","1.79",,,,,"reviewed","0","1","earthquake","M 0.3 - 38 km NNE of Amboy, Washington","https://earthquake.usgs.gov/earthquakes/eventpage/uw714118341","https://earthquake.usgs.gov/fdsnws/event/1/query?eventid=uw714118341&format=geojson"
"nn00925528","2026-10-09T16:37:47Z","2026-10-09T12:37:47-04:00","2026-10-09T18:16:19Z","2.4","2.44","19 km W of Preston, Nevada","38.8846","-115.2842","United States of America","0.0","0",,,,,"reviewed","0","92","earthquake","M 2.4 - 19 km W of Preston, Nevada","https://earthquake.usgs.gov/earthquakes/eventpage/nn00925528","https://earthquake.usgs.gov/fdsnws/event/1/query?eventid=nn00925528&format=geojson"
"ok2026turc","2026-10-09T16:32:17Z","2026-10-09T12:32:17-04:00","2026-10-09T16:49:21Z","1.9","1.94","7 km WSW of Langston, Oklahoma","35.9205","-97.33333333","United States of America","6.6","6.61",,,,,"reviewed","0","58","earthquake","M 1.9 - 7 km WSW of Langston, Oklahoma","https://earthquake.usgs.gov/earthquakes/eventpage/ok2026turc","https://earthquake.usgs.gov/fdsnws/event/1/query?eventid=ok2026turc&format=geojson"
"pr71536213","2026-10-09T15:57:03Z","2026-10-09T11:57:03-04:00","2026-10-09T16:47:30Z","3.3","3.25","56 km SE of Boca de Yuma, Dominican Republic","18.0188333333333","-68.2341666666667","Dominican Republic","59.6","59.55",,,,,"reviewed","0","162","earthquake","M 3.3 - 56 km SE of Boca de Yuma, Dominican Republic","https://earthquake.usgs.gov/earthquakes/eventpage/pr71536213","https://earthquake.usgs.gov/fdsnws/event/1/query?eventid=pr71536213&format=geojson"
"ci41345687","2026-10-09T15:44:44Z","2026-10-09T11:44:44-04:00","2026-10-09T22:55:35Z","1.3","1.26","22 km NNW of Tehachapi, CA","35.3215","-118.521666666667","United States of America","5.4","5.38",,,,,"reviewed","0","24","earthquake","M 1.3 - 22 km NNW of Tehachapi, CA","https://earthquake.usgs.gov/earthquakes/eventpage/ci41345687","https://earthquake.usgs.gov/fdsnws/event/1/query?eventid=ci41345687&format=geojson"
"tx2026twzjvo","2026-10-09T15:15:03Z","2026-10-09T11:15:03-04:00","2026-10-09T22:52:05Z","1.9","1.9","17 km SSE of Ackerly, Texas","32.379","-101.65","United States of America","6.3","6.2744",,,,,"reviewed","0","56","earthquake","M 1.9 - 17 km SSE of Ackerly, Texas","https://earthquake.usgs.gov/earthquakes/eventpage/tx2026twzjvo","https://earthquake.usgs.gov/fdsnws/event/1/query?eventid=tx2026twzjvo&format=geojson"
"uw714118311","2026-10-09T15:00:00Z","2026-10-09T11:00:00-04:00","2026-10-09T17:52:43Z","1.0","0.32","34 km NNE of Amboy, Washington","46.2041666666667","-122.305666666667","United States of America","11.7","11.68",,,,,"reviewed","0","2","earthquake","M 0.3 - 34 km NNE of Amboy, Washington","https://earthquake.usgs.gov/earthquakes/eventpage/uw714118311","https://earthquake.usgs.gov/fdsnws/event/1/query?eventid=uw714118311&format=geojson"
"nc75446936","2026-10-09T14:52:17Z","2026-10-09T10:52:17-04:00","2026-10-09T15:32:23Z","1.5","1.54","9 km NW of Redwood Valley, CA","39.3291664123535","-123.266830444336","United States of America","3.1","3.07",,,,,"automatic","0","36","earthquake","M 1.5 - 9 km NW of Redwood Valley, CA","https://earthquake.usgs.gov/earthquakes/eventpage/nc75446936","https://earthquake.usgs.gov/fdsnws/event/1/query?eventid=nc75446936&format=geojson"
"nc75446931","2026-10-09T14:39:58Z","2026-10-09T10:39:58-04:00","2026-10-09T14:41:33Z","1.3","1.27","6 km NW of The Geysers, CA","38.8121681213379","-122.814834594727","United States of America","2.4","2.38",,,,,"automatic","0","25","earthquake","M 1.3 - 6 km NW of The Geysers, CA","https://earthquake.usgs.gov/earthquakes/eventpage/nc75446931","https://earthquake.usgs.gov/fdsnws/event/1/query?eventid=nc75446931&format=geojson"
"tx2026twwzkz","2026-10-09T14:02:38Z","2026-10-09T10:02:38-04:00","2026-10-09T16:11:28Z","1.0","0.6","21 km NW of Stanton, Texas","32.281","-101.922","United States of America","8.5","8.5205",,,,,"reviewed","0","6","earthquake","M 0.6 - 21 km NW of Stanton, Texas","https://earthquake.usgs.gov/earthquakes/eventpage/tx2026twwzkz","https://earthquake.usgs.gov/fdsnws/event/1/query?eventid=tx2026twwzkz&format=geojson"
"ci41345655","2026-10-09T13:57:17Z","2026-10-09T09:57:17-04:00","2026-10-09T22:55:51Z","1.1","1.12","18 km WSW of Johannesburg, CA","35.3088333333333","-117.820833333333","United States of America","8.6","8.62",,,,,"reviewed","0","19","earthquake","M 1.1 - 18 km WSW of Johannesburg, CA","https://earthquake.usgs.gov/earthquakes/eventpage/ci41345655","https://earthquake.usgs.gov/fdsnws/event/1/query?eventid=ci41345655&format=geojson"
"ci41345647","2026-10-09T13:51:09Z","2026-10-09T09:51:09-04:00","2026-10-09T13:54:41Z","1.0","0.79","22 km ESE of Anza, CA","33.483","-116.453333333333","United States of America","9.5","9.47",,,,,"automatic","0","10","earthquake","M 0.8 - 22 km ESE of Anza, CA","https://earthquake.usgs.gov/earthquakes/eventpage/ci41345647","https://earthquake.usgs.gov/fdsnws/event/1/query?eventid=ci41345647&format=geojson"
"tx2026twvyed","2026-10-09T13:31:04Z","2026-10-09T09:31:04-04:00","2026-10-09T15:40:39Z","1.8","1.8","58 km NW of Toyah, Texas","31.639","-104.275","United States of America","4.8","4.8181",,,,,"reviewed","0","50","earthquake","M 1.8 - 58 km NW of Toyah, Texas","https://earthquake.usgs.gov/earthquakes/eventpage/tx2026twvyed","https://earthquake.usgs.gov/fdsnws/event/1/query?eventid=tx2026twvyed&format=geojson"
"ci41345631","2026-10-09T13:29:16Z","2026-10-09T09:29:16-04:00","2026-10-09T22:57:00Z","1.2","1.22","12 km WNW of Ocotillo Wells, CA","33.1755","-116.2525","United States of America","10.3","10.32",,,,,"reviewed","0","23","earthquake","M 1.2 - 12 km WNW of Ocotillo Wells, CA","https://earthquake.usgs.gov/earthquakes/eventpage/ci41345631","https://earthquake.usgs.gov/fdsnws/event/1/query?eventid=ci41345631&format=geojson"
"ok2026tukj","2026-10-09T13:09:29Z","2026-10-09T09:09:29-04:00","2026-10-09T23:17:24Z","2.0","2.03","6 km N of Alex, Oklahoma","34.9775","-97.774","United States of America","7.9","7.89","1","2",,,"reviewed","0","64","earthquake","M 2.0 - 6 km N of Alex, Oklahoma","https://earthquake.usgs.gov/earthquakes/eventpage/ok2026tukj","https://earthquake.usgs.gov/fdsnws/event/1/query?eventid=ok2026tukj&format=geojson"
"ci41345623","2026-10-09T13:07:43Z","2026-10-09T09:07:43-04:00","2026-10-09T13:11:10Z","1.0","0.94","14 km ENE of Temecula, CA","33.5276666666667","-117.003666666667","United States of America","2.8","2.76",,,,,"automatic","0","14","earthquake","M 0.9 - 14 km ENE of Temecula, CA","https://earthquake.usgs.gov/earthquakes/eventpage/ci41345623","https://earthquake.usgs.gov/fdsnws/event/1/query?eventid=ci41345623&format=geojson"
"nn00925518","2026-10-09T12:59:54Z","2026-10-09T08:59:54-04:00","2026-10-09T16:34:47Z","2.8","2.75","34 km SE of Mina, Nevada","38.176","-117.8159","United States of America","6.4","6.4168",,,,,"reviewed","0","116","earthquake","M 2.8 - 34 km SE of Mina, Nevada","https://earthquake.usgs.gov/earthquakes/eventpage/nn00925518","https://earthquake.usgs.gov/fdsnws/event/1/query?eventid=nn00925518&format=geojson"
"nc75446901","2026-10-09T12:54:34Z","2026-10-09T08:54:34-04:00","2026-10-09T12:56:08Z","1.0","1.02","1 km ENE of The Geysers, CA","38.7809982299805","-122.746002197266","United States of America","0.7","0.67",,,,,"automatic","0","16","earthquake","M 1.0 - 1 km ENE of The Geysers, CA","https://earthquake.usgs.gov/earthquakes/eventpage/nc75446901","https://earthquake.usgs.gov/fdsnws/event/1/query?eventid=nc75446901&format=geojson"
"uw714118281","2026-10-09T12:41:55Z","2026-10-09T08:41:55-04:00","2026-10-09T17:48:53Z","1.1","1.1","6 km W of Orcas, Washington","48.6063333333333","-123.0305","United States of America","13.2","13.18",,,,,"reviewed","0","19","earthquake","M 1.1 - 6 km W of Orcas, Washington","https://earthquake.usgs.gov/earthquakes/eventpage/uw714118281","https://earthquake.usgs.gov/fdsnws/event/1/query?eventid=uw714118281&format=geojson"
"nc75446896","2026-10-09T12:40:40Z","2026-10-09T08:40:40-04:00","2026-10-09T13:12:22Z","1.3","1.33","2 km N of The Geysers, CA","38.7933349609375","-122.752670288086","United States of America","0.5","0.48",,,,,"automatic","0","27","earthquake","M 1.3 - 2 km N of The Geysers, CA","https://earthquake.usgs.gov/earthquakes/eventpage/nc75446896","https://earthquake.usgs.gov/fdsnws/event/1/query?eventid=nc75446896&format=geojson"
"nc75446891","2026-10-09T12:39:05Z","2026-10-09T08:39:05-04:00","2026-10-09T12:40:44Z","1.1","1.06","2 km N of The Geysers, CA","38.7931671142578","-122.75350189209","United States of America","0.6","0.63",,,,,"automatic","0","17","earthquake","M 1.1 - 2 km N of The Geysers, CA","https://earthquake.usgs.gov/earthquakes/eventpage/nc75446891","https://earthquake.usgs.gov/fdsnws/event/1/query?eventid=nc75446891&format=geojson"
"uw714118271","2026-10-09T12:37:08Z","2026-10-09T08:37:08-04:00","2026-10-09T17:31:48Z","1.0","0.19","6 km E of Quilcene, Washington","47.8238333333333","-122.784333333333","United States of America","20.6","20.58",,,,,"reviewed","0","1","earthquake","M 0.2 - 6 km E of Quilcene, Washington","https://earthquake.usgs.gov/earthquakes/eventpage/uw714118271","https://earthquake.usgs.gov/fdsnws/event/1/query?eventid=uw714118271&format=geojson"
"ci41345607","2026-10-09T12:27:15Z","2026-10-09T08:27:15-04:00","2026-10-09T23:30:00Z","1.2","1.21","5 km WSW of Niland, CA","33.2158333333333","-115.564833333333","United States of America","3.7","3.65",,,,,"reviewed","0","23","earthquake","M 1.2 - 5 km WSW of Niland, CA","https://earthquake.usgs.gov/earthquakes/eventpage/ci41345607","https://earthquake.usgs.gov/fdsnws/event/1/query?eventid=ci41345607&format=geojson"
"ci41345599","2026-10-09T12:23:51Z","2026-10-09T08:23:51-04:00","2026-10-09T22:48:01Z","1.0","0.72","21 km N of Searles Valley, CA","35.958","-117.390166666667","United States of America","2.5","2.5",,,,,"reviewed","0","8","earthquake","M 0.7 - 21 km N of Searles Valley, CA","https://earthquake.usgs.gov/earthquakes/eventpage/ci41345599","https://earthquake.usgs.gov/fdsnws/event/1/query?eventid=ci41345599&format=geojson"
"ci41345591","2026-10-09T11:54:26Z","2026-10-09T07:54:26-04:00","2026-10-09T15:54:21Z","1.7","1.7","9 km WNW of Anza, CA","33.5741666666667","-116.766333333333","United States of America","12.1","12.12",,,,,"reviewed","0","44","earthquake","M 1.7 - 9 km WNW of Anza, CA","https://earthquake.usgs.gov/earthquakes/eventpage/ci41345591","https://earthquake.usgs.gov/fdsnws/event/1/query?eventid=ci41345591&format=geojson"
"ci41345583","2026-10-09T11:13:50Z","2026-10-09T07:13:50-04:00","2026-10-09T21:53:24Z","1.7","1.68","5 km SW of Lytle Creek, CA","34.2265","-117.540333333333","United States of America","8.0","8.02",,,,,"reviewed","0","43","earthquake","M 1.7 - 5 km SW of Lytle Creek, CA","https://earthquake.usgs.gov/earthquakes/eventpage/ci41345583","https://earthquake.usgs.gov/fdsnws/event/1/query?eventid=ci41345583&format=geojson"
"tx2026twqxsw","2026-10-09T10:59:53Z","2026-10-09T06:59:53-04:00","2026-10-09T14:28:18Z","2.0","2","41 km W of Mentone, Texas","31.707","-104.038","United States of America","6.2","6.1896",,,,,"reviewed","0","62","earthquake","M 2.0 - 41 km W of Mentone, Texas","https://earthquake.usgs.gov/earthquakes/eventpage/tx2026twqxsw","https://earthquake.usgs.gov/fdsnws/event/1/query?eventid=tx2026twqxsw&format=geojson"
"tx2026twqhmx","2026-10-09T10:41:05Z","2026-10-09T06:41:05-04:00","2026-10-09T15:48:26Z","1.0","0.9","24 km SW of Garden City, Texas","31.682","-101.635","United States of America","6.4","6.3721",,,,,"reviewed","0","12","earthquake","M 0.9 - 24 km SW of Garden City, Texas","https://earthquake.usgs.gov/earthquakes/eventpage/tx2026twqhmx","https://earthquake.usgs.gov/fdsnws/event/1/query?eventid=tx2026twqhmx&format=geojson"
"ok2026tufi","2026-10-09T10:36:01Z","2026-10-09T06:36:01-04:00","2026-10-09T12:10:08Z","1.4","1.41","7 km ESE of Chickasha, Oklahoma","35.01583333","-97.86766667","United States of America","7.3","7.3",,,,,"reviewed","0","31","earthquake","M 1.4 - 7 km ESE of Chickasha, Oklahoma","https://earthquake.usgs.gov/earthquakes/eventpage/ok2026tufi","https://earthquake.usgs.gov/fdsnws/event/1/query?eventid=ok2026tufi&format=geojson"
"ci41345575","2026-10-09T10:35:37Z","2026-10-09T06:35:37-04:00","2026-10-09T23:57:32Z","1.0","0.3","15 km N of Warner Springs, CA","33.4183333333333","-116.613333333333","United States of America","7.6","7.62",,,,,"reviewed","0","1","earthquake","M 0.3 - 15 km N of Warner Springs, CA","https://earthquake.usgs.gov/earthquakes/eventpage/ci41345575","https://earthquake.usgs.gov/fdsnws/event/1/query?eventid=ci41345575&format=geojson"
"ok2026tufh","2026-10-09T10:34:18Z","2026-10-09T06:34:18-04:00","2026-10-09T12:29:09Z","1.0","0.92","6 km N of Alex, Oklahoma","34.97533333","-97.772","United States of America","6.4","6.4",,,,,"reviewed","0","13","earthquake","M 0.9 - 6 km N of Alex, Oklahoma","https://earthquake.usgs.gov/earthquakes/eventpage/ok2026tufh","https://earthquake.usgs.gov/fdsnws/event/1/query?eventid=ok2026tufh&format=geojson"
"pr71536203","2026-10-09T10:28:10Z","2026-10-09T06:28:10-04:00","2026-10-09T12:11:24Z","3.2","3.18","82 km NE of Cruz Bay, U.S. Virgin Islands","18.9471666666667","-64.3568333333333","U.S. Virgin Islands","21.1","21.05",,,,,"reviewed","0","156","earthquake","M 3.2 - 82 km NE of Cruz Bay, U.S. Virgin Islands","https://earthquake.usgs.gov/earthquakes/eventpage/pr71536203","https://earthquake.usgs.gov/fdsnws/event/1/query?eventid=pr71536203&format=geojson"
"ci41345567","2026-10-09T10:21:48Z","2026-10-09T06:21:48-04:00","2026-10-09T10:25:19Z","1.0","0.8","3 km W of Fontana, CA","34.0993333333333","-117.488333333333","United States of America","6.5","6.47",,,,,"automatic","0","10","earthquake","M 0.8 - 3 km W of Fontana, CA","https://earthquake.usgs.gov/earthquakes/eventpage/ci41345567","https://earthquake.usgs.gov/fdsnws/event/1/query?eventid=ci41345567&format=geojson"
"tx2026twpjsa","2026-10-09T10:13:18Z","2026-10-09T06:13:18-04:00","2026-10-09T15:53:04Z","1.0","0.6","10 km SSE of Ackerly, Texas","32.445","-101.658","United States of America","3.2","3.2471",,,,,"reviewed","0","6","earthquake","M 0.6 - 10 km SSE of Ackerly, Texas","https://earthquake.usgs.gov/earthquakes/eventpage/tx2026twpjsa","https://earthquake.usgs.gov/fdsnws/event/1/query?eventid=tx2026twpjsa&format=geojson"
"ci41345559","2026-10-09T10:00:47Z","2026-10-09T06:00:47-04:00","2026-10-09T10:11:53Z","1.4","1.43","25 km SW of Maricopa, CA","34.9141666666667","-119.6085","United States of America","9.2","9.15",,,,,"automatic","0","31","earthquake","M 1.4 - 25 km SW of Maricopa, CA","https://earthquake.usgs.gov/earthquakes/eventpage/ci41345559","https://earthquake.usgs.gov/fdsnws/event/1/query?eventid=ci41345559&format=geojson"
"nc75446871","2026-10-09T09:58:30Z","2026-10-09T05:58:30-04:00","2026-10-09T15:46:54Z","2.3","2.31","4 km SSW of Lexington Hills, CA","37.1338348388672","-121.98999786377","United States of America","12.9","12.93","3","2.2",,,"automatic","0","83","earthquake","M 2.3 - 4 km SSW of Lexington Hills, CA","https://earthquake.usgs.gov/earthquakes/eventpage/nc75446871","https://earthquake.usgs.gov/fdsnws/event/1/query?eventid=nc75446871&format=geojson"
"ci41345551","2026-10-09T09:58:10Z","2026-10-09T05:58:10-04:00","2026-10-09T22:43:14Z","1.0","0.43","11 km E of Ridgecrest, CA","35.6388333333333","-117.559666666667","United States of America","6.0","5.97",,,,,"reviewed","0","3","earthquake","M 0.4 - 11 km E of Ridgecrest, CA","https://earthquake.usgs.gov/earthquakes/eventpage/ci41345551","https://earthquake.usgs.gov/fdsnws/event/1/query?eventid=ci41345551&format=geojson"
"pr71536193","2026-10-09T09:37:36Z","2026-10-09T05:37:36-04:00","2026-10-09T10:01:46Z","2.3","2.32","4 km SW of Guánica, Puerto Rico","17.948","-66.9366666666667","Puerto Rico","7.2","7.19",,,,,"reviewed","0","83","earthquake","M 2.3 - 4 km SW of Guánica, Puerto Rico","https://earthquake.usgs.gov/earthquakes/eventpage/pr71536193","https://earthquake.usgs.gov/fdsnws/event/1/query?eventid=pr71536193&format=geojson"
"nc75446866","2026-10-09T09:32:38Z","2026-10-09T05:32:38-04:00","2026-10-09T09:34:13Z","1.0","0.76","4 km W of Cobb, CA","38.8235015869141","-122.764831542969","United States of America","2.0","2.03",,,,,"automatic","0","9","earthquake","M 0.8 - 4 km W of Cobb, CA","https://earthquake.usgs.gov/earthquakes/eventpage/nc75446866","https://earthquake.usgs.gov/fdsnws/event/1/query?eventid=nc75446866&format=geojson"
"uu80008168","2026-10-09T09:31:36Z","2026-10-09T05:31:36-04:00","2026-10-09T15:53:08Z","1.0","0.32","6 km SSE of Ephraim, Utah","39.3028333333333","-111.567166666667","United States of America","4.5","4.47",,,,,"reviewed","0","2","earthquake","M 0.3 - 6 km SSE of Ephraim, Utah","https://earthquake.usgs.gov/earthquakes/eventpage/uu80008168","https://earthquake.usgs.gov/fdsnws/event/1/query?eventid=uu80008168&format=geojson"
"uu80158876","2026-10-09T09:29:58Z","2026-10-09T05:29:58-04:00","2026-10-09T15:48:40Z","1.2","1.22","6 km ENE of Manti, Utah","39.2928333333333","-111.573","United States of America","9.2","9.22",,,,,"reviewed","0","23","earthquake","M 1.2 - 6 km ENE of Manti, Utah","https://earthquake.usgs.gov/earthquakes/eventpage/uu80158876","https://earthquake.usgs.gov/fdsnws/event/1/query?eventid=uu80158876&format=geojson"
"pr71536183","2026-10-09T09:25:47Z","2026-10-09T05:25:47-04:00","2026-10-09T09:37:55Z","2.3","2.31","7 km E of Pole Ojea, Puerto Rico","17.9706666666667","-67.118","Puerto Rico","13.8","13.75",,,,,"reviewed","0","82","earthquake","M 2.3 - 7 km E of Pole Ojea, Puerto Rico","https://earthquake.usgs.gov/earthquakes/eventpage/pr71536183","https://earthquake.usgs.gov/fdsnws/event/1/query?eventid=pr71536183&format=geojson"
"nc75446861","2026-10-09T09:16:58Z","2026-10-09T05:16:58-04:00","2026-10-09T09:18:34Z","1.0","0.44","8 km W of Cobb, CA","38.8354988098145","-122.818832397461","United States of America","1.7","1.73",,,,,"automatic","0","3","earthquake","M 0.4 - 8 km W of Cobb, CA","https://earthquake.usgs.gov/earthquakes/eventpage/nc75446861","https://earthquake.usgs.gov/fdsnws/event/1/query?eventid=nc75446861&format=geojson"
"uw714005293","2026-10-09T09:07:53Z","2026-10-09T05:07:53-04:00","2026-10-09T17:43:58Z","-0.1","-0.13","34 km NNE of Amboy, Washington","46.2005","-122.300666666667","United States of America","12.0","11.99",,,,,"reviewed","0","0","earthquake","M -0.1 - 34 km NNE of Amboy, Washington","https://earthquake.usgs.gov/earthquakes/eventpage/uw714005293","https://earthquake.usgs.gov/fdsnws/event/1/query?eventid=uw714005293&format=geojson"
"uw714118251","2026-10-09T09:07:20Z","2026-10-09T05:07:20-04:00","2026-10-09T17:40:54Z","1.0","0.33","34 km NNE of Amboy, Washington","46.2045","-122.309","United States of America","12.1","12.13",,,,,"reviewed","0","2","earthquake","M 0.3 - 34 km NNE of Amboy, Washington","https://earthquake.usgs.gov/earthquakes/eventpage/uw714118251","https://earthquake.usgs.gov/fdsnws/event/1/query?eventid=uw714118251&format=geojson"
"ci41345543","2026-10-09T09:03:06Z","2026-10-09T05:03:06-04:00","2026-10-09T21:02:41Z","2.3","2.25","31 km SW of Dana Point, CA","33.2711666666667","-117.935166666667","United States of America","10.0","9.95",,,,,"reviewed","0","78","earthquake","M 2.3 - 31 km SW of Dana Point, CA","https://earthquake.usgs.gov/earthquakes/eventpage/ci41345543","https://earthquake.usgs.gov/fdsnws/event/1/query?eventid=ci41345543&format=geojson"
"nn00925512","2026-10-09T08:57:47Z","2026-10-09T04:57:47-04:00","2026-10-09T17:06:44Z","2.3","2.31","12 km NE of Walker Lake, Nevada","38.7256","-118.6577","United States of America","9.8","9.8095",,,,,"reviewed","0","82","earthquake","M 2.3 - 12 km NE of Walker Lake, Nevada","https://earthquake.usgs.gov/earthquakes/eventpage/nn00925512","https://earthquake.usgs.gov/fdsnws/event/1/query?eventid=nn00925512&format=geojson"
"uu80158871","2026-10-09T08:55:51Z","2026-10-09T04:55:51-04:00","2026-10-09T15:45:21Z","1.1","1.13","45 km ESE of West Yellowstone, Montana","44.5015","-110.581666666667","United States of America","4.8","4.8",,,,,"reviewed","0","20","earthquake","M 1.1 - 45 km ESE of West Yellowstone, Montana","https://earthquake.usgs.gov/earthquakes/eventpage/uu80158871","https://earthquake.usgs.gov/fdsnws/event/1/query?eventid=uu80158871&format=geojson"
"nc75446851","2026-10-09T08:44:42Z","2026-10-09T04:44:42-04:00","2026-10-09T08:46:19Z","1.6","1.62","23 km ENE of San Lucas, CA","36.2379989624023","-120.805000305176","United States of America","5.3","5.31",,,,,"automatic","0","40","earthquake","M 1.6 - 23 km ENE of San Lucas, CA","https://earthquake.usgs.gov/earthquakes/eventpage/nc75446851","https://earthquake.usgs.gov/fdsnws/event/1/query?eventid=nc75446851&format=geojson"
"ci41345535","2026-10-09T08:36:00Z","2026-10-09T04:36:00-04:00","2026-10-09T22:58:05Z","1.2","1.16","8 km N of Anza, CA","33.6245","-116.689666666667","United States of America","13.8","13.77",,,,,"reviewed","0","21","earthquake","M 1.2 - 8 km N of Anza, CA","https://earthquake.usgs.gov/earthquakes/eventpage/ci41345535","https://earthquake.usgs.gov/fdsnws/event/1/query?eventid=ci41345535&format=geojson"
"ci41345527","2026-10-09T08:35:50Z","2026-10-09T04:35:50-04:00","2026-10-09T22:57:54Z","1.0","0.62","8 km N of Anza, CA","33.6286666666667","-116.683","United States of America","13.4","13.35",,,,,"reviewed","0","6","earthquake","M 0.6 - 8 km N of Anza, CA","https://earthquake.usgs.gov/earthquakes/eventpage/ci41345527","https://earthquake.usgs.gov/fdsnws/event/1/query?eventid=ci41345527&format=geojson"
"ci41345519","2026-10-09T08:35:01Z","2026-10-09T04:35:01-04:00","2026-10-09T22:58:09Z","1.0","0.69","8 km N of Anza, CA","33.6258333333333","-116.688666666667","United States of America","13.8","13.75",,,,,"reviewed","0","7","earthquake","M 0.7 - 8 km N of Anza, CA","https://earthquake.usgs.gov/earthquakes/eventpage/ci41345519","https://earthquake.usgs.gov/fdsnws/event/1/query?eventid=ci41345519&format=geojson"
"ci41345511","2026-10-09T08:33:41Z","2026-10-09T04:33:41-04:00","2026-10-09T20:04:37Z","1.4","1.43","8 km NNW of Anza, CA","33.6225","-116.692833333333","United States of America","13.9","13.86",,,,,"reviewed","0","31","earthquake","M 1.4 - 8 km NNW of Anza, CA","https://earthquake.usgs.gov/earthquakes/eventpage/ci41345511","https://earthquake.usgs.gov/fdsnws/event/1/query?eventid=ci41345511&format=geojson"
"ci41345503","2026-10-09T08:33:37Z","2026-10-09T04:33:37-04:00","2026-10-09T19:51:39Z","1.6","1.57","8 km NNW of Anza, CA","33.624","-116.693166666667","United States of America","13.7","13.71",,,,,"reviewed","0","38","earthquake","M 1.6 - 8 km NNW of Anza, CA","https://earthquake.usgs.gov/earthquakes/eventpage/ci41345503","https://earthquake.usgs.gov/fdsnws/event/1/query?eventid=ci41345503&format=geojson"
"ci41345495","2026-10-09T08:29:57Z","2026-10-09T04:29:57-04:00","2026-10-09T19:03:14Z","1.0","0.18","8 km N of Anza, CA","33.6256666666667","-116.6845","United States of America","13.2","13.2",,,,,"reviewed","0","0","earthquake","M 0.2 - 8 km N of Anza, CA","https://earthquake.usgs.gov/earthquakes/eventpage/ci41345495","https://earthquake.usgs.gov/fdsnws/event/1/query?eventid=ci41345495&format=geojson"
"ci41345487","2026-10-09T08:28:05Z","2026-10-09T04:28:05-04:00","2026-10-09T08:31:39Z","1.0","0.65","8 km N of Anza, CA","33.6256666666667","-116.688166666667","United States of America","14.1","14.07",,,,,"automatic","0","6","earthquake","M 0.7 - 8 km N of Anza, CA","https://earthquake.usgs.gov/earthquakes/eventpage/ci41345487","https://earthquake.usgs.gov/fdsnws/event/1/query?eventid=ci41345487&format=geojson"
"uu80158866","2026-10-09T08:27:27Z","2026-10-09T04:27:27-04:00","2026-10-09T15:31:16Z","1.0","0.71","44 km ESE of West Yellowstone, Montana","44.5053333333333","-110.585","United States of America","2.0","2",,,,,"reviewed","0","8","earthquake","M 0.7 - 44 km ESE of West Yellowstone, Montana","https://earthquake.usgs.gov/earthquakes/eventpage/uu80158866","https://earthquake.usgs.gov/fdsnws/event/1/query?eventid=uu80158866&format=geojson"
"ci41345479","2026-10-09T08:27:03Z","2026-10-09T04:27:03-04:00","2026-10-09T20:58:18Z","2.1","2.09","8 km NNW of Anza, CA","33.6208333333333","-116.696333333333","United States of America","14.3","14.27","2","0",,,"reviewed","0","67","earthquake","M 2.1 - 8 km NNW of Anza, CA","https://earthquake.usgs.gov/earthquakes/eventpage/ci41345479","https://earthquake.usgs.gov/fdsnws/event/1/query?eventid=ci41345479&format=geojson"
"ci41345471","2026-10-09T08:26:58Z","2026-10-09T04:26:58-04:00","2026-10-09T18:57:58Z","1.0","0.48","9 km N of Anza, CA","33.6311666666667","-116.6835","United States of America","14.0","13.95",,,,,"reviewed","0","4","earthquake","M 0.5 - 9 km N of Anza, CA","https://earthquake.usgs.gov/earthquakes/eventpage/ci41345471","https://earthquake.usgs.gov/fdsnws/event/1/query?eventid=ci41345471&format=geojson"
"ci41345463","2026-10-09T08:23:34Z","2026-10-09T04:23:34-04:00","2026-10-09T18:36:11Z","1.9","1.86","11 km E of Carpinteria, CA","34.3961666666667","-119.400833333333","United States of America","6.9","6.91","1","0",,,"reviewed","0","53","earthquake","M 1.9 - 11 km E of Carpinteria, CA","https://earthquake.usgs.gov/earthquakes/eventpage/ci41345463","https://earthquake.usgs.gov/fdsnws/event/1/query?eventid=ci41345463&format=geojson"
"ci41345455","2026-10-09T08:22:57Z","2026-10-09T04:22:57-04:00","2026-10-10T00:05:07Z","1.0","0.72","5 km SE of Ontario, CA","34.0218333333333","-117.584333333333","United States of America","5.0","5.02",,,,,"reviewed","0","8","earthquake","M 0.7 - 5 km SE of Ontario, CA","https://earthquake.usgs.gov/earthquakes/eventpage/ci41345455","https://earthquake.usgs.gov/fdsnws/event/1/query?eventid=ci41345455&format=geojson"
"ci41345447","2026-10-09T08:19:41Z","2026-10-09T04:19:41-04:00","2026-10-09T08:23:14Z","1.0","0.53","8 km N of Anza, CA","33.6251666666667","-116.683","United States of America","12.6","12.64",,,,,"automatic","0","4","earthquake","M 0.5 - 8 km N of Anza, CA","https://earthquake.usgs.gov/earthquakes/eventpage/ci41345447","https://earthquake.usgs.gov/fdsnws/event/1/query?eventid=ci41345447&format=geojson"
"ci10256390","2026-10-09T08:19:04Z","2026-10-09T04:19:04-04:00","2026-10-09T18:03:24Z","1.4","1.39","8 km NNW of Anza, CA","33.6236666666667","-116.694166666667","United States of America","14.0","14.04",,,,,"reviewed","0","30","earthquake","M 1.4 - 8 km NNW of Anza, CA","https://earthquake.usgs.gov/earthquakes/eventpage/ci10256390","https://earthquake.usgs.gov/fdsnws/event/1/query?eventid=ci10256390&format=geojson"
"ci41345439","2026-10-09T08:19:00Z","2026-10-09T04:19:00-04:00","2026-10-09T18:04:01Z","1.5","1.45","8 km NNW of Anza, CA","33.6241666666667","-116.696","United States of America","14.0","14.04",,,,,"reviewed","0","32","earthquake","M 1.5 - 8 km NNW of Anza, CA","https://earthquake.usgs.gov/earthquakes/eventpage/ci41345439","https://earthquake.usgs.gov/fdsnws/event/1/query?eventid=ci41345439&format=geojson"
"nc75446841","2026-10-09T08:16:43Z","2026-10-09T04:16:43-04:00","2026-10-09T08:18:17Z","1.1","1.09","4 km SW of Anderson Springs, CA","38.7516670227051","-122.721664428711","United States of America","1.9","1.88",,,,,"automatic","0","18","earthquake","M 1.1 - 4 km SW of Anderson Springs, CA","https://earthquake.usgs.gov/earthquakes/eventpage/nc75446841","https://earthquake.usgs.gov/fdsnws/event/1/query?eventid=nc75446841&format=geojson"
"ci41345431","2026-10-09T08:12:26Z","2026-10-09T04:12:26-04:00","2026-10-09T23:43:37Z","1.2","1.2","23 km N of Searles Valley, CA","35.9693333333333","-117.382333333333","United States of America","2.3","2.33",,,,,"reviewed","0","22","earthquake","M 1.2 - 23 km N of Searles Valley, CA","https://earthquake.usgs.gov/earthquakes/eventpage/ci41345431","https://earthquake.usgs.gov/fdsnws/event/1/query?eventid=ci41345431&format=geojson"
"nc75446836","2026-10-09T08:09:04Z","2026-10-09T04:09:04-04:00","2026-10-09T08:10:37Z","1.0","0.74","10 km WNW of The Geysers, CA","38.8208351135254","-122.852996826172","United States of America","2.5","2.47",,,,,"automatic","0","8","earthquake","M 0.7 - 10 km WNW of The Geysers, CA","https://earthquake.usgs.gov/earthquakes/eventpage/nc75446836","https://earthquake.usgs.gov/fdsnws/event/1/query?eventid=nc75446836&format=geojson"
"nc75446831","2026-10-09T08:03:30Z","2026-10-09T04:03:30-04:00","2026-10-09T08:05:07Z","1.0","0.87","3 km SW of Anderson Springs, CA","38.7565002441406","-122.720664978027","United States of America","1.9","1.89",,,,,"automatic","0","12","earthquake","M 0.9 - 3 km SW of Anderson Springs, CA","https://earthquake.usgs.gov/earthquakes/eventpage/nc75446831","https://earthquake.usgs.gov/fdsnws/event/1/query?eventid=nc75446831&format=geojson"
"nc75446821","2026-10-09T07:56:11Z","2026-10-09T03:56:11-04:00","2026-10-09T07:57:47Z","1.0","1.02","11 km WNW of Cobb, CA","38.849666595459","-122.846000671387","United States of America","1.1","1.09",,,,,"automatic","0","16","earthquake","M 1.0 - 11 km WNW of Cobb, CA","https://earthquake.usgs.gov/earthquakes/eventpage/nc75446821","https://earthquake.usgs.gov/fdsnws/event/1/query?eventid=nc75446821&format=geojson"
"ci41345423","2026-10-09T07:48:43Z","2026-10-09T03:48:43-04:00","2026-10-09T15:41:14Z","1.0","1.02","19 km ESE of Anza, CA","33.473","-116.494666666667","United States of America","12.9","12.89",,,,,"reviewed","0","16","earthquake","M 1.0 - 19 km ESE of Anza, CA","https://earthquake.usgs.gov/earthquakes/eventpage/ci41345423","https://earthquake.usgs.gov/fdsnws/event/1/query?eventid=ci41345423&format=geojson"
"ci41345415","2026-10-09T07:44:17Z","2026-10-09T03:44:17-04:00","2026-10-10T17:57:10Z","3.2","3.16","2 km SW of Signal Hill, CA","33.7875","-118.1845","United States of America","12.0","12","1083","3.4","3.587",,"reviewed","0","494","earthquake","M 3.2 - 2 km SW of Signal Hill, CA","https://earthquake.usgs.gov/earthquakes/eventpage/ci41345415","https://earthquake.usgs.gov/fdsnws/event/1/query?eventid=ci41345415&format=geojson"
"tx2026twkfvh","2026-10-09T07:37:47Z","2026-10-09T03:37:47-04:00","2026-10-09T08:48:25Z","1.7","1.7","14 km ESE of Pearsall, Texas","28.846","-98.961","United States of America","7.8","7.7757",,,,,"reviewed","0","44","earthquake","M 1.7 - 14 km ESE of Pearsall, Texas","https://earthquake.usgs.gov/earthquakes/eventpage/tx2026twkfvh","https://earthquake.usgs.gov/fdsnws/event/1/query?eventid=tx2026twkfvh&format=geojson"
"tx2026twjuzd","2026-10-09T07:25:11Z","2026-10-09T03:25:11-04:00","2026-10-09T10:18:15Z","2.4","2.4","15 km ESE of Pearsall, Texas","28.815","-98.957","United States of America","6.6","6.5757",,,,,"reviewed","0","89","earthquake","M 2.4 - 15 km ESE of Pearsall, Texas","https://earthquake.usgs.gov/earthquakes/eventpage/tx2026twjuzd","https://earthquake.usgs.gov/fdsnws/event/1/query?eventid=tx2026twjuzd&format=geojson"
"ci41345407","2026-10-09T07:12:13Z","2026-10-09T03:12:13-04:00","2026-10-09T19:11:53Z","2.1","2.12","32 km SW of Dana Point, CA","33.2608333333333","-117.935833333333","United States of America","14.5","14.46","3","0",,,"reviewed","0","69","earthquake","M 2.1 - 32 km SW of Dana Point, CA","https://earthquake.usgs.gov/earthquakes/eventpage/ci41345407","https://earthquake.usgs.gov/fdsnws/event/1/query?eventid=ci41345407&format=geojson"
"uu80158856","2026-10-09T07:11:47Z","2026-10-09T03:11:47-04:00","2026-10-09T15:10:27Z","1.0","0.5","38 km SSE of Mammoth, Wyoming","44.679","-110.4505","United States of America","2.5","2.48",,,,,"reviewed","0","4","earthquake","M 0.5 - 38 km SSE of Mammoth, Wyoming","https://earthquake.usgs.gov/earthquakes/eventpage/uu80158856","https://earthquake.usgs.gov/fdsnws/event/1/query?eventid=uu80158856&format=geojson"
"ci41345399","2026-10-09T07:10:40Z","2026-10-09T03:10:40-04:00","2026-10-09T22:58:56Z","1.0","0.53","20 km ESE of Anza, CA","33.4895","-116.475166666667","United States of America","12.2","12.24",,,,,"reviewed","0","4","earthquake","M 0.5 - 20 km ESE of Anza, CA","https://earthquake.usgs.gov/earthquakes/eventpage/ci41345399","https://earthquake.usgs.gov/fdsnws/event/1/query?eventid=ci41345399&format=geojson"
"nc75446811","2026-10-09T07:09:06Z","2026-10-09T03:09:06-04:00","2026-10-09T07:10:42Z","1.0","0.25","8 km NW of The Geysers, CA","38.8289985656738","-122.814331054688","United States of America","1.5","1.49",,,,,"automatic","0","1","earthquake","M 0.3 - 8 km NW of The Geysers, CA","https://earthquake.usgs.gov/earthquakes/eventpage/nc75446811","https://earthquake.usgs.gov/fdsnws/event/1/query?eventid=nc75446811&format=geojson"
"nc75446801","2026-10-09T06:47:45Z","2026-10-09T02:47:45-04:00","2026-10-09T07:22:27Z","1.2","1.15","7 km NW of The Geysers, CA","38.8274993896484","-122.813835144043","United States of America","1.4","1.39",,,,,"automatic","0","20","earthquake","M 1.2 - 7 km NW of The Geysers, CA","https://earthquake.usgs.gov/earthquakes/eventpage/nc75446801","https://earthquake.usgs.gov/fdsnws/event/1/query?eventid=nc75446801&format=geojson"
"tx2026twiisr","2026-10-09T06:40:51Z","2026-10-09T02:40:51-04:00","2026-10-09T10:53:15Z","1.0","1","16 km NNE of Hermleigh, Texas","32.766","-100.67","United States of America","5.6","5.5908",,,,,"reviewed","0","15","earthquake","M 1.0 - 16 km NNE of Hermleigh, Texas","https://earthquake.usgs.gov/earthquakes/eventpage/tx2026twiisr","https://earthquake.usgs.gov/fdsnws/event/1/query?eventid=tx2026twiisr&format=geojson"
"nc75446791","2026-10-09T06:39:34Z","2026-10-09T02:39:34-04:00","2026-10-09T06:41:12Z","1.0","0.22","8 km NW of The Geysers, CA","38.8294982910156","-122.814163208008","United States of America","1.4","1.38",,,,,"automatic","0","1","earthquake","M 0.2 - 8 km NW of The Geysers, CA","https://earthquake.usgs.gov/earthquakes/eventpage/nc75446791","https://earthquake.usgs.gov/fdsnws/event/1/query?eventid=nc75446791&format=geojson"
"ci41345391","2026-10-09T06:08:53Z","2026-10-09T02:08:53-04:00","2026-10-09T16:30:00Z","1.5","1.5","15 km ENE of Ocotillo, CA","32.7761666666667","-115.840666666667","United States of America","3.8","3.78",,,,,"reviewed","0","35","earthquake","M 1.5 - 15 km ENE of Ocotillo, CA","https://earthquake.usgs.gov/earthquakes/eventpage/ci41345391","https://earthquake.usgs.gov/fdsnws/event/1/query?eventid=ci41345391&format=geojson"
"tx2026twhaqw","2026-10-09T06:01:22Z","2026-10-09T02:01:22-04:00","2026-10-09T09:09:00Z","1.5","1.5","25 km SSW of Westbrook, Texas","32.137","-101.081","United States of America","4.2","4.248",,,,,"reviewed","0","35","earthquake","M 1.5 - 25 km SSW of Westbrook, Texas","https://earthquake.usgs.gov/earthquakes/eventpage/tx2026twhaqw","https://earthquake.usgs.gov/fdsnws/event/1/query?eventid=tx2026twhaqw&format=geojson"
"tx2026twglhv","2026-10-09T05:43:29Z","2026-10-09T01:43:29-04:00","2026-10-09T10:39:56Z","1.5","1.5","14 km ESE of Pearsall, Texas","28.838","-98.959","United States of America","7.3","7.3211",,,,,"reviewed","0","35","earthquake","M 1.5 - 14 km ESE of Pearsall, Texas","https://earthquake.usgs.gov/earthquakes/eventpage/tx2026twglhv","https://earthquake.usgs.gov/fdsnws/event/1/query?eventid=tx2026twglhv&format=geojson"
"tx2026twgeiy","2026-10-09T05:35:21Z","2026-10-09T01:35:21-04:00","2026-10-09T08:27:05Z","2.4","2.4","14 km ESE of Pearsall, Texas","28.832","-98.963","United States of America","2.8","2.767",,,,,"reviewed","0","89","earthquake","M 2.4 - 14 km ESE of Pearsall, Texas","https://earthquake.usgs.gov/earthquakes/eventpage/tx2026twgeiy","https://earthquake.usgs.gov/fdsnws/event/1/query?eventid=tx2026twgeiy&format=geojson"
"nc75446781","2026-10-09T05:30:02Z","2026-10-09T01:30:02-04:00","2026-10-09T06:27:24Z","1.6","1.59","2 km WNW of Hollister, CA","36.8549995422363","-121.415832519531","United States of America","4.6","4.62",,,,,"automatic","0","39","earthquake","M 1.6 - 2 km WNW of Hollister, CA","https://earthquake.usgs.gov/earthquakes/eventpage/nc75446781","https://earthquake.usgs.gov/fdsnws/event/1/query?eventid=nc75446781&format=geojson"
"ci41345383","2026-10-09T05:29:31Z","2026-10-09T01:29:31-04:00","2026-10-09T22:59:00Z","1.1","1.07","12 km E of Coso Junction, CA","36.0365","-117.814166666667","United States of America","0.7","0.72",,,,,"reviewed","0","18","earthquake","M 1.1 - 12 km E of Coso Junction, CA","https://earthquake.usgs.gov/earthquakes/eventpage/ci41345383","https://earthquake.usgs.gov/fdsnws/event/1/query?eventid=ci41345383&format=geojson"
"uw714118221","2026-10-09T05:25:47Z","2026-10-09T01:25:47-04:00","2026-10-09T16:54:37Z","1.0","0.68","22 km ENE of Ashford, Washington","46.851","-121.765666666667","United States of America","1.0","1.03",,,,,"reviewed","0","7","earthquake","M 0.7 - 22 km ENE of Ashford, Washington","https://earthquake.usgs.gov/earthquakes/eventpage/uw714118221","https://earthquake.usgs.gov/fdsnws/event/1/query?eventid=uw714118221&format=geojson"
"ci41345375","2026-10-09T05:25:46Z","2026-10-09T01:25:46-04:00","2026-10-09T22:59:29Z","1.2","1.22","3 km ESE of Loma Linda, CA","34.0385","-117.234666666667","United States of America","17.3","17.32",,,,,"reviewed","0","23","earthquake","M 1.2 - 3 km ESE of Loma Linda, CA","https://earthquake.usgs.gov/earthquakes/eventpage/ci41345375","https://earthquake.usgs.gov/fdsnws/event/1/query?eventid=ci41345375&format=geojson"
"nc75446776","2026-10-09T05:00:23Z","2026-10-09T01:00:23-04:00","2026-10-09T06:43:47Z","2.1","2.06","2 km NW of Hollister, CA","36.8563346862793","-121.413497924805","United States of America","4.8","4.84","1","1",,,"automatic","0","65","earthquake","M 2.1 - 2 km NW of Hollister, CA","https://earthquake.usgs.gov/earthquakes/eventpage/nc75446776","https://earthquake.usgs.gov/fdsnws/event/1/query?eventid=nc75446776&format=geojson"
"nc75446771","2026-10-09T04:56:32Z","2026-10-09T00:56:32-04:00","2026-10-09T05:42:21Z","1.5","1.52","6 km NW of The Geysers, CA","38.8129997253418","-122.813835144043","United States of America","2.9","2.93",,,,,"automatic","0","36","earthquake","M 1.5 - 6 km NW of The Geysers, CA","https://earthquake.usgs.gov/earthquakes/eventpage/nc75446771","https://earthquake.usgs.gov/fdsnws/event/1/query?eventid=nc75446771&format=geojson"
"nc75446766","2026-10-09T04:50:31Z","2026-10-09T00:50:31-04:00","2026-10-09T05:12:23Z","2.3","2.31","15 km SE of Anderson, CA","40.3370018005371","-122.19083404541","United States of America","22.7","22.74",,,,,"automatic","0","82","earthquake","M 2.3 - 15 km SE of Anderson, CA","https://earthquake.usgs.gov/earthquakes/eventpage/nc75446766","https://earthquake.usgs.gov/fdsnws/event/1/query?eventid=nc75446766&format=geojson"
"ci41345359","2026-10-09T04:50:24Z","2026-10-09T00:50:24-04:00","2026-10-09T22:38:09Z","1.0","0.55","18 km ESE of Little Lake, CA","35.8726666666667","-117.723","United States of America","8.4","8.35",,,,,"reviewed","0","5","earthquake","M 0.6 - 18 km ESE of Little Lake, CA","https://earthquake.usgs.gov/earthquakes/eventpage/ci41345359","https://earthquake.usgs.gov/fdsnws/event/1/query?eventid=ci41345359&format=geojson"
"tx2026twehhu","2026-10-09T04:38:27Z","2026-10-09T00:38:27-04:00","2026-10-09T11:20:56Z","1.6","1.6","12 km E of Pearsall, Texas","28.888","-98.966","United States of America","8.8","8.7834",,,,,"reviewed","0","39","earthquake","M 1.6 - 12 km E of Pearsall, Texas","https://earthquake.usgs.gov/earthquakes/eventpage/tx2026twehhu","https://earthquake.usgs.gov/fdsnws/event/1/query?eventid=tx2026twehhu&format=geojson"
"se60506443","2026-10-09T03:47:31Z","2026-10-08T23:47:31-04:00","2026-10-09T16:58:50Z","2.1","2.12","10 km S of Lone Oak, Georgia","33.074","-84.8345","United States of America","7.2","7.21",,,,,"reviewed","0","69","earthquake","M 2.1 - 10 km S of Lone Oak, Georgia","https://earthquake.usgs.gov/earthquakes/eventpage/se60506443","https://earthquake.usgs.gov/fdsnws/event/1/query?eventid=se60506443&format=geojson"
"pr71536163","2026-10-09T03:30:56Z","2026-10-08T23:30:56-04:00","2026-10-09T03:46:24Z","2.2","2.19","7 km SSE of Guánica, Puerto Rico","17.9051666666667","-66.8896666666667","Puerto Rico","15.3","15.25",,,,,"reviewed","0","74","earthquake","M 2.2 - 7 km SSE of Guánica, Puerto Rico","https://earthquake.usgs.gov/earthquakes/eventpage/pr71536163","https://earthquake.usgs.gov/fdsnws/event/1/query?eventid=pr71536163&format=geojson"
"uu80158846","2026-10-09T03:21:39Z","2026-10-08T23:21:39-04:00","2026-10-09T15:02:31Z","1.0","0.8","34 km SW of Silver Gate, Montana","44.7536666666667","-110.250166666667","United States of America","9.0","9.03",,,,,"reviewed","0","10","earthquake","M 0.8 - 34 km SW of Silver Gate, Montana","https://earthquake.usgs.gov/earthquakes/eventpage/uu80158846","https://earthquake.usgs.gov/fdsnws/event/1/query?eventid=uu80158846&format=geojson"
"nc75446756","2026-10-09T03:21:12Z","2026-10-08T23:21:12-04:00","2026-10-09T03:22:47Z","1.1","1.06","5 km WNW of The Geysers, CA","38.8011665344238","-122.810165405273","United States of America","2.0","1.95",,,,,"automatic","0","17","earthquake","M 1.1 - 5 km WNW of The Geysers, CA","https://earthquake.usgs.gov/earthquakes/eventpage/nc75446756","https://earthquake.usgs.gov/fdsnws/event/1/query?eventid=nc75446756&format=geojson"
"nc75446751","2026-10-09T03:18:39Z","2026-10-08T23:18:39-04:00","2026-10-09T03:52:22Z","1.3","1.32","6 km NW of The Geysers, CA","38.8190002441406","-122.806831359863","United States of America","2.9","2.87",,,,,"automatic","0","27","earthquake","M 1.3 - 6 km NW of The Geysers, CA","https://earthquake.usgs.gov/earthquakes/eventpage/nc75446751","https://earthquake.usgs.gov/fdsnws/event/1/query?eventid=nc75446751&format=geojson"
"nc75446746","2026-10-09T02:51:03Z","2026-10-08T22:51:03-04:00","2026-10-09T16:54:00Z","2.8","2.81","32 km SE of Bodie, CA","38.0258331298828","-118.727165222168","United States of America","16.1","16.11","0","1",,,"automatic","0","121","earthquake","M 2.8 - 32 km SE of Bodie, CA","https://earthquake.usgs.gov/earthquakes/eventpage/nc75446746","https://earthquake.usgs.gov/fdsnws/event/1/query?eventid=nc75446746&format=geojson"
"ci41345343","2026-10-09T02:47:38Z","2026-10-08T22:47:38-04:00","2026-10-09T02:58:02Z","1.2","1.15","9 km E of Borrego Springs, CA","33.2541666666667","-116.2745","United States of America","11.2","11.18",,,,,"automatic","0","20","earthquake","M 1.2 - 9 km E of Borrego Springs, CA","https://earthquake.usgs.gov/earthquakes/eventpage/ci41345343","https://earthquake.usgs.gov/fdsnws/event/1/query?eventid=ci41345343&format=geojson"
"nc75446736","2026-10-09T02:24:41Z","2026-10-08T22:24:41-04:00","2026-10-09T02:47:28Z","2.0","2.02","7 km NW of The Geysers, CA","38.8233337402344","-122.806999206543","United States of America","2.7","2.71",,,,,"automatic","0","63","earthquake","M 2.0 - 7 km NW of The Geysers, CA","https://earthquake.usgs.gov/earthquakes/eventpage/nc75446736","https://earthquake.usgs.gov/fdsnws/event/1/query?eventid=nc75446736&format=geojson"
"nc75446726","2026-10-09T02:17:06Z","2026-10-08T22:17:06-04:00","2026-10-09T02:18:41Z","1.0","0.74","7 km NW of The Geysers, CA","38.8141670227051","-122.818496704102","United States of America","2.9","2.86",,,,,"automatic","0","8","earthquake","M 0.7 - 7 km NW of The Geysers, CA","https://earthquake.usgs.gov/earthquakes/eventpage/nc75446726","https://earthquake.usgs.gov/fdsnws/event/1/query?eventid=nc75446726&format=geojson"
"tx2026tvzeqx","2026-10-09T02:04:35Z","2026-10-08T22:04:35-04:00","2026-10-09T09:00:58Z","1.5","1.5","59 km S of Whites City, New Mexico","31.648","-104.479","United States of America","6.3","6.2537",,,,,"reviewed","0","35","earthquake","M 1.5 - 59 km S of Whites City, New Mexico","https://earthquake.usgs.gov/earthquakes/eventpage/tx2026tvzeqx","https://earthquake.usgs.gov/fdsnws/event/1/query?eventid=tx2026tvzeqx&format=geojson"
"ci41345335","2026-10-09T01:51:00Z","2026-10-08T21:51:00-04:00","2026-10-09T21:56:29Z","1.7","1.67","4 km NNE of Beaumont, CA","33.9636666666667","-116.962833333333","United States of America","8.2","8.17",,,,,"reviewed","0","43","earthquake","M 1.7 - 4 km NNE of Beaumont, CA","https://earthquake.usgs.gov/earthquakes/eventpage/ci41345335","https://earthquake.usgs.gov/fdsnws/event/1/query?eventid=ci41345335&format=geojson"
"nc75446721","2026-10-09T01:50:26Z","2026-10-08T21:50:26-04:00","2026-10-09T01:52:02Z","1.0","0.96","6 km WNW of Cobb, CA","38.8361663818359","-122.792831420898","United States of America","1.8","1.76",,,,,"automatic","0","14","earthquake","M 1.0 - 6 km WNW of Cobb, CA","https://earthquake.usgs.gov/earthquakes/eventpage/nc75446721","https://earthquake.usgs.gov/fdsnws/event/1/query?eventid=nc75446721&format=geojson"
"tx2026tvymwn","2026-10-09T01:44:22Z","2026-10-08T21:44:22-04:00","2026-10-09T09:42:55Z","1.2","1.2","10 km WSW of Stanton, Texas","32.105","-101.901","United States of America","8.7","8.7158",,,,,"reviewed","0","22","earthquake","M 1.2 - 10 km WSW of Stanton, Texas","https://earthquake.usgs.gov/earthquakes/eventpage/tx2026tvymwn","https://earthquake.usgs.gov/fdsnws/event/1/query?eventid=tx2026tvymwn&format=geojson"
"ci41345327","2026-10-09T01:36:37Z","2026-10-08T21:36:37-04:00","2026-10-09T23:00:30Z","1.3","1.33","9 km WNW of Anza, CA","33.5763333333333","-116.765666666667","United States of America","12.3","12.3",,,,,"reviewed","0","27","earthquake","M 1.3 - 9 km WNW of Anza, CA","https://earthquake.usgs.gov/earthquakes/eventpage/ci41345327","https://earthquake.usgs.gov/fdsnws/event/1/query?eventid=ci41345327&format=geojson"
"ci41345319","2026-10-09T01:36:33Z","2026-10-08T21:36:33-04:00","2026-10-09T17:23:54Z","1.0","0.27","9 km WNW of Anza, CA","33.5845","-116.759333333333","United States of America","12.1","12.12",,,,,"reviewed","0","1","earthquake","M 0.3 - 9 km WNW of Anza, CA","https://earthquake.usgs.gov/earthquakes/eventpage/ci41345319","https://earthquake.usgs.gov/fdsnws/event/1/query?eventid=ci41345319&format=geojson"
"ci41345311","2026-10-09T01:35:16Z","2026-10-08T21:35:16-04:00","2026-10-09T15:33:00Z","1.0","0.93","18 km ESE of Little Lake, CA","35.8716666666667","-117.724666666667","United States of America","9.1","9.08",,,,,"reviewed","0","13","earthquake","M 0.9 - 18 km ESE of Little Lake, CA","https://earthquake.usgs.gov/earthquakes/eventpage/ci41345311","https://earthquake.usgs.gov/fdsnws/event/1/query?eventid=ci41345311&format=geojson"
"pr71536153","2026-10-09T01:31:25Z","2026-10-08T21:31:25-04:00","2026-10-09T01:54:50Z","1.9","1.86","9 km SW of Guánica, Puerto Rico","17.9125","-66.9731666666667","Puerto Rico","13.8","13.82",,,,,"reviewed","0","53","earthquake","M 1.9 - 9 km SW of Guánica, Puerto Rico","https://earthquake.usgs.gov/earthquakes/eventpage/pr71536153","https://earthquake.usgs.gov/fdsnws/event/1/query?eventid=pr71536153&format=geojson"
"ci41345303","2026-10-09T01:10:52Z","2026-10-08T21:10:52-04:00","2026-10-09T23:24:10Z","1.0","0.44","7 km SSE of Palomar Observatory, CA","33.294","-116.833166666667","United States of America","16.1","16.11",,,,,"reviewed","0","3","earthquake","M 0.4 - 7 km SSE of Palomar Observatory, CA","https://earthquake.usgs.gov/earthquakes/eventpage/ci41345303","https://earthquake.usgs.gov/fdsnws/event/1/query?eventid=ci41345303&format=geojson"
"ci41345295","2026-10-09T01:09:12Z","2026-10-08T21:09:12-04:00","2026-10-09T01:12:43Z","1.0","0.84","10 km NNW of Anza, CA","33.6448333333333","-116.706166666667","United States of America","15.4","15.41",,,,,"automatic","0","11","earthquake","M 0.8 - 10 km NNW of Anza, CA","https://earthquake.usgs.gov/earthquakes/eventpage/ci41345295","https://earthquake.usgs.gov/fdsnws/event/1/query?eventid=ci41345295&format=geojson"
"nc75446716","2026-10-09T01:02:37Z","2026-10-08T21:02:37-04:00","2026-10-09T01:04:11Z","1.0","0.75","7 km NW of The Geysers, CA","38.8141670227051","-122.817497253418","United States of America","2.7","2.7",,,,,"automatic","0","9","earthquake","M 0.8 - 7 km NW of The Geysers, CA","https://earthquake.usgs.gov/earthquakes/eventpage/nc75446716","https://earthquake.usgs.gov/fdsnws/event/1/query?eventid=nc75446716&format=geojson"
"ci41345287","2026-10-09T01:01:32Z","2026-10-08T21:01:32-04:00","2026-10-09T20:15:00Z","3.1","3.14","86 km SSE of Estacion Coahuila, B.C., MX","31.542","-114.520666666667","Mexico","10.0","9.97",,,,,"reviewed","0","152","earthquake","M 3.1 - 86 km SSE of Estacion Coahuila, B.C., MX","https://earthquake.usgs.gov/earthquakes/eventpage/ci41345287","https://earthquake.usgs.gov/fdsnws/event/1/query?eventid=ci41345287&format=geojson"
"nc75446711","2026-10-09T01:01:15Z","2026-10-08T21:01:15-04:00","2026-10-09T01:02:51Z","1.1","1.05","2 km E of The Geysers, CA","38.7765007019043","-122.735496520996","United States of America","2.1","2.13",,,,,"automatic","0","17","earthquake","M 1.1 - 2 km E of The Geysers, CA","https://earthquake.usgs.gov/earthquakes/eventpage/nc75446711","https://earthquake.usgs.gov/fdsnws/event/1/query?eventid=nc75446711&format=geojson"
"ci41345279","2026-10-09T00:55:24Z","2026-10-08T20:55:24-04:00","2026-10-09T19:18:36Z","1.8","1.81","25 km NW of Grapevine, CA","35.1046666666667","-119.120333333333","United States of America","12.8","12.84",,,,,"reviewed","0","50","earthquake","M 1.8 - 25 km NW of Grapevine, CA","https://earthquake.usgs.gov/earthquakes/eventpage/ci41345279","https://earthquake.usgs.gov/fdsnws/event/1/query?eventid=ci41345279&format=geojson"
"uu80158836","2026-10-09T00:31:07Z","2026-10-08T20:31:07-04:00","2026-10-09T14:18:53Z","1.3","1.25","8 km WSW of Orderville, Utah","37.253","-112.734166666667","United States of America","8.1","8.1",,,,,"reviewed","0","24","earthquake","M 1.3 - 8 km WSW of Orderville, Utah","https://earthquake.usgs.gov/earthquakes/eventpage/uu80158836","https://earthquake.usgs.gov/fdsnws/event/1/query?eventid=uu80158836&format=geojson"
"nc75446686","2026-10-09T00:19:23Z","2026-10-08T20:19:23-04:00","2026-10-09T00:21:02Z","1.0","0.75","7 km NW of The Geysers, CA","38.8146667480469","-122.816497802734","United States of America","2.9","2.86",,,,,"automatic","0","9","earthquake","M 0.8 - 7 km NW of The Geysers, CA","https://earthquake.usgs.gov/earthquakes/eventpage/nc75446686","https://earthquake.usgs.gov/fdsnws/event/1/query?eventid=nc75446686&format=geojson"
"nc75446681","2026-10-09T00:17:49Z","2026-10-08T20:17:49-04:00","2026-10-09T00:21:24Z","1.8","1.84","7 km NW of The Geysers, CA","38.8133316040039","-122.81583404541","United States of America","2.5","2.47",,,,,"automatic","0","52","earthquake","M 1.8 - 7 km NW of The Geysers, CA","https://earthquake.usgs.gov/earthquakes/eventpage/nc75446681","https://earthquake.usgs.gov/fdsnws/event/1/query?eventid=nc75446681&format=geojson"
"tx2026tvvgwn","2026-10-09T00:06:37Z","2026-10-08T20:06:37-04:00","2026-10-09T11:00:01Z","1.0","0.3","38 km SSW of Los Ybanez, Texas","32.426","-102.131","United States of America","7.8","7.7637",,,,,"reviewed","0","1","earthquake","M 0.3 - 38 km SSW of Los Ybanez, Texas","https://earthquake.usgs.gov/earthquakes/eventpage/tx2026tvvgwn","https://earthquake.usgs.gov/fdsnws/event/1/query?eventid=tx2026tvvgwn&format=geojson"
"nc75446676","2026-10-09T00:04:27Z","2026-10-08T20:04:27-04:00","2026-10-09T00:08:11Z","2.3","2.33","7 km NW of The Geysers, CA","38.8131675720215","-122.816329956055","United States of America","2.6","2.63",,,,,"automatic","0","84","earthquake","M 2.3 - 7 km NW of The Geysers, CA","https://earthquake.usgs.gov/earthquakes/eventpage/nc75446676","https://earthquake.usgs.gov/fdsnws/event/1/query?eventid=nc75446676&format=geojson"
"nc75446671","2026-10-09T00:04:14Z","2026-10-08T20:04:14-04:00","2026-10-09T00:05:52Z","1.0","0.95","8 km NW of The Geysers, CA","38.8313331604004","-122.817832946777","United States of America","1.8","1.77",,,,,"automatic","0","14","earthquake","M 1.0 - 8 km NW of The Geysers, CA","https://earthquake.usgs.gov/earthquakes/eventpage/nc75446671","https://earthquake.usgs.gov/fdsnws/event/1/query?eventid=nc75446671&format=geojson"
"ci41345271","2026-10-09T00:02:05Z","2026-10-08T20:02:05-04:00","2026-10-09T23:15:06Z","1.0","0.47","9 km WNW of Anza, CA","33.5878333333333","-116.7575","United States of America","12.7","12.68",,,,,"reviewed","0","3","earthquake","M 0.5 - 9 km WNW of Anza, CA","https://earthquake.usgs.gov/earthquakes/eventpage/ci41345271","https://earthquake.usgs.gov/fdsnws/event/1/query?eventid=ci41345271&format=geojson"
"ci41345263","2026-10-09T00:00:23Z","2026-10-08T20:00:23-04:00","2026-10-09T23:52:58Z","1.0","0.38","11 km NE of Julian, CA","33.1565","-116.523333333333","United States of America","6.3","6.3",,,,,"reviewed","0","2","earthquake","M 0.4 - 11 km NE of Julian, CA","https://earthquake.usgs.gov/earthquakes/eventpage/ci41345263","https://earthquake.usgs.gov/fdsnws/event/1/query?eventid=ci41345263&format=geojson"
"ci41345255","2026-10-08T23:57:17Z","2026-10-08T19:57:17-04:00","2026-10-09T23:39:04Z","1.0","0.38","11 km NE of Julian, CA","33.1533333333333","-116.524833333333","United States of America","6.8","6.83",,,,,"reviewed","0","2","earthquake","M 0.4 - 11 km NE of Julian, CA","https://earthquake.usgs.gov/earthquakes/eventpage/ci41345255","https://earthquake.usgs.gov/fdsnws/event/1/query?eventid=ci41345255&format=geojson"
"ci41345239","2026-10-08T23:37:57Z","2026-10-08T19:37:57-04:00","2026-10-08T23:41:24Z","1.0","0.93","8 km SSE of Palomar Observatory, CA","33.293","-116.833166666667","United States of America","15.1","15.09",,,,,"automatic","0","13","earthquake","M 0.9 - 8 km SSE of Palomar Observatory, CA","https://earthquake.usgs.gov/earthquakes/eventpage/ci41345239","https://earthquake.usgs.gov/fdsnws/event/1/query?eventid=ci41345239&format=geojson"
"uw714118181","2026-10-08T23:32:20Z","2026-10-08T19:32:20-04:00","2026-10-09T00:03:45Z","1.7","1.65","10 km S of Toledo, Washington","46.3506666666667","-122.825333333333","United States of America","-0.5","-0.49",,,,,"reviewed","0","42","explosion","M 1.7 Explosion - 10 km S of Toledo, Washington","https://earthquake.usgs.gov/earthquakes/eventpage/uw714118181","https://earthquake.usgs.gov/fdsnws/event/1/query?eventid=uw714118181&format=geojson"
"uw714118171","2026-10-08T23:17:56Z","2026-10-08T19:17:56-04:00","2026-10-09T18:58:20Z","1.1","1.1","8 km WSW of Peck, Idaho","46.4446666666667","-116.521166666667","United States of America","-0.8","-0.82",,,,,"reviewed","0","19","earthquake","M 1.1 - 8 km WSW of Peck, Idaho","https://earthquake.usgs.gov/earthquakes/eventpage/uw714118171","https://earthquake.usgs.gov/fdsnws/event/1/query?eventid=uw714118171&format=geojson"
"uw714118161","2026-10-08T23:12:18Z","2026-10-08T19:12:18-04:00","2026-10-09T19:09:48Z","1.0","1.03","1 km NNW of Maple Valley, Washington","47.4036666666667","-122.052166666667","United States of America","15.3","15.3",,,,,"reviewed","0","16","earthquake","M 1.0 - 1 km NNW of Maple Valley, Washington","https://earthquake.usgs.gov/earthquakes/eventpage/uw714118161","https://earthquake.usgs.gov/fdsnws/event/1/query?eventid=uw714118161&format=geojson"
"nc75446626","2026-10-08T22:57:53Z","2026-10-08T18:57:53-04:00","2026-10-08T22:59:31Z","1.0","0.86","4 km WNW of The Geysers, CA","38.7956657409668","-122.798835754395","United States of America","0.4","0.43",,,,,"automatic","0","11","earthquake","M 0.9 - 4 km WNW of The Geysers, CA","https://earthquake.usgs.gov/earthquakes/eventpage/nc75446626","https://earthquake.usgs.gov/fdsnws/event/1/query?eventid=nc75446626&format=geojson"
"tx2026tvsozy","2026-10-08T22:46:19Z","2026-10-08T18:46:19-04:00","2026-10-09T10:05:08Z","1.0","1","16 km W of Stanton, Texas","32.107","-101.956","United States of America","8.7","8.7158",,,,,"reviewed","0","15","earthquake","M 1.0 - 16 km W of Stanton, Texas","https://earthquake.usgs.gov/earthquakes/eventpage/tx2026tvsozy","https://earthquake.usgs.gov/fdsnws/event/1/query?eventid=tx2026tvsozy&format=geojson"
"nc75446616","2026-10-08T22:44:01Z","2026-10-08T18:44:01-04:00","2026-10-08T22:45:35Z","1.0","0.78","6 km WNW of The Geysers, CA","38.7986679077148","-122.814002990723","United States of America","3.1","3.14",,,,,"automatic","0","9","earthquake","M 0.8 - 6 km WNW of The Geysers, CA","https://earthquake.usgs.gov/earthquakes/eventpage/nc75446616","https://earthquake.usgs.gov/fdsnws/event/1/query?eventid=nc75446616&format=geojson"
"ci41345223","2026-10-08T22:42:38Z","2026-10-08T18:42:38-04:00","2026-10-09T21:17:05Z","2.2","2.19","14 km W of Salton City, CA","33.3123333333333","-116.108666666667","United States of America","2.2","2.16",,,,,"reviewed","0","74","earthquake","M 2.2 - 14 km W of Salton City, CA","https://earthquake.usgs.gov/earthquakes/eventpage/ci41345223","https://earthquake.usgs.gov/fdsnws/event/1/query?eventid=ci41345223&format=geojson"
"tx2026tvshhk","2026-10-08T22:36:24Z","2026-10-08T18:36:24-04:00","2026-10-09T08:39:12Z","1.8","1.8","46 km SSW of Whites City, New Mexico","31.769","-104.506","United States of America","3.5","3.4851",,,,,"reviewed","0","50","earthquake","M 1.8 - 46 km SSW of Whites City, New Mexico","https://earthquake.usgs.gov/earthquakes/eventpage/tx2026tvshhk","https://earthquake.usgs.gov/fdsnws/event/1/query?eventid=tx2026tvshhk&format=geojson"
"nn00925493","2026-10-08T22:10:12Z","2026-10-08T18:10:12-04:00","2026-10-08T22:44:33Z","2.4","2.37","3 km SW of Burning Man Earth, Nevada","40.7472","-119.2644","United States of America","6.9","6.8683",,,,,"reviewed","0","86","earthquake","M 2.4 - 3 km SW of Burning Man Earth, Nevada","https://earthquake.usgs.gov/earthquakes/eventpage/nn00925493","https://earthquake.usgs.gov/fdsnws/event/1/query?eventid=nn00925493&format=geojson"
"nc75446571","2026-10-08T21:39:44Z","2026-10-08T17:39:44-04:00","2026-10-08T21:41:20Z","1.0","0.75","4 km WNW of The Geysers, CA","38.7939987182617","-122.799667358398","United States of America","0.1","0.11",,,,,"automatic","0","9","earthquake","M 0.8 - 4 km WNW of The Geysers, CA","https://earthquake.usgs.gov/earthquakes/eventpage/nc75446571","https://earthquake.usgs.gov/fdsnws/event/1/query?eventid=nc75446571&format=geojson"
"ci41345207","2026-10-08T21:39:26Z","2026-10-08T17:39:26-04:00","2026-10-08T21:42:58Z","1.2","1.16","10 km N of Big Bear City, CA","34.351","-116.839","United States of America","9.6","9.57",,,,,"automatic","0","21","earthquake","M 1.2 - 10 km N of Big Bear City, CA","https://earthquake.usgs.gov/earthquakes/eventpage/ci41345207","https://earthquake.usgs.gov/fdsnws/event/1/query?eventid=ci41345207&format=geojson"
"nn00925482","2026-10-08T21:21:13Z","2026-10-08T17:21:13-04:00","2026-10-08T22:03:12Z","1.0","1.04","56 km S of Kingston, Nevada","38.697","-117.0791","United States of America","0.0","0",,,,,"reviewed","0","17","explosion","M 1.0 Explosion - 56 km S of Kingston, Nevada","https://earthquake.usgs.gov/earthquakes/eventpage/nn00925482","https://earthquake.usgs.gov/fdsnws/event/1/query?eventid=nn00925482&format=geojson"
"uw714118071","2026-10-08T20:34:03Z","2026-10-08T16:34:03-04:00","2026-10-08T21:43:26Z","1.1","1.05","4 km ENE of Lafayette, Oregon","45.2641666666667","-123.071833333333","United States of America","-0.3","-0.33",,,,,"reviewed","0","17","explosion","M 1.1 Explosion - 4 km ENE of Lafayette, Oregon","https://earthquake.usgs.gov/earthquakes/eventpage/uw714118071","https://earthquake.usgs.gov/fdsnws/event/1/query?eventid=uw714118071&format=geojson"
"uw714118061","2026-10-08T20:24:10Z","2026-10-08T16:24:10-04:00","2026-10-08T21:12:23Z","1.7","1.69","12 km ESE of Enumclaw, Washington","47.1701666666667","-121.838666666667","United States of America","-1.0","-1.03",,,,,"reviewed","0","44","explosion","M 1.7 Explosion - 12 km ESE of Enumclaw, Washington","https://earthquake.usgs.gov/earthquakes/eventpage/uw714118061","https://earthquake.usgs.gov/fdsnws/event/1/query?eventid=uw714118061&format=geojson"
"ci41345183","2026-10-08T19:51:26Z","2026-10-08T15:51:26-04:00","2026-10-08T20:32:01Z","1.2","1.15","11 km NE of Borrego Springs, CA","33.3195","-116.285","United States of America","8.1","8.12",,,,,"reviewed","0","20","earthquake","M 1.2 - 11 km NE of Borrego Springs, CA","https://earthquake.usgs.gov/earthquakes/eventpage/ci41345183","https://earthquake.usgs.gov/fdsnws/event/1/query?eventid=ci41345183&format=geojson"
"ci41345175","2026-10-08T19:38:48Z","2026-10-08T15:38:48-04:00","2026-10-08T20:39:20Z","1.2","1.19","10 km NNW of Big Bear City, CA","34.3443333333333","-116.881833333333","United States of America","1.1","1.14",,,,,"reviewed","0","22","quarry blast","M 1.2 Quarry Blast - 10 km NNW of Big Bear City, CA","https://earthquake.usgs.gov/earthquakes/eventpage/ci41345175","https://earthquake.usgs.gov/fdsnws/event/1/query?eventid=ci41345175&format=geojson"
"nc75446521","2026-10-08T19:26:29Z","2026-10-08T15:26:29-04:00","2026-10-08T19:57:23Z","1.1","1.1","5 km NW of The Geysers, CA","38.8154983520508","-122.796165466309","United States of America","2.6","2.56",,,,,"automatic","0","19","earthquake","M 1.1 - 5 km NW of The Geysers, CA","https://earthquake.usgs.gov/earthquakes/eventpage/nc75446521","https://earthquake.usgs.gov/fdsnws/event/1/query?eventid=nc75446521&format=geojson"
"ci41345167","2026-10-08T19:18:56Z","2026-10-08T15:18:56-04:00","2026-10-08T20:44:37Z","1.0","0.81","22 km ESE of Anza, CA","33.4661666666667","-116.4595","United States of America","3.6","3.62",,,,,"reviewed","0","10","earthquake","M 0.8 - 22 km ESE of Anza, CA","https://earthquake.usgs.gov/earthquakes/eventpage/ci41345167","https://earthquake.usgs.gov/fdsnws/event/1/query?eventid=ci41345167&format=geojson"
"ok2026ttav","2026-10-08T19:11:28Z","2026-10-08T15:11:28-04:00","2026-10-09T13:04:43Z","1.3","1.28","8 km ESE of Medicine Park, Oklahoma","34.71383333","-98.41583333","United States of America","0.0","0",,,,,"reviewed","0","25","quarry blast","M 1.3 Quarry Blast - 8 km ESE of Medicine Park, Oklahoma","https://earthquake.usgs.gov/earthquakes/eventpage/ok2026ttav","https://earthquake.usgs.gov/fdsnws/event/1/query?eventid=ok2026ttav&format=geojson"
"ok2026ttar","2026-10-08T19:06:29Z","2026-10-08T15:06:29-04:00","2026-10-09T13:13:31Z","1.4","1.38","7 km S of Owasso, Oklahoma","36.2","-95.85366667","United States of America","0.0","0",,,,,"reviewed","0","29","quarry blast","M 1.4 Quarry Blast - 7 km S of Owasso, Oklahoma","https://earthquake.usgs.gov/earthquakes/eventpage/ok2026ttar","https://earthquake.usgs.gov/fdsnws/event/1/query?eventid=ok2026ttar&format=geojson"
"nc75446511","2026-10-08T19:06:09Z","2026-10-08T15:06:09-04:00","2026-10-08T19:07:45Z","1.0","0.71","6 km WNW of The Geysers, CA","38.8058319091797","-122.818664550781","United States of America","3.3","3.34",,,,,"automatic","0","8","earthquake","M 0.7 - 6 km WNW of The Geysers, CA","https://earthquake.usgs.gov/earthquakes/eventpage/nc75446511","https://earthquake.usgs.gov/fdsnws/event/1/query?eventid=nc75446511&format=geojson"
"tx2026tvkvij","2026-10-08T18:51:19Z","2026-10-08T14:51:19-04:00","2026-10-09T15:37:47Z","1.6","1.6","34 km NW of Mentone, Texas","31.953","-103.826","United States of America","7.4","7.3688",,,,,"reviewed","0","39","earthquake","M 1.6 - 34 km NW of Mentone, Texas","https://earthquake.usgs.gov/earthquakes/eventpage/tx2026tvkvij","https://earthquake.usgs.gov/fdsnws/event/1/query?eventid=tx2026tvkvij&format=geojson"
"ok2026tszg","2026-10-08T18:22:50Z","2026-10-08T14:22:50-04:00","2026-10-09T13:16:28Z","1.3","1.34","2 km SE of Sportsmen Acres, Oklahoma","36.23166667","-95.23016667","United States of America","0.0","0",,,,,"reviewed","0","28","quarry blast","M 1.3 Quarry Blast - 2 km SE of Sportsmen Acres, Oklahoma","https://earthquake.usgs.gov/earthquakes/eventpage/ok2026tszg","https://earthquake.usgs.gov/fdsnws/event/1/query?eventid=ok2026tszg&format=geojson"
"ci41345159","2026-10-08T18:11:35Z","2026-10-08T14:11:35-04:00","2026-10-08T20:33:57Z","1.1","1.1","13 km SE of Tehachapi, CA","35.0603333333333","-118.3385","United States of America","-0.9","-0.91",,,,,"reviewed","0","19","quarry blast","M 1.1 Quarry Blast - 13 km SE of Tehachapi, CA","https://earthquake.usgs.gov/earthquakes/eventpage/ci41345159","https://earthquake.usgs.gov/fdsnws/event/1/query?eventid=ci41345159&format=geojson"
"ci41345151","2026-10-08T18:01:48Z","2026-10-08T14:01:48-04:00","2026-10-08T20:27:22Z","1.0","1.03","11 km N of Victorville, CA","34.6363333333333","-117.3025","United States of America","-0.9","-0.87",,,,,"reviewed","0","16","quarry blast","M 1.0 Quarry Blast - 11 km N of Victorville, CA","https://earthquake.usgs.gov/earthquakes/eventpage/ci41345151","https://earthquake.usgs.gov/fdsnws/event/1/query?eventid=ci41345151&format=geojson"
"ci41345143","2026-10-08T18:00:34Z","2026-10-08T14:00:34-04:00","2026-10-08T19:24:02Z","1.3","1.32","17 km NE of Little Lake, CA","36.0306666666667","-117.762166666667","United States of America","1.0","0.97",,,,,"reviewed","0","27","earthquake","M 1.3 - 17 km NE of Little Lake, CA","https://earthquake.usgs.gov/earthquakes/eventpage/ci41345143","https://earthquake.usgs.gov/fdsnws/event/1/query?eventid=ci41345143&format=geojson"
"nc75446491","2026-10-08T17:58:17Z","2026-10-08T13:58:17-04:00","2026-10-08T17:59:54Z","1.0","0.89","4 km NNW of The Geysers, CA","38.804500579834","-122.779663085938","United States of America","3.6","3.6",,,,,"automatic","0","12","earthquake","M 0.9 - 4 km NNW of The Geysers, CA","https://earthquake.usgs.gov/earthquakes/eventpage/nc75446491","https://earthquake.usgs.gov/fdsnws/event/1/query?eventid=nc75446491&format=geojson"
"nc75446486","2026-10-08T17:54:24Z","2026-10-08T13:54:24-04:00","2026-10-08T17:55:59Z","1.0","0.74","8 km NW of The Geysers, CA","38.8305015563965","-122.814331054688","United States of America","2.0","1.96",,,,,"automatic","0","8","earthquake","M 0.7 - 8 km NW of The Geysers, CA","https://earthquake.usgs.gov/earthquakes/eventpage/nc75446486","https://earthquake.usgs.gov/fdsnws/event/1/query?eventid=nc75446486&format=geojson"
"uw714117981","2026-10-08T17:31:02Z","2026-10-08T13:31:02-04:00","2026-10-08T18:41:09Z","1.0","0.14","37 km NNE of Amboy, Washington","46.2008333333333","-122.190833333333","United States of America","3.0","2.96",,,,,"reviewed","0","0","earthquake","M 0.1 - 37 km NNE of Amboy, Washington","https://earthquake.usgs.gov/earthquakes/eventpage/uw714117981","https://earthquake.usgs.gov/fdsnws/event/1/query?eventid=uw714117981&format=geojson"
"tx2026tvgyrj","2026-10-08T16:54:34Z","2026-10-08T12:54:34-04:00","2026-10-08T23:14:27Z","1.0","0.9","34 km NW of Mentone, Texas","31.948","-103.835","United States of America","7.8","7.843",,,,,"reviewed","0","12","earthquake","M 0.9 - 34 km NW of Mentone, Texas","https://earthquake.usgs.gov/earthquakes/eventpage/tx2026tvgyrj","https://earthquake.usgs.gov/fdsnws/event/1/query?eventid=tx2026tvgyrj&format=geojson"
"ci41345111","2026-10-08T16:39:58Z","2026-10-08T12:39:58-04:00","2026-10-08T20:15:30Z","1.0","0.76","2 km W of Fontana, CA","34.0993333333333","-117.483666666667","United States of America","6.7","6.69",,,,,"reviewed","0","9","earthquake","M 0.8 - 2 km W of Fontana, CA","https://earthquake.usgs.gov/earthquakes/eventpage/ci41345111","https://earthquake.usgs.gov/fdsnws/event/1/query?eventid=ci41345111&format=geojson"
"ci41345095","2026-10-08T16:30:20Z","2026-10-08T12:30:20-04:00","2026-10-08T18:19:50Z","1.0","0.93","2 km W of Fontana, CA","34.1011666666667","-117.483166666667","United States of America","6.6","6.6",,,,,"reviewed","0","13","earthquake","M 0.9 - 2 km W of Fontana, CA","https://earthquake.usgs.gov/earthquakes/eventpage/ci41345095","https://earthquake.usgs.gov/fdsnws/event/1/query?eventid=ci41345095&format=geojson"
"ci41345087","2026-10-08T16:27:47Z","2026-10-08T12:27:47-04:00","2026-10-08T18:41:44Z","1.0","0.51","1 km WNW of Fontana, CA","34.1011666666667","-117.4725","United States of America","5.2","5.21",,,,,"reviewed","0","4","earthquake","M 0.5 - 1 km WNW of Fontana, CA","https://earthquake.usgs.gov/earthquakes/eventpage/ci41345087","https://earthquake.usgs.gov/fdsnws/event/1/query?eventid=ci41345087&format=geojson"
"tx2026tvfiby","2026-10-08T16:06:35Z","2026-10-08T12:06:35-04:00","2026-10-08T16:35:14Z","1.1","1.1","37 km NW of Stanton, Texas","32.353","-102.092","United States of America","8.0","7.959",,,,,"reviewed","0","19","earthquake","M 1.1 - 37 km NW of Stanton, Texas","https://earthquake.usgs.gov/earthquakes/eventpage/tx2026tvfiby","https://earthquake.usgs.gov/fdsnws/event/1/query?eventid=tx2026tvfiby&format=geojson"
"ok2026tsuh","2026-10-08T15:52:43Z","2026-10-08T11:52:43-04:00","2026-10-09T13:10:48Z","1.0","1","7 km N of Alex, Oklahoma","34.9785","-97.77516667","United States of America","7.2","7.15",,,,,"reviewed","0","15","earthquake","M 1.0 - 7 km N of Alex, Oklahoma","https://earthquake.usgs.gov/earthquakes/eventpage/ok2026tsuh","https://earthquake.usgs.gov/fdsnws/event/1/query?eventid=ok2026tsuh&format=geojson"
"tx2026tvewps","2026-10-08T15:51:45Z","2026-10-08T11:51:45-04:00","2026-10-08T16:19:37Z","1.0","0.6","4 km N of Stanton, Texas","32.173","-101.796","United States of America","7.8","7.7881",,,,,"reviewed","0","6","earthquake","M 0.6 - 4 km N of Stanton, Texas","https://earthquake.usgs.gov/earthquakes/eventpage/tx2026tvewps","https://earthquake.usgs.gov/fdsnws/event/1/query?eventid=tx2026tvewps&format=geojson"
"ci41345079","2026-10-08T15:49:16Z","2026-10-08T11:49:16-04:00","2026-10-08T17:13:29Z","1.8","1.76","2 km NE of Colton, CA","34.0871666666667","-117.2975","United States of America","15.9","15.88",,,,,"reviewed","0","48","earthquake","M 1.8 - 2 km NE of Colton, CA","https://earthquake.usgs.gov/earthquakes/eventpage/ci41345079","https://earthquake.usgs.gov/fdsnws/event/1/query?eventid=ci41345079&format=geojson"
"tx2026tveprn","2026-10-08T15:43:48Z","2026-10-08T11:43:48-04:00","2026-10-08T16:41:33Z","1.0","0.8","11 km NE of Toyah, Texas","31.383","-103.7","United States of America","8.3","8.2532",,,,,"reviewed","0","10","earthquake","M 0.8 - 11 km NE of Toyah, Texas","https://earthquake.usgs.gov/earthquakes/eventpage/tx2026tveprn","https://earthquake.usgs.gov/fdsnws/event/1/query?eventid=tx2026tveprn&format=geojson"
"ok2026tstq","2026-10-08T15:32:46Z","2026-10-08T11:32:46-04:00","2026-10-09T13:07:56Z","1.1","1.14","2 km S of Mill Creek, Oklahoma","34.37783333","-96.83166667","United States of America","0.0","0",,,,,"reviewed","0","20","quarry blast","M 1.1 Quarry Blast - 2 km S of Mill Creek, Oklahoma","https://earthquake.usgs.gov/earthquakes/eventpage/ok2026tstq","https://earthquake.usgs.gov/fdsnws/event/1/query?eventid=ok2026tstq&format=geojson"
"tx2026tvebps","2026-10-08T15:28:01Z","2026-10-08T11:28:01-04:00","2026-10-08T16:08:00Z","1.0","0.9","33 km SE of Malaga, New Mexico","32.002","-103.839","United States of America","7.1","7.1252",,,,,"reviewed","0","12","earthquake","M 0.9 - 33 km SE of Malaga, New Mexico","https://earthquake.usgs.gov/earthquakes/eventpage/tx2026tvebps","https://earthquake.usgs.gov/fdsnws/event/1/query?eventid=tx2026tvebps&format=geojson"
"ci41345071","2026-10-08T15:23:59Z","2026-10-08T11:23:59-04:00","2026-10-08T18:13:14Z","1.0","0.67","3 km W of Fontana, CA","34.0975","-117.490166666667","United States of America","6.0","6.04",,,,,"reviewed","0","7","earthquake","M 0.7 - 3 km W of Fontana, CA","https://earthquake.usgs.gov/earthquakes/eventpage/ci41345071","https://earthquake.usgs.gov/fdsnws/event/1/query?eventid=ci41345071&format=geojson"
"nc75446441","2026-10-08T15:03:57Z","2026-10-08T11:03:57-04:00","2026-10-08T15:37:21Z","1.4","1.38","5 km NW of The Geysers, CA","38.8153343200684","-122.794998168945","United States of America","2.6","2.55",,,,,"automatic","0","29","earthquake","M 1.4 - 5 km NW of The Geysers, CA","https://earthquake.usgs.gov/earthquakes/eventpage/nc75446441","https://earthquake.usgs.gov/fdsnws/event/1/query?eventid=nc75446441&format=geojson"
"uu80158811","2026-10-08T15:00:22Z","2026-10-08T11:00:22-04:00","2026-10-08T15:07:32Z","1.3","1.34","16 km WNW of Emery, Utah","38.9881666666667","-111.416333333333","United States of America","-3.4","-3.37",,,,,"reviewed","0","28","earthquake","M 1.3 - 16 km WNW of Emery, Utah","https://earthquake.usgs.gov/earthquakes/eventpage/uu80158811","https://earthquake.usgs.gov/fdsnws/event/1/query?eventid=uu80158811&format=geojson"
"nc75446436","2026-10-08T14:57:42Z","2026-10-08T10:57:42-04:00","2026-10-08T14:59:19Z","1.2","1.23","9 km ESE of Cloverdale, CA","38.7621650695801","-122.929664611816","United States of America","6.0","5.95",,,,,"automatic","0","23","earthquake","M 1.2 - 9 km ESE of Cloverdale, CA","https://earthquake.usgs.gov/earthquakes/eventpage/nc75446436","https://earthquake.usgs.gov/fdsnws/event/1/query?eventid=nc75446436&format=geojson"
"ci41345063","2026-10-08T14:55:32Z","2026-10-08T10:55:32-04:00","2026-10-08T18:35:18Z","1.5","1.48","9 km NNE of Avalon, CA","33.4155","-118.298","United States of America","12.2","12.22",,,,,"reviewed","0","34","earthquake","M 1.5 - 9 km NNE of Avalon, CA","https://earthquake.usgs.gov/earthquakes/eventpage/ci41345063","https://earthquake.usgs.gov/fdsnws/event/1/query?eventid=ci41345063&format=geojson"
"ci41345047","2026-10-08T14:30:04Z","2026-10-08T10:30:04-04:00","2026-10-08T17:12:03Z","1.1","1.06","2 km W of Fontana, CA","34.101","-117.482666666667","United States of America","6.5","6.48",,,,,"reviewed","0","17","earthquake","M 1.1 - 2 km W of Fontana, CA","https://earthquake.usgs.gov/earthquakes/eventpage/ci41345047","https://earthquake.usgs.gov/fdsnws/event/1/query?eventid=ci41345047&format=geojson"
"nc75446421","2026-10-08T14:26:48Z","2026-10-08T10:26:48-04:00","2026-10-08T14:28:25Z","1.0","0.75","6 km NW of The Geysers, CA","38.8066673278809","-122.81233215332","United States of America","2.6","2.61",,,,,"automatic","0","9","earthquake","M 0.8 - 6 km NW of The Geysers, CA","https://earthquake.usgs.gov/earthquakes/eventpage/nc75446421","https://earthquake.usgs.gov/fdsnws/event/1/query?eventid=nc75446421&format=geojson"
"nc75446416","2026-10-08T14:20:00Z","2026-10-08T10:20:00-04:00","2026-10-08T15:07:23Z","1.3","1.31","5 km NNW of The Geysers, CA","38.8183326721191","-122.790496826172","United States of America","2.6","2.64",,,,,"automatic","0","26","earthquake","M 1.3 - 5 km NNW of The Geysers, CA","https://earthquake.usgs.gov/earthquakes/eventpage/nc75446416","https://earthquake.usgs.gov/fdsnws/event/1/query?eventid=nc75446416&format=geojson"
"nc75446406","2026-10-08T14:06:56Z","2026-10-08T10:06:56-04:00","2026-10-08T14:37:21Z","1.7","1.73","2 km WNW of Lake Pillsbury, CA","39.4128341674805","-122.974830627441","United States of America","7.4","7.42",,,,,"automatic","0","46","earthquake","M 1.7 - 2 km WNW of Lake Pillsbury, CA","https://earthquake.usgs.gov/earthquakes/eventpage/nc75446406","https://earthquake.usgs.gov/fdsnws/event/1/query?eventid=nc75446406&format=geojson"
"ci41345039","2026-10-08T13:48:38Z","2026-10-08T09:48:38-04:00","2026-10-08T19:35:21Z","1.2","1.19","11 km E of Carpinteria, CA","34.4153333333333","-119.403666666667","United States of America","1.6","1.57",,,,,"reviewed","0","22","earthquake","M 1.2 - 11 km E of Carpinteria, CA","https://earthquake.usgs.gov/earthquakes/eventpage/ci41345039","https://earthquake.usgs.gov/fdsnws/event/1/query?eventid=ci41345039&format=geojson"
"nc75446396","2026-10-08T13:45:20Z","2026-10-08T09:45:20-04:00","2026-10-08T13:47:00Z","2.3","2.26","28 km W of Petrolia, CA","40.3655014038086","-124.607002258301","United States of America","26.7","26.73",,,,,"automatic","0","79","earthquake","M 2.3 - 28 km W of Petrolia, CA","https://earthquake.usgs.gov/earthquakes/eventpage/nc75446396","https://earthquake.usgs.gov/fdsnws/event/1/query?eventid=nc75446396&format=geojson"
"uw714117841","2026-10-08T13:34:02Z","2026-10-08T09:34:02-04:00","2026-10-08T17:27:29Z","1.3","1.25","6 km NNW of Clatskanie, Oregon","46.156","-123.225","United States of America","20.8","20.79",,,,,"reviewed","0","24","earthquake","M 1.3 - 6 km NNW of Clatskanie, Oregon","https://earthquake.usgs.gov/earthquakes/eventpage/uw714117841","https://earthquake.usgs.gov/fdsnws/event/1/query?eventid=uw714117841&format=geojson"
"ci41345023","2026-10-08T13:02:19Z","2026-10-08T09:02:19-04:00","2026-10-08T22:17:53Z","1.4","1.39","11 km SSE of Malibu Beach, CA","33.9423333333333","-118.652166666667","United States of America","13.3","13.3",,,,,"reviewed","0","30","earthquake","M 1.4 - 11 km SSE of Malibu Beach, CA","https://earthquake.usgs.gov/earthquakes/eventpage/ci41345023","https://earthquake.usgs.gov/fdsnws/event/1/query?eventid=ci41345023&format=geojson"
"ci41345015","2026-10-08T12:38:08Z","2026-10-08T08:38:08-04:00","2026-10-08T13:46:55Z","1.0","0.6","18 km SW of Oasis, CA","33.3415","-116.215833333333","United States of America","9.7","9.73",,,,,"reviewed","0","6","earthquake","M 0.6 - 18 km SW of Oasis, CA","https://earthquake.usgs.gov/earthquakes/eventpage/ci41345015","https://earthquake.usgs.gov/fdsnws/event/1/query?eventid=ci41345015&format=geojson"
"ci41345007","2026-10-08T12:24:55Z","2026-10-08T08:24:55-04:00","2026-10-08T18:26:24Z","1.0","0.61","7 km N of Rancho Cucamonga, CA","34.1875","-117.586","United States of America","6.6","6.55",,,,,"reviewed","0","6","earthquake","M 0.6 - 7 km N of Rancho Cucamonga, CA","https://earthquake.usgs.gov/earthquakes/eventpage/ci41345007","https://earthquake.usgs.gov/fdsnws/event/1/query?eventid=ci41345007&format=geojson"
"ci41344999","2026-10-08T12:02:53Z","2026-10-08T08:02:53-04:00","2026-10-08T13:47:40Z","1.0","0.65","12 km S of Anza, CA","33.45","-116.668","United States of America","3.5","3.49",,,,,"reviewed","0","6","earthquake","M 0.7 - 12 km S of Anza, CA","https://earthquake.usgs.gov/earthquakes/eventpage/ci41344999","https://earthquake.usgs.gov/fdsnws/event/1/query?eventid=ci41344999&format=geojson"
"ci41344991","2026-10-08T12:02:00Z","2026-10-08T08:02:00-04:00","2026-10-08T13:47:12Z","1.0","0.82","9 km WNW of Anza, CA","33.5786666666667","-116.762666666667","United States of America","12.2","12.19",,,,,"reviewed","0","10","earthquake","M 0.8 - 9 km WNW of Anza, CA","https://earthquake.usgs.gov/earthquakes/eventpage/ci41344991","https://earthquake.usgs.gov/fdsnws/event/1/query?eventid=ci41344991&format=geojson"
"ci41344983","2026-10-08T11:57:58Z","2026-10-08T07:57:58-04:00","2026-10-08T13:47:16Z","1.0","0.55","12 km WNW of Morongo Valley, CA","34.0728333333333","-116.7105","United States of America","10.5","10.51",,,,,"reviewed","0","5","earthquake","M 0.6 - 12 km WNW of Morongo Valley, CA","https://earthquake.usgs.gov/earthquakes/eventpage/ci41344983","https://earthquake.usgs.gov/fdsnws/event/1/query?eventid=ci41344983&format=geojson"
"ci41344975","2026-10-08T11:51:41Z","2026-10-08T07:51:41-04:00","2026-10-08T13:58:12Z","1.0","1.01","3 km W of Fontana, CA","34.0971666666667","-117.486666666667","United States of America","5.0","4.95",,,,,"reviewed","0","16","earthquake","M 1.0 - 3 km W of Fontana, CA","https://earthquake.usgs.gov/earthquakes/eventpage/ci41344975","https://earthquake.usgs.gov/fdsnws/event/1/query?eventid=ci41344975&format=geojson"
"ci41344967","2026-10-08T11:48:37Z","2026-10-08T07:48:37-04:00","2026-10-08T13:47:59Z","1.0","0.39","8 km NNW of Fontana, CA","34.164","-117.481833333333","United States of America","6.8","6.83",,,,,"reviewed","0","2","earthquake","M 0.4 - 8 km NNW of Fontana, CA","https://earthquake.usgs.gov/earthquakes/eventpage/ci41344967","https://earthquake.usgs.gov/fdsnws/event/1/query?eventid=ci41344967&format=geojson"
"ci41344959","2026-10-08T11:47:53Z","2026-10-08T07:47:53-04:00","2026-10-08T13:58:36Z","1.5","1.54","3 km NW of Baldwin Park, CA","34.1046666666667","-117.990666666667","United States of America","11.0","10.95",,,,,"reviewed","0","36","earthquake","M 1.5 - 3 km NW of Baldwin Park, CA","https://earthquake.usgs.gov/earthquakes/eventpage/ci41344959","https://earthquake.usgs.gov/fdsnws/event/1/query?eventid=ci41344959&format=geojson"
"tx2026tuvrhw","2026-10-08T11:14:05Z","2026-10-08T07:14:05-04:00","2026-10-08T16:24:56Z","1.4","1.4","31 km NW of Mentone, Texas","31.939","-103.795","United States of America","7.6","7.5995",,,,,"reviewed","0","30","earthquake","M 1.4 - 31 km NW of Mentone, Texas","https://earthquake.usgs.gov/earthquakes/eventpage/tx2026tuvrhw","https://earthquake.usgs.gov/fdsnws/event/1/query?eventid=tx2026tuvrhw&format=geojson"
"tx2026tuuxvl","2026-10-08T10:51:29Z","2026-10-08T06:51:29-04:00","2026-10-08T16:03:22Z","1.0","0.9","10 km SSE of Ackerly, Texas","32.445","-101.656","United States of America","7.4","7.4463",,,,,"reviewed","0","12","earthquake","M 0.9 - 10 km SSE of Ackerly, Texas","https://earthquake.usgs.gov/earthquakes/eventpage/tx2026tuuxvl","https://earthquake.usgs.gov/fdsnws/event/1/query?eventid=tx2026tuuxvl&format=geojson"
"ci41344951","2026-10-08T10:49:06Z","2026-10-08T06:49:06-04:00","2026-10-08T13:48:45Z","1.2","1.16","2 km W of Fontana, CA","34.0976666666667","-117.484166666667","United States of America","6.9","6.91",,,,,"reviewed","0","21","earthquake","M 1.2 - 2 km W of Fontana, CA","https://earthquake.usgs.gov/earthquakes/eventpage/ci41344951","https://earthquake.usgs.gov/fdsnws/event/1/query?eventid=ci41344951&format=geojson"
"ci41344935","2026-10-08T10:40:05Z","2026-10-08T06:40:05-04:00","2026-10-08T19:00:52Z","1.0","0.81","2 km W of Fontana, CA","34.0998333333333","-117.480333333333","United States of America","6.8","6.75",,,,,"reviewed","0","10","earthquake","M 0.8 - 2 km W of Fontana, CA","https://earthquake.usgs.gov/earthquakes/eventpage/ci41344935","https://earthquake.usgs.gov/fdsnws/event/1/query?eventid=ci41344935&format=geojson"
"ci41344927","2026-10-08T10:35:00Z","2026-10-08T06:35:00-04:00","2026-10-08T20:29:23Z","1.0","0.7","2 km W of Fontana, CA","34.0986666666667","-117.484333333333","United States of America","6.6","6.56",,,,,"reviewed","0","8","earthquake","M 0.7 - 2 km W of Fontana, CA","https://earthquake.usgs.gov/earthquakes/eventpage/ci41344927","https://earthquake.usgs.gov/fdsnws/event/1/query?eventid=ci41344927&format=geojson"
"tx2026tuuiup","2026-10-08T10:34:00Z","2026-10-08T06:34:00-04:00","2026-10-08T16:30:40Z","1.1","1.1","12 km SW of Jal, New Mexico","32.03","-103.275","United States of America","4.7","4.6899",,,,,"reviewed","0","19","earthquake","M 1.1 - 12 km SW of Jal, New Mexico","https://earthquake.usgs.gov/earthquakes/eventpage/tx2026tuuiup","https://earthquake.usgs.gov/fdsnws/event/1/query?eventid=tx2026tuuiup&format=geojson"
"nc75446371","2026-10-08T10:28:49Z","2026-10-08T06:28:49-04:00","2026-10-08T11:07:21Z","1.3","1.33","1 km SE of The Geysers, CA","38.7736663818359","-122.750663757324","United States of America","1.0","0.99",,,,,"automatic","0","27","earthquake","M 1.3 - 1 km SE of The Geysers, CA","https://earthquake.usgs.gov/earthquakes/eventpage/nc75446371","https://earthquake.usgs.gov/fdsnws/event/1/query?eventid=nc75446371&format=geojson"
"ci41344919","2026-10-08T10:15:04Z","2026-10-08T06:15:04-04:00","2026-10-08T13:50:56Z","1.2","1.22","3 km W of Fontana, CA","34.0966666666667","-117.4875","United States of America","6.9","6.85",,,,,"reviewed","0","23","earthquake","M 1.2 - 3 km W of Fontana, CA","https://earthquake.usgs.gov/earthquakes/eventpage/ci41344919","https://earthquake.usgs.gov/fdsnws/event/1/query?eventid=ci41344919&format=geojson"
"tx2026tutlqp","2026-10-08T10:07:06Z","2026-10-08T06:07:06-04:00","2026-10-08T16:28:03Z","1.1","1.1","12 km SW of Jal, New Mexico","32.02","-103.276","United States of America","9.0","9.0222",,,,,"reviewed","0","19","earthquake","M 1.1 - 12 km SW of Jal, New Mexico","https://earthquake.usgs.gov/earthquakes/eventpage/tx2026tutlqp","https://earthquake.usgs.gov/fdsnws/event/1/query?eventid=tx2026tutlqp&format=geojson"
"ci41344911","2026-10-08T10:01:54Z","2026-10-08T06:01:54-04:00","2026-10-08T13:50:51Z","1.0","1.03","2 km W of Fontana, CA","34.0981666666667","-117.485333333333","United States of America","6.7","6.65",,,,,"reviewed","0","16","earthquake","M 1.0 - 2 km W of Fontana, CA","https://earthquake.usgs.gov/earthquakes/eventpage/ci41344911","https://earthquake.usgs.gov/fdsnws/event/1/query?eventid=ci41344911&format=geojson"
"tx2026turiwq","2026-10-08T09:05:12Z","2026-10-08T05:05:12-04:00","2026-10-08T16:14:47Z","1.1","1.1","10 km W of Forsan, Texas","32.119","-101.48","United States of America","7.2","7.2021",,,,,"reviewed","0","19","earthquake","M 1.1 - 10 km W of Forsan, Texas","https://earthquake.usgs.gov/earthquakes/eventpage/tx2026turiwq","https://earthquake.usgs.gov/fdsnws/event/1/query?eventid=tx2026turiwq&format=geojson"
"ci41344895","2026-10-08T08:59:48Z","2026-10-08T04:59:48-04:00","2026-10-08T13:50:07Z","1.0","0.93","26 km ENE of Pine Valley, CA","32.9173333333333","-116.272833333333","United States of America","9.6","9.56",,,,,"reviewed","0","13","earthquake","M 0.9 - 26 km ENE of Pine Valley, CA","https://earthquake.usgs.gov/earthquakes/eventpage/ci41344895","https://earthquake.usgs.gov/fdsnws/event/1/query?eventid=ci41344895&format=geojson"
"ci41344887","2026-10-08T08:49:51Z","2026-10-08T04:49:51-04:00","2026-10-08T13:58:45Z","1.0","0.76","18 km ESE of Little Lake, CA","35.8696666666667","-117.721","United States of America","8.2","8.2",,,,,"reviewed","0","9","earthquake","M 0.8 - 18 km ESE of Little Lake, CA","https://earthquake.usgs.gov/earthquakes/eventpage/ci41344887","https://earthquake.usgs.gov/fdsnws/event/1/query?eventid=ci41344887&format=geojson"
"tx2026tuqspf","2026-10-08T08:44:47Z","2026-10-08T04:44:47-04:00","2026-10-08T16:01:12Z","1.2","1.2","8 km SSW of Midland, Texas","31.92","-102.106","United States of America","9.6","9.6436",,,,,"reviewed","0","22","earthquake","M 1.2 - 8 km SSW of Midland, Texas","https://earthquake.usgs.gov/earthquakes/eventpage/tx2026tuqspf","https://earthquake.usgs.gov/fdsnws/event/1/query?eventid=tx2026tuqspf&format=geojson"
"ok2026tsft","2026-10-08T08:31:32Z","2026-10-08T04:31:32-04:00","2026-10-09T13:02:35Z","1.0","1.03","6 km N of Alex, Oklahoma","34.97083333","-97.77083333","United States of America","7.0","7",,,,,"reviewed","0","16","earthquake","M 1.0 - 6 km N of Alex, Oklahoma","https://earthquake.usgs.gov/earthquakes/eventpage/ok2026tsft","https://earthquake.usgs.gov/fdsnws/event/1/query?eventid=ok2026tsft&format=geojson"
"ci41344879","2026-10-08T08:30:25Z","2026-10-08T04:30:25-04:00","2026-10-08T13:58:49Z","1.0","0.79","15 km NNW of Ocotillo, CA","32.8595","-116.0615","United States of America","8.2","8.19",,,,,"reviewed","0","10","earthquake","M 0.8 - 15 km NNW of Ocotillo, CA","https://earthquake.usgs.gov/earthquakes/eventpage/ci41344879","https://earthquake.usgs.gov/fdsnws/event/1/query?eventid=ci41344879&format=geojson"
"ci41344871","2026-10-08T08:25:53Z","2026-10-08T04:25:53-04:00","2026-10-08T13:59:02Z","1.2","1.2","11 km ENE of Carpinteria, CA","34.4223333333333","-119.404666666667","United States of America","1.6","1.64",,,,,"reviewed","0","22","earthquake","M 1.2 - 11 km ENE of Carpinteria, CA","https://earthquake.usgs.gov/earthquakes/eventpage/ci41344871","https://earthquake.usgs.gov/fdsnws/event/1/query?eventid=ci41344871&format=geojson"
"ci41344863","2026-10-08T08:24:53Z","2026-10-08T04:24:53-04:00","2026-10-08T13:59:09Z","1.1","1.07","2 km W of Fontana, CA","34.0991666666667","-117.481666666667","United States of America","6.5","6.46",,,,,"reviewed","0","18","earthquake","M 1.1 - 2 km W of Fontana, CA","https://earthquake.usgs.gov/earthquakes/eventpage/ci41344863","https://earthquake.usgs.gov/fdsnws/event/1/query?eventid=ci41344863&format=geojson"
"ci41344855","2026-10-08T08:09:03Z","2026-10-08T04:09:03-04:00","2026-10-09T13:19:02Z","2.7","2.7","2 km WNW of Fontana, CA","34.1021666666667","-117.481833333333","United States of America","6.1","6.06","158","3.1",,,"reviewed","0","161","earthquake","M 2.7 - 2 km WNW of Fontana, CA","https://earthquake.usgs.gov/earthquakes/eventpage/ci41344855","https://earthquake.usgs.gov/fdsnws/event/1/query?eventid=ci41344855&format=geojson"
"ci41344847","2026-10-08T08:08:53Z","2026-10-08T04:08:53-04:00","2026-10-08T15:43:19Z","1.4","1.36","3 km W of Fontana, CA","34.0978333333333","-117.488166666667","United States of America","6.7","6.68",,,,,"reviewed","0","28","earthquake","M 1.4 - 3 km W of Fontana, CA","https://earthquake.usgs.gov/earthquakes/eventpage/ci41344847","https://earthquake.usgs.gov/fdsnws/event/1/query?eventid=ci41344847&format=geojson"
"nc75446356","2026-10-08T08:01:09Z","2026-10-08T04:01:09-04:00","2026-10-08T08:02:44Z","1.0","1.04","7 km NW of The Geysers, CA","38.8199996948242","-122.811500549316","United States of America","2.7","2.69",,,,,"automatic","0","17","earthquake","M 1.0 - 7 km NW of The Geysers, CA","https://earthquake.usgs.gov/earthquakes/eventpage/nc75446356","https://earthquake.usgs.gov/fdsnws/event/1/query?eventid=nc75446356&format=geojson"
"ci41344831","2026-10-08T07:51:34Z","2026-10-08T03:51:34-04:00","2026-10-08T13:52:51Z","1.0","0.89","2 km WNW of Fontana, CA","34.1031666666667","-117.478666666667","United States of America","6.6","6.58",,,,,"reviewed","0","12","earthquake","M 0.9 - 2 km WNW of Fontana, CA","https://earthquake.usgs.gov/earthquakes/eventpage/ci41344831","https://earthquake.usgs.gov/fdsnws/event/1/query?eventid=ci41344831&format=geojson"
"nc75446351","2026-10-08T07:48:30Z","2026-10-08T03:48:30-04:00","2026-10-08T07:50:08Z","1.1","1.07","5 km NW of The Geysers, CA","38.8143348693848","-122.793663024902","United States of America","3.2","3.22",,,,,"automatic","0","18","earthquake","M 1.1 - 5 km NW of The Geysers, CA","https://earthquake.usgs.gov/earthquakes/eventpage/nc75446351","https://earthquake.usgs.gov/fdsnws/event/1/query?eventid=nc75446351&format=geojson"
"ci41344823","2026-10-08T07:46:06Z","2026-10-08T03:46:06-04:00","2026-10-08T13:52:56Z","1.0","0.86","1 km ESE of Loma Linda, CA","34.0433333333333","-117.247166666667","United States of America","15.9","15.93",,,,,"reviewed","0","11","earthquake","M 0.9 - 1 km ESE of Loma Linda, CA","https://earthquake.usgs.gov/earthquakes/eventpage/ci41344823","https://earthquake.usgs.gov/fdsnws/event/1/query?eventid=ci41344823&format=geojson"
"uw714117811","2026-10-08T07:31:06Z","2026-10-08T03:31:06-04:00","2026-10-08T17:47:18Z","1.4","1.36","10 km WSW of Anacortes, Washington","48.49","-122.7445","United States of America","26.0","25.96",,,,,"reviewed","0","28","earthquake","M 1.4 - 10 km WSW of Anacortes, Washington","https://earthquake.usgs.gov/earthquakes/eventpage/uw714117811","https://earthquake.usgs.gov/fdsnws/event/1/query?eventid=uw714117811&format=geojson"
"pr71536093","2026-10-08T07:26:09Z","2026-10-08T03:26:09-04:00","2026-10-09T13:22:50Z","3.1","3.11","68 km N of Tierras Nuevas Poniente, Puerto Rico","19.085","-66.4703333333333","Puerto Rico","34.6","34.61",,,,,"reviewed","0","149","earthquake","M 3.1 - 68 km N of Tierras Nuevas Poniente, Puerto Rico","https://earthquake.usgs.gov/earthquakes/eventpage/pr71536093","https://earthquake.usgs.gov/fdsnws/event/1/query?eventid=pr71536093&format=geojson"
"tx2026tunrkp","2026-10-08T07:12:49Z","2026-10-08T03:12:49-04:00","2026-10-08T08:54:43Z","1.8","1.8","59 km S of Whites City, New Mexico","31.642","-104.454","United States of America","7.1","7.1252",,,,,"reviewed","0","50","earthquake","M 1.8 - 59 km S of Whites City, New Mexico","https://earthquake.usgs.gov/earthquakes/eventpage/tx2026tunrkp","https://earthquake.usgs.gov/fdsnws/event/1/query?eventid=tx2026tunrkp&format=geojson"
"tx2026tunqfj","2026-10-08T07:11:26Z","2026-10-08T03:11:26-04:00","2026-10-08T08:42:45Z","1.8","1.8","58 km S of Whites City, New Mexico","31.65","-104.439","United States of America","6.2","6.2024",,,,,"reviewed","0","50","earthquake","M 1.8 - 58 km S of Whites City, New Mexico","https://earthquake.usgs.gov/earthquakes/eventpage/tx2026tunqfj","https://earthquake.usgs.gov/fdsnws/event/1/query?eventid=tx2026tunqfj&format=geojson"
"tx2026tunmdx","2026-10-08T07:06:43Z","2026-10-08T03:06:43-04:00","2026-10-08T08:21:54Z","2.0","2","31 km NNW of Toyah, Texas","31.568","-103.949","United States of America","7.9","7.9456",,,,,"reviewed","0","62","earthquake","M 2.0 - 31 km NNW of Toyah, Texas","https://earthquake.usgs.gov/earthquakes/eventpage/tx2026tunmdx","https://earthquake.usgs.gov/fdsnws/event/1/query?eventid=tx2026tunmdx&format=geojson"
"ci41344815","2026-10-08T07:00:33Z","2026-10-08T03:00:33-04:00","2026-10-08T13:59:19Z","1.3","1.26","4 km WSW of Anza, CA","33.538","-116.708333333333","United States of America","5.9","5.9",,,,,"reviewed","0","24","earthquake","M 1.3 - 4 km WSW of Anza, CA","https://earthquake.usgs.gov/earthquakes/eventpage/ci41344815","https://earthquake.usgs.gov/fdsnws/event/1/query?eventid=ci41344815&format=geojson"
"uw714117801","2026-10-08T06:43:58Z","2026-10-08T02:43:58-04:00","2026-10-08T17:37:04Z","1.2","1.19","10 km E of Carnation, Washington","47.6493333333333","-121.771333333333","United States of America","9.0","8.99",,,,,"reviewed","0","22","earthquake","M 1.2 - 10 km E of Carnation, Washington","https://earthquake.usgs.gov/earthquakes/eventpage/uw714117801","https://earthquake.usgs.gov/fdsnws/event/1/query?eventid=uw714117801&format=geojson"
"tx2026tulyxx","2026-10-08T06:24:56Z","2026-10-08T02:24:56-04:00","2026-10-08T07:32:02Z","2.4","2.4","57 km S of Whites City, New Mexico","31.659","-104.419","United States of America","5.8","5.7922",,,,,"reviewed","0","89","earthquake","M 2.4 - 57 km S of Whites City, New Mexico","https://earthquake.usgs.gov/earthquakes/eventpage/tx2026tulyxx","https://earthquake.usgs.gov/fdsnws/event/1/query?eventid=tx2026tulyxx&format=geojson"
"nc75446341","2026-10-08T06:23:34Z","2026-10-08T02:23:34-04:00","2026-10-08T06:25:08Z","1.0","0.47","6 km WNW of Cobb, CA","38.836498260498","-122.78800201416","United States of America","1.9","1.85",,,,,"automatic","0","3","earthquake","M 0.5 - 6 km WNW of Cobb, CA","https://earthquake.usgs.gov/earthquakes/eventpage/nc75446341","https://earthquake.usgs.gov/fdsnws/event/1/query?eventid=nc75446341&format=geojson"
"ci41344807","2026-10-08T05:54:47Z","2026-10-08T01:54:47-04:00","2026-10-08T13:59:23Z","1.0","0.93","2 km W of Fontana, CA","34.1","-117.484","United States of America","6.4","6.38",,,,,"reviewed","0","13","earthquake","M 0.9 - 2 km W of Fontana, CA","https://earthquake.usgs.gov/earthquakes/eventpage/ci41344807","https://earthquake.usgs.gov/fdsnws/event/1/query?eventid=ci41344807&format=geojson"
"tx2026tulafg","2026-10-08T05:52:30Z","2026-10-08T01:52:30-04:00","2026-10-08T13:19:33Z","1.3","1.3","20 km ESE of Pleasanton, Texas","28.904","-98.283","United States of America","6.9","6.909",,,,,"reviewed","0","26","earthquake","M 1.3 - 20 km ESE of Pleasanton, Texas","https://earthquake.usgs.gov/earthquakes/eventpage/tx2026tulafg","https://earthquake.usgs.gov/fdsnws/event/1/query?eventid=tx2026tulafg&format=geojson"
"tx2026tukwyw","2026-10-08T05:49:00Z","2026-10-08T01:49:00-04:00","2026-10-08T10:56:23Z","1.2","1.2","37 km NNW of Mentone, Texas","32.011","-103.763","United States of America","7.9","7.9456",,,,,"reviewed","0","22","earthquake","M 1.2 - 37 km NNW of Mentone, Texas","https://earthquake.usgs.gov/earthquakes/eventpage/tx2026tukwyw","https://earthquake.usgs.gov/fdsnws/event/1/query?eventid=tx2026tukwyw&format=geojson"
"nc75446316","2026-10-08T04:33:53Z","2026-10-08T00:33:53-04:00","2026-10-08T05:32:22Z","1.2","1.21","7 km NW of The Geysers, CA","38.8208351135254","-122.811500549316","United States of America","2.9","2.88",,,,,"automatic","0","23","earthquake","M 1.2 - 7 km NW of The Geysers, CA","https://earthquake.usgs.gov/earthquakes/eventpage/nc75446316","https://earthquake.usgs.gov/fdsnws/event/1/query?eventid=nc75446316&format=geojson"
"nc75446311","2026-10-08T04:28:56Z","2026-10-08T00:28:56-04:00","2026-10-08T05:07:24Z","1.7","1.68","8 km NW of The Geysers, CA","38.8264999389648","-122.818496704102","United States of America","-0.7","-0.66",,,,,"automatic","0","43","earthquake","M 1.7 - 8 km NW of The Geysers, CA","https://earthquake.usgs.gov/earthquakes/eventpage/nc75446311","https://earthquake.usgs.gov/fdsnws/event/1/query?eventid=nc75446311&format=geojson"
"pr2026281000","2026-10-08T04:12:32Z","2026-10-08T00:12:32-04:00","2026-10-08T05:43:19Z","3.6","3.59","51 km SE of Punta Cana, Dominican Republic","18.2653","-68.0471","Dominican Republic","61.0","61",,,,,"reviewed","0","198","earthquake","M 3.6 - 51 km SE of Punta Cana, Dominican Republic","https://earthquake.usgs.gov/earthquakes/eventpage/pr2026281000","https://earthquake.usgs.gov/fdsnws/event/1/query?eventid=pr2026281000&format=geojson"
"tx2026tugvrj","2026-10-08T03:46:37Z","2026-10-07T23:46:37-04:00","2026-10-08T11:05:57Z","1.1","1.1","11 km W of Forsan, Texas","32.118","-101.485","United States of America","8.4","8.374",,,,,"reviewed","0","19","earthquake","M 1.1 - 11 km W of Forsan, Texas","https://earthquake.usgs.gov/earthquakes/eventpage/tx2026tugvrj","https://earthquake.usgs.gov/fdsnws/event/1/query?eventid=tx2026tugvrj&format=geojson"
"ok2026trwc","2026-10-08T03:39:51Z","2026-10-07T23:39:51-04:00","2026-10-09T12:58:40Z","1.0","0.9","6 km SE of Chickasha, Oklahoma","35.017","-97.88633333","United States of America","10.6","10.56",,,,,"reviewed","0","12","earthquake","M 0.9 - 6 km SE of Chickasha, Oklahoma","https://earthquake.usgs.gov/earthquakes/eventpage/ok2026trwc","https://earthquake.usgs.gov/fdsnws/event/1/query?eventid=ok2026trwc&format=geojson"
"us6000u0vz","2026-10-08T03:23:14Z","2026-10-07T23:23:14-04:00","2026-10-08T03:35:25Z","2.4","2.4","16 km SSW of Weston, Colorado","36.9897","-104.9167","United States of America","5.5","5.472",,,,,"reviewed","0","89","earthquake","M 2.4 - 16 km SSW of Weston, Colorado","https://earthquake.usgs.gov/earthquakes/eventpage/us6000u0vz","https://earthquake.usgs.gov/fdsnws/event/1/query?eventid=us6000u0vz&format=geojson"
"tx2026tufoij","2026-10-08T03:07:53Z","2026-10-07T23:07:53-04:00","2026-10-08T09:54:22Z","1.6","1.6","57 km S of Whites City, New Mexico","31.66","-104.467","United States of America","5.2","5.2283",,,,,"reviewed","0","39","earthquake","M 1.6 - 57 km S of Whites City, New Mexico","https://earthquake.usgs.gov/earthquakes/eventpage/tx2026tufoij","https://earthquake.usgs.gov/fdsnws/event/1/query?eventid=tx2026tufoij&format=geojson"
"nc75446301","2026-10-08T02:57:17Z","2026-10-07T22:57:17-04:00","2026-10-08T03:37:20Z","1.3","1.31","7 km NW of The Geysers, CA","38.8131675720215","-122.817169189453","United States of America","2.8","2.78",,,,,"automatic","0","26","earthquake","M 1.3 - 7 km NW of The Geysers, CA","https://earthquake.usgs.gov/earthquakes/eventpage/nc75446301","https://earthquake.usgs.gov/fdsnws/event/1/query?eventid=nc75446301&format=geojson"
"uw714117781","2026-10-08T02:53:17Z","2026-10-07T22:53:17-04:00","2026-10-08T17:23:12Z","1.0","0.74","38 km NNE of Amboy, Washington","46.2031666666667","-122.191166666667","United States of America","2.5","2.52",,,,,"reviewed","0","8","earthquake","M 0.7 - 38 km NNE of Amboy, Washington","https://earthquake.usgs.gov/earthquakes/eventpage/uw714117781","https://earthquake.usgs.gov/fdsnws/event/1/query?eventid=uw714117781&format=geojson"
"ci41344799","2026-10-08T02:37:30Z","2026-10-07T22:37:30-04:00","2026-10-08T13:59:37Z","1.1","1.08","2 km WNW of Fontana, CA","34.1031666666667","-117.483666666667","United States of America","6.0","5.99",,,,,"reviewed","0","18","earthquake","M 1.1 - 2 km WNW of Fontana, CA","https://earthquake.usgs.gov/earthquakes/eventpage/ci41344799","https://earthquake.usgs.gov/fdsnws/event/1/query?eventid=ci41344799&format=geojson"
"tx2026tuelqq","2026-10-08T02:34:45Z","2026-10-07T22:34:45-04:00","2026-10-08T09:43:12Z","1.7","1.7","56 km S of Whites City, New Mexico","31.668","-104.448","United States of America","6.7","6.6638",,,,,"reviewed","0","44","earthquake","M 1.7 - 56 km S of Whites City, New Mexico","https://earthquake.usgs.gov/earthquakes/eventpage/tx2026tuelqq","https://earthquake.usgs.gov/fdsnws/event/1/query?eventid=tx2026tuelqq&format=geojson"
"tx2026tuedbl","2026-10-08T02:24:49Z","2026-10-07T22:24:49-04:00","2026-10-08T03:04:54Z","3.0","3","58 km S of Whites City, New Mexico","31.654","-104.439","United States of America","6.2","6.2024","0","1",,,"reviewed","0","138","earthquake","M 3.0 - 58 km S of Whites City, New Mexico","https://earthquake.usgs.gov/earthquakes/eventpage/tx2026tuedbl","https://earthquake.usgs.gov/fdsnws/event/1/query?eventid=tx2026tuedbl&format=geojson"
"ci41344791","2026-10-08T02:24:24Z","2026-10-07T22:24:24-04:00","2026-10-08T13:55:03Z","1.5","1.51","2 km W of Fontana, CA","34.0993333333333","-117.4845","United States of America","6.6","6.63",,,,,"reviewed","0","35","earthquake","M 1.5 - 2 km W of Fontana, CA","https://earthquake.usgs.gov/earthquakes/eventpage/ci41344791","https://earthquake.usgs.gov/fdsnws/event/1/query?eventid=ci41344791&format=geojson"
"tx2026tueaim","2026-10-08T02:21:27Z","2026-10-07T22:21:27-04:00","2026-10-09T02:25:46Z","3.6","3.6","57 km S of Whites City, New Mexico","31.659","-104.44","United States of America","6.1","6.0999",,,"4.288",,"reviewed","0","199","earthquake","M 3.6 - 57 km S of Whites City, New Mexico","https://earthquake.usgs.gov/earthquakes/eventpage/tx2026tueaim","https://earthquake.usgs.gov/fdsnws/event/1/query?eventid=tx2026tueaim&format=geojson"
"tx2026tudrpj","2026-10-08T02:11:19Z","2026-10-07T22:11:19-04:00","2026-10-08T11:35:36Z","1.0","0.8","13 km WSW of Stanton, Texas","32.102","-101.927","United States of America","8.8","8.7891",,,,,"reviewed","0","10","earthquake","M 0.8 - 13 km WSW of Stanton, Texas","https://earthquake.usgs.gov/earthquakes/eventpage/tx2026tudrpj","https://earthquake.usgs.gov/fdsnws/event/1/query?eventid=tx2026tudrpj&format=geojson"
"ci41344783","2026-10-08T01:57:31Z","2026-10-07T21:57:31-04:00","2026-10-08T20:35:30Z","1.0","0.2","10 km NNW of Anza, CA","33.6345","-116.7295","United States of America","14.3","14.32",,,,,"reviewed","0","1","earthquake","M 0.2 - 10 km NNW of Anza, CA","https://earthquake.usgs.gov/earthquakes/eventpage/ci41344783","https://earthquake.usgs.gov/fdsnws/event/1/query?eventid=ci41344783&format=geojson"
"uw714117771","2026-10-08T01:45:45Z","2026-10-07T21:45:45-04:00","2026-10-08T23:45:38Z","1.0","0.44","6 km NE of Government Camp, Oregon","45.3373333333333","-121.694333333333","United States of America","4.6","4.63",,,,,"reviewed","0","3","earthquake","M 0.4 - 6 km NE of Government Camp, Oregon","https://earthquake.usgs.gov/earthquakes/eventpage/uw714117771","https://earthquake.usgs.gov/fdsnws/event/1/query?eventid=uw714117771&format=geojson"
"ci41344775","2026-10-08T01:39:02Z","2026-10-07T21:39:02-04:00","2026-10-08T17:28:27Z","1.0","0.92","3 km W of Fontana, CA","34.096","-117.491833333333","United States of America","6.5","6.46",,,,,"reviewed","0","13","earthquake","M 0.9 - 3 km W of Fontana, CA","https://earthquake.usgs.gov/earthquakes/eventpage/ci41344775","https://earthquake.usgs.gov/fdsnws/event/1/query?eventid=ci41344775&format=geojson"
"nc75446281","2026-10-08T01:38:31Z","2026-10-07T21:38:31-04:00","2026-10-08T02:12:21Z","1.2","1.15","2 km NW of The Geysers, CA","38.7879981994629","-122.768165588379","United States of America","1.0","1.03",,,,,"automatic","0","20","earthquake","M 1.2 - 2 km NW of The Geysers, CA","https://earthquake.usgs.gov/earthquakes/eventpage/nc75446281","https://earthquake.usgs.gov/fdsnws/event/1/query?eventid=nc75446281&format=geojson"
"nc75446276","2026-10-08T01:27:44Z","2026-10-07T21:27:44-04:00","2026-10-08T01:29:19Z","1.0","0.88","10 km SE of Mammoth Lakes, CA","37.5848350524902","-118.8818359375","United States of America","3.0","3",,,,,"automatic","0","12","earthquake","M 0.9 - 10 km SE of Mammoth Lakes, CA","https://earthquake.usgs.gov/earthquakes/eventpage/nc75446276","https://earthquake.usgs.gov/fdsnws/event/1/query?eventid=nc75446276&format=geojson"
"nc75446271","2026-10-08T00:54:51Z","2026-10-07T20:54:51-04:00","2026-10-08T00:56:29Z","1.0","0.82","8 km NW of The Geysers, CA","38.8279991149902","-122.815170288086","United States of America","2.1","2.08",,,,,"automatic","0","10","earthquake","M 0.8 - 8 km NW of The Geysers, CA","https://earthquake.usgs.gov/earthquakes/eventpage/nc75446271","https://earthquake.usgs.gov/fdsnws/event/1/query?eventid=nc75446271&format=geojson"
"ci41344767","2026-10-08T00:46:12Z","2026-10-07T20:46:12-04:00","2026-10-08T13:59:49Z","1.0","0.53","3 km WSW of Anza, CA","33.5391666666667","-116.703333333333","United States of America","5.9","5.87",,,,,"reviewed","0","4","earthquake","M 0.5 - 3 km WSW of Anza, CA","https://earthquake.usgs.gov/earthquakes/eventpage/ci41344767","https://earthquake.usgs.gov/fdsnws/event/1/query?eventid=ci41344767&format=geojson"
"ci41344759","2026-10-08T00:35:29Z","2026-10-07T20:35:29-04:00","2026-10-08T22:29:30Z","1.0","0.66","24 km SSW of La Quinta, CA","33.471","-116.4215","United States of America","13.3","13.26",,,,,"reviewed","0","7","earthquake","M 0.7 - 24 km SSW of La Quinta, CA","https://earthquake.usgs.gov/earthquakes/eventpage/ci41344759","https://earthquake.usgs.gov/fdsnws/event/1/query?eventid=ci41344759&format=geojson"
"uw714117751","2026-10-08T00:22:38Z","2026-10-07T20:22:38-04:00","2026-10-08T17:08:22Z","1.5","1.5","3 km N of Langford, Canada","48.4783333333333","-123.5105","Canada","-0.2","-0.21",,,,,"reviewed","0","35","explosion","M 1.5 Explosion - 3 km N of Langford, Canada","https://earthquake.usgs.gov/earthquakes/eventpage/uw714117751","https://earthquake.usgs.gov/fdsnws/event/1/query?eventid=uw714117751&format=geojson"
"pr71536033","2026-10-08T00:03:26Z","2026-10-07T20:03:26-04:00","2026-10-08T00:13:43Z","2.1","2.06","2 km NE of Lluveras, Puerto Rico","18.0523333333333","-66.8876666666667","Puerto Rico","16.1","16.12",,,,,"reviewed","0","65","earthquake","M 2.1 - 2 km NE of Lluveras, Puerto Rico","https://earthquake.usgs.gov/earthquakes/eventpage/pr71536033","https://earthquake.usgs.gov/fdsnws/event/1/query?eventid=pr71536033&format=geojson"
"ci41344751","2026-10-07T23:38:42Z","2026-10-07T19:38:42-04:00","2026-10-08T20:30:24Z","1.0","0.33","11 km ENE of North Tustin, CA","33.8146666666667","-117.695333333333","United States of America","-0.5","-0.48",,,,,"reviewed","0","2","earthquake","M 0.3 - 11 km ENE of North Tustin, CA","https://earthquake.usgs.gov/earthquakes/eventpage/ci41344751","https://earthquake.usgs.gov/fdsnws/event/1/query?eventid=ci41344751&format=geojson"
"ci41344743","2026-10-07T23:23:26Z","2026-10-07T19:23:26-04:00","2026-10-08T14:00:24Z","1.1","1.09","17 km N of Borrego Springs, CA","33.4093333333333","-116.4055","United States of America","8.1","8.05",,,,,"reviewed","0","18","earthquake","M 1.1 - 17 km N of Borrego Springs, CA","https://earthquake.usgs.gov/earthquakes/eventpage/ci41344743","https://earthquake.usgs.gov/fdsnws/event/1/query?eventid=ci41344743&format=geojson"
"nc75446241","2026-10-07T23:17:47Z","2026-10-07T19:17:47-04:00","2026-10-07T23:52:21Z","1.3","1.28","7 km NW of The Geysers, CA","38.8154983520508","-122.814834594727","United States of America","2.8","2.82",,,,,"automatic","0","25","earthquake","M 1.3 - 7 km NW of The Geysers, CA","https://earthquake.usgs.gov/earthquakes/eventpage/nc75446241","https://earthquake.usgs.gov/fdsnws/event/1/query?eventid=nc75446241&format=geojson"
"nm60628491","2026-10-07T23:14:40Z","2026-10-07T19:14:40-04:00","2026-10-08T12:30:27Z","2.0","1.97","7 km NW of Tiptonville, Tennessee","36.4305","-89.5241666666667","United States of America","8.9","8.85",,,,,"reviewed","0","60","earthquake","M 2.0 - 7 km NW of Tiptonville, Tennessee","https://earthquake.usgs.gov/earthquakes/eventpage/nm60628491","https://earthquake.usgs.gov/fdsnws/event/1/query?eventid=nm60628491&format=geojson"
"nc75446236","2026-10-07T23:13:29Z","2026-10-07T19:13:29-04:00","2026-10-07T23:15:03Z","1.0","0.76","1 km NNE of The Geysers, CA","38.7863349914551","-122.750503540039","United States of America","0.7","0.7",,,,,"automatic","0","9","earthquake","M 0.8 - 1 km NNE of The Geysers, CA","https://earthquake.usgs.gov/earthquakes/eventpage/nc75446236","https://earthquake.usgs.gov/fdsnws/event/1/query?eventid=nc75446236&format=geojson"
"ci41344735","2026-10-07T22:57:15Z","2026-10-07T18:57:15-04:00","2026-10-08T14:00:20Z","1.4","1.35","17 km N of Borrego Springs, CA","33.4078333333333","-116.401","United States of America","9.2","9.24",,,,,"reviewed","0","28","earthquake","M 1.4 - 17 km N of Borrego Springs, CA","https://earthquake.usgs.gov/earthquakes/eventpage/ci41344735","https://earthquake.usgs.gov/fdsnws/event/1/query?eventid=ci41344735&format=geojson"
"uw714117721","2026-10-07T22:49:07Z","2026-10-07T18:49:07-04:00","2026-10-08T00:33:49Z","1.2","1.22","9 km ENE of Abbotsford, Canada","49.0808333333333","-122.1225","Canada","-0.7","-0.71",,,,,"reviewed","0","23","explosion","M 1.2 Explosion - 9 km ENE of Abbotsford, Canada","https://earthquake.usgs.gov/earthquakes/eventpage/uw714117721","https://earthquake.usgs.gov/fdsnws/event/1/query?eventid=uw714117721&format=geojson"
"uw714117711","2026-10-07T22:47:19Z","2026-10-07T18:47:19-04:00","2026-10-08T17:19:51Z","1.1","1.11","4 km W of Yacolt, Washington","45.8591666666667","-122.464166666667","United States of America","-0.6","-0.61",,,,,"reviewed","0","19","explosion","M 1.1 Explosion - 4 km W of Yacolt, Washington","https://earthquake.usgs.gov/earthquakes/eventpage/uw714117711","https://earthquake.usgs.gov/fdsnws/event/1/query?eventid=uw714117711&format=geojson"
"tx2026ttwuor","2026-10-07T22:44:02Z","2026-10-07T18:44:02-04:00","2026-10-09T15:40:22Z","1.1","1.1","13 km W of Stanton, Texas","32.107","-101.924","United States of America","8.3","8.3252",,,,,"reviewed","0","19","earthquake","M 1.1 - 13 km W of Stanton, Texas","https://earthquake.usgs.gov/earthquakes/eventpage/tx2026ttwuor","https://earthquake.usgs.gov/fdsnws/event/1/query?eventid=tx2026ttwuor&format=geojson"
"tx2026ttwqch","2026-10-07T22:38:22Z","2026-10-07T18:38:22-04:00","2026-10-08T10:46:33Z","1.1","1.1","18 km NNE of Midland, Texas","32.141","-101.984","United States of America","8.9","8.9111",,,,,"reviewed","0","19","earthquake","M 1.1 - 18 km NNE of Midland, Texas","https://earthquake.usgs.gov/earthquakes/eventpage/tx2026ttwqch","https://earthquake.usgs.gov/fdsnws/event/1/query?eventid=tx2026ttwqch&format=geojson"
"uw714117691","2026-10-07T22:34:08Z","2026-10-07T18:34:08-04:00","2026-10-08T00:14:19Z","1.0","0.21","38 km NNE of Amboy, Washington","46.2075","-122.195833333333","United States of America","1.5","1.49",,,,,"reviewed","0","1","earthquake","M 0.2 - 38 km NNE of Amboy, Washington","https://earthquake.usgs.gov/earthquakes/eventpage/uw714117691","https://earthquake.usgs.gov/fdsnws/event/1/query?eventid=uw714117691&format=geojson"
"uw714117681","2026-10-07T22:16:55Z","2026-10-07T18:16:55-04:00","2026-10-08T17:26:52Z","1.2","1.17","13 km SE of Verlot, Washington","48.0155","-121.6385","United States of America","6.3","6.31",,,,,"reviewed","0","21","earthquake","M 1.2 - 13 km SE of Verlot, Washington","https://earthquake.usgs.gov/earthquakes/eventpage/uw714117681","https://earthquake.usgs.gov/fdsnws/event/1/query?eventid=uw714117681&format=geojson"
"nc75446206","2026-10-07T22:11:04Z","2026-10-07T18:11:04-04:00","2026-10-07T22:52:23Z","1.8","1.82","15 km SSE of New Idria, CA","36.2923316955566","-120.606834411621","United States of America","6.2","6.17",,,,,"automatic","0","51","earthquake","M 1.8 - 15 km SSE of New Idria, CA","https://earthquake.usgs.gov/earthquakes/eventpage/nc75446206","https://earthquake.usgs.gov/fdsnws/event/1/query?eventid=nc75446206&format=geojson"
"ci41344727","2026-10-07T22:04:26Z","2026-10-07T18:04:26-04:00","2026-10-08T14:00:29Z","1.0","0.94","8 km WNW of Anza, CA","33.5791666666667","-116.759166666667","United States of America","12.3","12.32",,,,,"reviewed","0","14","earthquake","M 0.9 - 8 km WNW of Anza, CA","https://earthquake.usgs.gov/earthquakes/eventpage/ci41344727","https://earthquake.usgs.gov/fdsnws/event/1/query?eventid=ci41344727&format=geojson"
"nn00925438","2026-10-07T22:03:11Z","2026-10-07T18:03:11-04:00","2026-10-08T02:06:50Z","1.5","1.5","40 km SSE of Sandy Valley, Nevada","35.4563","-115.5388","United States of America","0.0","0",,,,,"reviewed","0","35","explosion","M 1.5 Explosion - 40 km SSE of Sandy Valley, Nevada","https://earthquake.usgs.gov/earthquakes/eventpage/nn00925438","https://earthquake.usgs.gov/fdsnws/event/1/query?eventid=nn00925438&format=geojson"
"nc75446201","2026-10-07T21:51:09Z","2026-10-07T17:51:09-04:00","2026-10-07T22:27:20Z","1.5","1.54","11 km N of Brooktrails, CA","39.5438346862793","-123.359664916992","United States of America","8.3","8.33",,,,,"automatic","0","36","earthquake","M 1.5 - 11 km N of Brooktrails, CA","https://earthquake.usgs.gov/earthquakes/eventpage/nc75446201","https://earthquake.usgs.gov/fdsnws/event/1/query?eventid=nc75446201&format=geojson"
"uw714117651","2026-10-07T21:50:21Z","2026-10-07T17:50:21-04:00","2026-10-08T00:07:26Z","1.0","0.57","20 km S of Morton, Washington","46.3731666666667","-122.322333333333","United States of America","16.9","16.88",,,,,"reviewed","0","5","earthquake","M 0.6 - 20 km S of Morton, Washington","https://earthquake.usgs.gov/earthquakes/eventpage/uw714117651","https://earthquake.usgs.gov/fdsnws/event/1/query?eventid=uw714117651&format=geojson"
"nc75446196","2026-10-07T21:41:15Z","2026-10-07T17:41:15-04:00","2026-10-07T21:42:54Z","1.0","0.49","2 km NNW of The Geysers, CA","38.7933349609375","-122.761001586914","United States of America","2.1","2.1",,,,,"automatic","0","4","earthquake","M 0.5 - 2 km NNW of The Geysers, CA","https://earthquake.usgs.gov/earthquakes/eventpage/nc75446196","https://earthquake.usgs.gov/fdsnws/event/1/query?eventid=nc75446196&format=geojson"
"uw714117601","2026-10-07T21:29:38Z","2026-10-07T17:29:38-04:00","2026-10-07T23:52:16Z","1.0","0.08","38 km NNE of Amboy, Washington","46.2043333333333","-122.192666666667","United States of America","3.1","3.06",,,,,"reviewed","0","0","earthquake","M 0.1 - 38 km NNE of Amboy, Washington","https://earthquake.usgs.gov/earthquakes/eventpage/uw714117601","https://earthquake.usgs.gov/fdsnws/event/1/query?eventid=uw714117601&format=geojson"
"nc75446181","2026-10-07T21:29:20Z","2026-10-07T17:29:20-04:00","2026-10-07T21:30:58Z","1.1","1.06","7 km ESE of Cloverdale, CA","38.7924995422363","-122.935333251953","United States of America","3.2","3.18",,,,,"automatic","0","17","earthquake","M 1.1 - 7 km ESE of Cloverdale, CA","https://earthquake.usgs.gov/earthquakes/eventpage/nc75446181","https://earthquake.usgs.gov/fdsnws/event/1/query?eventid=nc75446181&format=geojson"
"nn00925437","2026-10-07T21:22:53Z","2026-10-07T17:22:53-04:00","2026-10-08T02:06:31Z","2.1","2.07","53 km S of Kingston, Nevada","38.7259","-117.0945","United States of America","0.0","0",,,,,"reviewed","0","66","explosion","M 2.1 Explosion - 53 km S of Kingston, Nevada","https://earthquake.usgs.gov/earthquakes/eventpage/nn00925437","https://earthquake.usgs.gov/fdsnws/event/1/query?eventid=nn00925437&format=geojson"
"nc75446171","2026-10-07T20:52:28Z","2026-10-07T16:52:28-04:00","2026-10-07T20:54:04Z","1.1","1.06","10 km NW of The Geysers, CA","38.8294982910156","-122.851501464844","United States of America","1.4","1.42",,,,,"automatic","0","17","earthquake","M 1.1 - 10 km NW of The Geysers, CA","https://earthquake.usgs.gov/earthquakes/eventpage/nc75446171","https://earthquake.usgs.gov/fdsnws/event/1/query?eventid=nc75446171&format=geojson"
"tx2026ttsioi","2026-10-07T20:28:55Z","2026-10-07T16:28:55-04:00","2026-10-08T13:08:13Z","1.2","1.2","19 km SE of Lindsay, Texas","31.252","-103.391","United States of America","1.5","1.5369",,,,,"reviewed","0","22","earthquake","M 1.2 - 19 km SE of Lindsay, Texas","https://earthquake.usgs.gov/earthquakes/eventpage/tx2026ttsioi","https://earthquake.usgs.gov/fdsnws/event/1/query?eventid=tx2026ttsioi&format=geojson"
"uw714117561","2026-10-07T20:15:59Z","2026-10-07T16:15:59-04:00","2026-10-08T17:40:44Z","1.6","1.57","20 km E of Castle Rock, Washington","46.2468333333333","-122.644","United States of America","17.4","17.4",,,,,"reviewed","0","38","earthquake","M 1.6 - 20 km E of Castle Rock, Washington","https://earthquake.usgs.gov/earthquakes/eventpage/uw714117561","https://earthquake.usgs.gov/fdsnws/event/1/query?eventid=uw714117561&format=geojson"
"ci41344679","2026-10-07T20:13:24Z","2026-10-07T16:13:24-04:00","2026-10-07T20:44:20Z","1.0","0.91","7 km NNW of La Mesa, CA","32.8263333333333","-117.0585","United States of America","-0.1","-0.11",,,,,"reviewed","0","13","quarry blast","M 0.9 Quarry Blast - 7 km NNW of La Mesa, CA","https://earthquake.usgs.gov/earthquakes/eventpage/ci41344679","https://earthquake.usgs.gov/fdsnws/event/1/query?eventid=ci41344679&format=geojson"
"tx2026ttrdyo","2026-10-07T19:56:42Z","2026-10-07T15:56:42-04:00","2026-10-08T10:14:45Z","1.5","1.5","13 km WSW of Stanton, Texas","32.105","-101.924","United States of America","8.5","8.5205",,,,,"reviewed","0","35","earthquake","M 1.5 - 13 km WSW of Stanton, Texas","https://earthquake.usgs.gov/earthquakes/eventpage/tx2026ttrdyo","https://earthquake.usgs.gov/fdsnws/event/1/query?eventid=tx2026ttrdyo&format=geojson"
"ci41344663","2026-10-07T19:45:45Z","2026-10-07T15:45:45-04:00","2026-10-07T21:16:23Z","1.5","1.45","1 km WNW of Loma Linda, CA","34.0548333333333","-117.273333333333","United States of America","15.7","15.71",,,,,"reviewed","0","32","earthquake","M 1.5 - 1 km WNW of Loma Linda, CA","https://earthquake.usgs.gov/earthquakes/eventpage/ci41344663","https://earthquake.usgs.gov/fdsnws/event/1/query?eventid=ci41344663&format=geojson"
"tx2026ttqakc","2026-10-07T19:19:05Z","2026-10-07T15:19:05-04:00","2026-10-07T22:42:56Z","1.8","1.8","13 km ESE of Pearsall, Texas","28.867","-98.961","United States of America","7.2","7.1724",,,,,"reviewed","0","50","earthquake","M 1.8 - 13 km ESE of Pearsall, Texas","https://earthquake.usgs.gov/earthquakes/eventpage/tx2026ttqakc","https://earthquake.usgs.gov/fdsnws/event/1/query?eventid=tx2026ttqakc&format=geojson"
"ci41344655","2026-10-07T19:17:33Z","2026-10-07T15:17:33-04:00","2026-10-07T20:26:34Z","1.9","1.88","4 km SE of Brawley, CA","32.9515","-115.499","United States of America","8.5","8.47",,,,,"reviewed","0","54","earthquake","M 1.9 - 4 km SE of Brawley, CA","https://earthquake.usgs.gov/earthquakes/eventpage/ci41344655","https://earthquake.usgs.gov/fdsnws/event/1/query?eventid=ci41344655&format=geojson"
"tx2026ttptfh","2026-10-07T19:10:46Z","2026-10-07T15:10:46-04:00","2026-10-08T17:08:36Z","1.1","1.1","12 km WSW of Stanton, Texas","32.091","-101.915","United States of America","9.5","9.4727",,,,,"reviewed","0","19","earthquake","M 1.1 - 12 km WSW of Stanton, Texas","https://earthquake.usgs.gov/earthquakes/eventpage/tx2026ttptfh","https://earthquake.usgs.gov/fdsnws/event/1/query?eventid=tx2026ttptfh&format=geojson"
"ci41344647","2026-10-07T19:10:32Z","2026-10-07T15:10:32-04:00","2026-10-07T20:27:10Z","2.1","2.07","31 km SW of Dana Point, CA","33.27","-117.935666666667","United States of America","13.6","13.55",,,,,"reviewed","0","66","earthquake","M 2.1 - 31 km SW of Dana Point, CA","https://earthquake.usgs.gov/earthquakes/eventpage/ci41344647","https://earthquake.usgs.gov/fdsnws/event/1/query?eventid=ci41344647&format=geojson"
"nc75446096","2026-10-07T18:52:19Z","2026-10-07T14:52:19-04:00","2026-10-07T19:52:22Z","1.7","1.66","8 km ESE of Prunedale, CA","36.7491683959961","-121.589500427246","United States of America","1.6","1.56",,,,,"automatic","0","42","earthquake","M 1.7 - 8 km ESE of Prunedale, CA","https://earthquake.usgs.gov/earthquakes/eventpage/nc75446096","https://earthquake.usgs.gov/fdsnws/event/1/query?eventid=nc75446096&format=geojson"
"nc75446086","2026-10-07T18:52:09Z","2026-10-07T14:52:09-04:00","2026-10-07T18:53:48Z","1.1","1.05","8 km WNW of Cobb, CA","38.8388328552246","-122.807167053223","United States of America","2.0","2.03",,,,,"automatic","0","17","earthquake","M 1.1 - 8 km WNW of Cobb, CA","https://earthquake.usgs.gov/earthquakes/eventpage/nc75446086","https://earthquake.usgs.gov/fdsnws/event/1/query?eventid=nc75446086&format=geojson"
"ok2026treo","2026-10-07T18:47:23Z","2026-10-07T14:47:23-04:00","2026-10-09T23:15:49Z","2.4","2.38","6 km SE of Chickasha, Oklahoma","35.0195","-97.87716667","United States of America","10.1","10.13","12","3.3",,,"reviewed","0","91","earthquake","M 2.4 - 6 km SE of Chickasha, Oklahoma","https://earthquake.usgs.gov/earthquakes/eventpage/ok2026treo","https://earthquake.usgs.gov/fdsnws/event/1/query?eventid=ok2026treo&format=geojson"
"uw714117531","2026-10-07T18:38:50Z","2026-10-07T14:38:50-04:00","2026-10-07T23:49:10Z","1.0","0.71","3 km SW of Ashford, Washington","46.7385","-122.059833333333","United States of America","7.1","7.06",,,,,"reviewed","0","8","earthquake","M 0.7 - 3 km SW of Ashford, Washington","https://earthquake.usgs.gov/earthquakes/eventpage/uw714117531","https://earthquake.usgs.gov/fdsnws/event/1/query?eventid=uw714117531&format=geojson"
"nc75446066","2026-10-07T18:22:18Z","2026-10-07T14:22:18-04:00","2026-10-07T18:23:54Z","1.0","0.71","6 km WNW of Cobb, CA","38.8343315124512","-122.793998718262","United States of America","2.2","2.2",,,,,"automatic","0","8","earthquake","M 0.7 - 6 km WNW of Cobb, CA","https://earthquake.usgs.gov/earthquakes/eventpage/nc75446066","https://earthquake.usgs.gov/fdsnws/event/1/query?eventid=nc75446066&format=geojson"
"nc75446061","2026-10-07T18:20:10Z","2026-10-07T14:20:10-04:00","2026-10-07T18:21:49Z","1.0","0.93","8 km W of Cobb, CA","38.8346672058105","-122.815002441406","United States of America","1.7","1.68",,,,,"automatic","0","13","earthquake","M 0.9 - 8 km W of Cobb, CA","https://earthquake.usgs.gov/earthquakes/eventpage/nc75446061","https://earthquake.usgs.gov/fdsnws/event/1/query?eventid=nc75446061&format=geojson"
"tx2026ttnpcj","2026-10-07T18:05:56Z","2026-10-07T14:05:56-04:00","2026-10-09T16:11:05Z","1.0","0.6","13 km WSW of Stanton, Texas","32.105","-101.924","United States of America","7.1","7.0557",,,,,"reviewed","0","6","earthquake","M 0.6 - 13 km WSW of Stanton, Texas","https://earthquake.usgs.gov/earthquakes/eventpage/tx2026ttnpcj","https://earthquake.usgs.gov/fdsnws/event/1/query?eventid=tx2026ttnpcj&format=geojson"
"uw714117461","2026-10-07T17:19:16Z","2026-10-07T13:19:16-04:00","2026-10-08T17:44:01Z","2.1","2.1","11 km S of Princeton, Canada","49.3576666666667","-120.482333333333","Canada","-0.4","-0.36",,,,,"reviewed","0","68","explosion","M 2.1 Explosion - 11 km S of Princeton, Canada","https://earthquake.usgs.gov/earthquakes/eventpage/uw714117461","https://earthquake.usgs.gov/fdsnws/event/1/query?eventid=uw714117461&format=geojson"
"tx2026ttlzei","2026-10-07T17:17:08Z","2026-10-07T13:17:08-04:00","2026-10-08T17:21:50Z","3.6","3.6","10 km SW of Coyanosa, Texas","31.171","-103.137","United States of America","2.5","2.511",,,"3.622",,"reviewed","0","199","earthquake","M 3.6 - 10 km SW of Coyanosa, Texas","https://earthquake.usgs.gov/earthquakes/eventpage/tx2026ttlzei","https://earthquake.usgs.gov/fdsnws/event/1/query?eventid=tx2026ttlzei&format=geojson"
"nn00925431","2026-10-07T17:06:59Z","2026-10-07T13:06:59-04:00","2026-10-08T02:06:18Z","2.5","2.47","20 km WNW of Preston, Nevada","38.952","-115.2965","United States of America","5.8","5.8147",,,,,"reviewed","0","94","earthquake","M 2.5 - 20 km WNW of Preston, Nevada","https://earthquake.usgs.gov/earthquakes/eventpage/nn00925431","https://earthquake.usgs.gov/fdsnws/event/1/query?eventid=nn00925431&format=geojson"
"nc75446031","2026-10-07T16:48:44Z","2026-10-07T12:48:44-04:00","2026-10-07T16:50:23Z","2.4","2.42","13 km E of Santa Margarita, CA","35.3860015869141","-120.466835021973","United States of America","7.7","7.72",,,,,"automatic","0","90","earthquake","M 2.4 - 13 km E of Santa Margarita, CA","https://earthquake.usgs.gov/earthquakes/eventpage/nc75446031","https://earthquake.usgs.gov/fdsnws/event/1/query?eventid=nc75446031&format=geojson"
"tx2026ttkvhg","2026-10-07T16:44:41Z","2026-10-07T12:44:41-04:00","2026-10-08T16:59:05Z","1.2","1.2","13 km WSW of Stanton, Texas","32.101","-101.926","United States of America","9.2","9.2041",,,,,"reviewed","0","22","earthquake","M 1.2 - 13 km WSW of Stanton, Texas","https://earthquake.usgs.gov/earthquakes/eventpage/tx2026ttkvhg","https://earthquake.usgs.gov/fdsnws/event/1/query?eventid=tx2026ttkvhg&format=geojson"
"ci41344615","2026-10-07T16:43:55Z","2026-10-07T12:43:55-04:00","2026-10-07T17:19:58Z","1.0","0.43","9 km WNW of Anza, CA","33.585","-116.758","United States of America","12.2","12.24",,,,,"reviewed","0","3","earthquake","M 0.4 - 9 km WNW of Anza, CA","https://earthquake.usgs.gov/earthquakes/eventpage/ci41344615","https://earthquake.usgs.gov/fdsnws/event/1/query?eventid=ci41344615&format=geojson"
"nc75446026","2026-10-07T16:36:14Z","2026-10-07T12:36:14-04:00","2026-10-07T16:37:53Z","1.0","0.71","4 km W of Cobb, CA","38.8175010681152","-122.766670227051","United States of America","1.9","1.89",,,,,"automatic","0","8","earthquake","M 0.7 - 4 km W of Cobb, CA","https://earthquake.usgs.gov/earthquakes/eventpage/nc75446026","https://earthquake.usgs.gov/fdsnws/event/1/query?eventid=nc75446026&format=geojson"
"ci41344607","2026-10-07T16:29:33Z","2026-10-07T12:29:33-04:00","2026-10-07T20:01:42Z","1.2","1.16","10 km SSW of Idyllwild, CA","33.6581666666667","-116.768833333333","United States of America","14.2","14.24",,,,,"reviewed","0","21","earthquake","M 1.2 - 10 km SSW of Idyllwild, CA","https://earthquake.usgs.gov/earthquakes/eventpage/ci41344607","https://earthquake.usgs.gov/fdsnws/event/1/query?eventid=ci41344607&format=geojson"
"ci41344599","2026-10-07T16:13:51Z","2026-10-07T12:13:51-04:00","2026-10-07T17:52:40Z","1.0","0.44","9 km WNW of Anza, CA","33.5876666666667","-116.757","United States of America","11.9","11.92",,,,,"reviewed","0","3","earthquake","M 0.4 - 9 km WNW of Anza, CA","https://earthquake.usgs.gov/earthquakes/eventpage/ci41344599","https://earthquake.usgs.gov/fdsnws/event/1/query?eventid=ci41344599&format=geojson"
"nc75445991","2026-10-07T15:31:24Z","2026-10-07T11:31:24-04:00","2026-10-07T15:33:01Z","1.1","1.09","9 km WNW of The Geysers, CA","38.8206672668457","-122.843330383301","United States of America","2.3","2.31",,,,,"automatic","0","18","earthquake","M 1.1 - 9 km WNW of The Geysers, CA","https://earthquake.usgs.gov/earthquakes/eventpage/nc75445991","https://earthquake.usgs.gov/fdsnws/event/1/query?eventid=nc75445991&format=geojson"
"nc75445986","2026-10-07T15:26:51Z","2026-10-07T11:26:51-04:00","2026-10-07T15:28:26Z","1.1","1.05","7 km WNW of Cobb, CA","38.8359985351562","-122.807502746582","United States of America","2.1","2.05",,,,,"automatic","0","17","earthquake","M 1.1 - 7 km WNW of Cobb, CA","https://earthquake.usgs.gov/earthquakes/eventpage/nc75445986","https://earthquake.usgs.gov/fdsnws/event/1/query?eventid=nc75445986&format=geojson"
"nn00925428","2026-10-07T15:18:28Z","2026-10-07T11:18:28-04:00","2026-10-08T02:06:09Z","1.5","1.53","16 km SE of Silver Springs, Nevada","39.3144","-119.0777","United States of America","6.3","6.3183",,,,,"reviewed","0","36","earthquake","M 1.5 - 16 km SE of Silver Springs, Nevada","https://earthquake.usgs.gov/earthquakes/eventpage/nn00925428","https://earthquake.usgs.gov/fdsnws/event/1/query?eventid=nn00925428&format=geojson"
"ci41344583","2026-10-07T15:18:17Z","2026-10-07T11:18:17-04:00","2026-10-07T16:14:56Z","1.0","0.22","4 km WSW of Anza, CA","33.5368333333333","-116.710333333333","United States of America","6.3","6.32",,,,,"reviewed","0","1","earthquake","M 0.2 - 4 km WSW of Anza, CA","https://earthquake.usgs.gov/earthquakes/eventpage/ci41344583","https://earthquake.usgs.gov/fdsnws/event/1/query?eventid=ci41344583&format=geojson"
"ci41344559","2026-10-07T14:55:12Z","2026-10-07T10:55:12-04:00","2026-10-07T15:55:31Z","1.7","1.74","10 km S of Idyllwild, CA","33.6466666666667","-116.727","United States of America","15.3","15.33",,,,,"reviewed","0","47","earthquake","M 1.7 - 10 km S of Idyllwild, CA","https://earthquake.usgs.gov/earthquakes/eventpage/ci41344559","https://earthquake.usgs.gov/fdsnws/event/1/query?eventid=ci41344559&format=geojson"
"tx2026tthdxa","2026-10-07T14:51:40Z","2026-10-07T10:51:40-04:00","2026-10-08T16:50:13Z","2.0","2","52 km SSW of Whites City, New Mexico","31.726","-104.559","United States of America","6.6","6.5613",,,,,"reviewed","0","62","earthquake","M 2.0 - 52 km SSW of Whites City, New Mexico","https://earthquake.usgs.gov/earthquakes/eventpage/tx2026tthdxa","https://earthquake.usgs.gov/fdsnws/event/1/query?eventid=tx2026tthdxa&format=geojson"
"ci41344543","2026-10-07T14:36:30Z","2026-10-07T10:36:30-04:00","2026-10-07T16:46:23Z","1.0","0.89","8 km WSW of Ocotillo, CA","32.7055","-116.072833333333","United States of America","10.0","9.99",,,,,"reviewed","0","12","earthquake","M 0.9 - 8 km WSW of Ocotillo, CA","https://earthquake.usgs.gov/earthquakes/eventpage/ci41344543","https://earthquake.usgs.gov/fdsnws/event/1/query?eventid=ci41344543&format=geojson"
"pr71535953","2026-10-07T14:08:16Z","2026-10-07T10:08:16-04:00","2026-10-07T14:54:59Z","3.4","3.43","81 km NNE of Luquillo, Puerto Rico","19.0458333333333","-65.415","Puerto Rico","39.7","39.66",,,,,"reviewed","0","181","earthquake","M 3.4 - 81 km NNE of Luquillo, Puerto Rico","https://earthquake.usgs.gov/earthquakes/eventpage/pr71535953","https://earthquake.usgs.gov/fdsnws/event/1/query?eventid=pr71535953&format=geojson"
"tx2026ttfojv","2026-10-07T14:03:26Z","2026-10-07T10:03:26-04:00","2026-10-07T14:50:27Z","1.3","1.3","41 km W of Mentone, Texas","31.707","-104.041","United States of America","4.7","4.7028",,,,,"reviewed","0","26","earthquake","M 1.3 - 41 km W of Mentone, Texas","https://earthquake.usgs.gov/earthquakes/eventpage/tx2026ttfojv","https://earthquake.usgs.gov/fdsnws/event/1/query?eventid=tx2026ttfojv&format=geojson"
"nc75445961","2026-10-07T13:58:37Z","2026-10-07T09:58:37-04:00","2026-10-07T14:00:12Z","1.0","0.72","6 km NNW of The Geysers, CA","38.8196678161621","-122.792663574219","United States of America","3.4","3.36",,,,,"automatic","0","8","earthquake","M 0.7 - 6 km NNW of The Geysers, CA","https://earthquake.usgs.gov/earthquakes/eventpage/nc75445961","https://earthquake.usgs.gov/fdsnws/event/1/query?eventid=nc75445961&format=geojson"
"nc75445956","2026-10-07T13:56:25Z","2026-10-07T09:56:25-04:00","2026-10-07T13:58:02Z","1.0","1.03","6 km NW of The Geysers, CA","38.8188323974609","-122.792503356934","United States of America","3.5","3.52",,,,,"automatic","0","16","earthquake","M 1.0 - 6 km NW of The Geysers, CA","https://earthquake.usgs.gov/earthquakes/eventpage/nc75445956","https://earthquake.usgs.gov/fdsnws/event/1/query?eventid=nc75445956&format=geojson"
"uw714117341","2026-10-07T13:33:56Z","2026-10-07T09:33:56-04:00","2026-10-08T17:51:35Z","1.0","0.94","2 km ENE of Six Mile, Canada","48.4685","-123.4355","Canada","19.3","19.34",,,,,"reviewed","0","14","earthquake","M 0.9 - 2 km ENE of Six Mile, Canada","https://earthquake.usgs.gov/earthquakes/eventpage/uw714117341","https://earthquake.usgs.gov/fdsnws/event/1/query?eventid=uw714117341&format=geojson"
"tx2026ttdwmb","2026-10-07T13:12:39Z","2026-10-07T09:12:39-04:00","2026-10-07T20:19:33Z","1.6","1.6","35 km NW of Toyah, Texas","31.544","-104.059","United States of America","6.5","6.5485",,,,,"reviewed","0","39","earthquake","M 1.6 - 35 km NW of Toyah, Texas","https://earthquake.usgs.gov/earthquakes/eventpage/tx2026ttdwmb","https://earthquake.usgs.gov/fdsnws/event/1/query?eventid=tx2026ttdwmb&format=geojson"
"nc75445941","2026-10-07T13:03:51Z","2026-10-07T09:03:51-04:00","2026-10-07T13:37:24Z","1.8","1.82","13 km SE of Middletown, CA","38.6870002746582","-122.495002746582","United States of America","6.4","6.43",,,,,"automatic","0","51","earthquake","M 1.8 - 13 km SE of Middletown, CA","https://earthquake.usgs.gov/earthquakes/eventpage/nc75445941","https://earthquake.usgs.gov/fdsnws/event/1/query?eventid=nc75445941&format=geojson"
"uw714117331","2026-10-07T13:01:52Z","2026-10-07T09:01:52-04:00","2026-10-07T23:40:47Z","1.0","0.91","2 km WNW of Lyman, Washington","48.5401666666667","-122.095333333333","United States of America","8.1","8.11",,,,,"reviewed","0","13","earthquake","M 0.9 - 2 km WNW of Lyman, Washington","https://earthquake.usgs.gov/earthquakes/eventpage/uw714117331","https://earthquake.usgs.gov/fdsnws/event/1/query?eventid=uw714117331&format=geojson"
"ci41344519","2026-10-07T12:39:16Z","2026-10-07T08:39:16-04:00","2026-10-07T16:55:44Z","1.0","0.8","5 km ESE of Wofford Heights, CA","35.6826666666667","-118.4105","United States of America","4.6","4.63",,,,,"reviewed","0","10","earthquake","M 0.8 - 5 km ESE of Wofford Heights, CA","https://earthquake.usgs.gov/earthquakes/eventpage/ci41344519","https://earthquake.usgs.gov/fdsnws/event/1/query?eventid=ci41344519&format=geojson"
"ci41344511","2026-10-07T12:38:43Z","2026-10-07T08:38:43-04:00","2026-10-07T15:14:51Z","1.0","0.59","9 km NNW of Rancho Cucamonga, CA","34.1991666666667","-117.620166666667","United States of America","8.9","8.94",,,,,"reviewed","0","5","earthquake","M 0.6 - 9 km NNW of Rancho Cucamonga, CA","https://earthquake.usgs.gov/earthquakes/eventpage/ci41344511","https://earthquake.usgs.gov/fdsnws/event/1/query?eventid=ci41344511&format=geojson"
"nc75445936","2026-10-07T12:12:33Z","2026-10-07T08:12:33-04:00","2026-10-07T12:14:11Z","1.1","1.07","6 km NW of The Geysers, CA","38.8209991455078","-122.795501708984","United States of America","2.0","1.96",,,,,"automatic","0","18","earthquake","M 1.1 - 6 km NW of The Geysers, CA","https://earthquake.usgs.gov/earthquakes/eventpage/nc75445936","https://earthquake.usgs.gov/fdsnws/event/1/query?eventid=nc75445936&format=geojson"
"uu80158761","2026-10-07T12:12:18Z","2026-10-07T08:12:18-04:00","2026-10-07T13:17:46Z","1.0","1.01","4 km SSE of West Yellowstone, Montana","44.6211666666667","-111.087833333333","United States of America","12.7","12.73",,,,,"reviewed","0","16","earthquake","M 1.0 - 4 km SSE of West Yellowstone, Montana","https://earthquake.usgs.gov/earthquakes/eventpage/uu80158761","https://earthquake.usgs.gov/fdsnws/event/1/query?eventid=uu80158761&format=geojson"
"ci41344503","2026-10-07T12:08:07Z","2026-10-07T08:08:07-04:00","2026-10-07T13:28:01Z","1.0","1.04","17 km NNW of Borrego Springs, CA","33.4016666666667","-116.443166666667","United States of America","13.9","13.85",,,,,"reviewed","0","17","earthquake","M 1.0 - 17 km NNW of Borrego Springs, CA","https://earthquake.usgs.gov/earthquakes/eventpage/ci41344503","https://earthquake.usgs.gov/fdsnws/event/1/query?eventid=ci41344503&format=geojson"
"uw714117321","2026-10-07T11:47:09Z","2026-10-07T07:47:09-04:00","2026-10-08T23:37:31Z","1.0","0.05","37 km NNE of Amboy, Washington","46.1991666666667","-122.187333333333","United States of America","2.5","2.47",,,,,"reviewed","0","0","earthquake","M 0.1 - 37 km NNE of Amboy, Washington","https://earthquake.usgs.gov/earthquakes/eventpage/uw714117321","https://earthquake.usgs.gov/fdsnws/event/1/query?eventid=uw714117321&format=geojson"
"ci41344487","2026-10-07T11:44:56Z","2026-10-07T07:44:56-04:00","2026-10-07T17:01:46Z","1.5","1.51","27 km E of Coso Junction, CA","36.0806666666667","-117.651833333333","United States of America","1.4","1.4",,,,,"reviewed","0","35","earthquake","M 1.5 - 27 km E of Coso Junction, CA","https://earthquake.usgs.gov/earthquakes/eventpage/ci41344487","https://earthquake.usgs.gov/fdsnws/event/1/query?eventid=ci41344487&format=geojson"
"ci41344479","2026-10-07T11:41:38Z","2026-10-07T07:41:38-04:00","2026-10-07T17:58:11Z","1.0","0.19","15 km N of Warner Springs, CA","33.4193333333333","-116.641166666667","United States of America","7.3","7.3",,,,,"reviewed","0","1","earthquake","M 0.2 - 15 km N of Warner Springs, CA","https://earthquake.usgs.gov/earthquakes/eventpage/ci41344479","https://earthquake.usgs.gov/fdsnws/event/1/query?eventid=ci41344479&format=geojson"
"nc75445921","2026-10-07T11:33:42Z","2026-10-07T07:33:42-04:00","2026-10-07T11:57:23Z","2.3","2.33","9 km W of Corcoran, CA","36.09716796875","-119.664497375488","United States of America","20.9","20.87",,,,,"automatic","0","84","earthquake","M 2.3 - 9 km W of Corcoran, CA","https://earthquake.usgs.gov/earthquakes/eventpage/nc75445921","https://earthquake.usgs.gov/fdsnws/event/1/query?eventid=nc75445921&format=geojson"
"nn00925420","2026-10-07T11:31:45Z","2026-10-07T07:31:45-04:00","2026-10-08T02:05:44Z","2.7","2.66","18 km W of Preston, Nevada","38.9018","-115.2777","United States of America","5.1","5.1382",,,,,"reviewed","0","109","earthquake","M 2.7 - 18 km W of Preston, Nevada","https://earthquake.usgs.gov/earthquakes/eventpage/nn00925420","https://earthquake.usgs.gov/fdsnws/event/1/query?eventid=nn00925420&format=geojson"
"nc75445916","2026-10-07T10:53:19Z","2026-10-07T06:53:19-04:00","2026-10-07T10:54:56Z","1.1","1.05","1 km ENE of The Geysers, CA","38.7801666259766","-122.745002746582","United States of America","1.0","0.97",,,,,"automatic","0","17","earthquake","M 1.1 - 1 km ENE of The Geysers, CA","https://earthquake.usgs.gov/earthquakes/eventpage/nc75445916","https://earthquake.usgs.gov/fdsnws/event/1/query?eventid=nc75445916&format=geojson"
"nc75445911","2026-10-07T10:31:00Z","2026-10-07T06:31:00-04:00","2026-10-07T11:07:25Z","1.5","1.52","14 km S of Tres Pinos, CA","36.6628341674805","-121.324333190918","United States of America","4.8","4.83",,,,,"automatic","0","36","earthquake","M 1.5 - 14 km S of Tres Pinos, CA","https://earthquake.usgs.gov/earthquakes/eventpage/nc75445911","https://earthquake.usgs.gov/fdsnws/event/1/query?eventid=nc75445911&format=geojson"
"tx2026tsxuqg","2026-10-07T10:12:42Z","2026-10-07T06:12:42-04:00","2026-10-07T20:04:22Z","1.8","1.8","36 km NW of Toyah, Texas","31.549","-104.06","United States of America","6.1","6.1127",,,,,"reviewed","0","50","earthquake","M 1.8 - 36 km NW of Toyah, Texas","https://earthquake.usgs.gov/earthquakes/eventpage/tx2026tsxuqg","https://earthquake.usgs.gov/fdsnws/event/1/query?eventid=tx2026tsxuqg&format=geojson"
"tx2026tsxwlw","2026-10-07T10:11:27Z","2026-10-07T06:11:27-04:00","2026-10-07T20:28:23Z","1.1","1.1","14 km NE of Jal, New Mexico","32.222","-103.1","United States of America","2.8","2.8314",,,,,"reviewed","0","19","earthquake","M 1.1 - 14 km NE of Jal, New Mexico","https://earthquake.usgs.gov/earthquakes/eventpage/tx2026tsxwlw","https://earthquake.usgs.gov/fdsnws/event/1/query?eventid=tx2026tsxwlw&format=geojson"
"ci41344463","2026-10-07T10:10:58Z","2026-10-07T06:10:58-04:00","2026-10-07T13:31:32Z","1.0","0.7","4 km SSW of Redlands, CA","34.0168333333333","-117.1965","United States of America","3.3","3.32",,,,,"reviewed","0","8","earthquake","M 0.7 - 4 km SSW of Redlands, CA","https://earthquake.usgs.gov/earthquakes/eventpage/ci41344463","https://earthquake.usgs.gov/fdsnws/event/1/query?eventid=ci41344463&format=geojson"
"nc75445906","2026-10-07T10:10:03Z","2026-10-07T06:10:03-04:00","2026-10-07T10:11:40Z","1.0","0.58","1 km NE of The Geysers, CA","38.7861671447754","-122.745002746582","United States of America","0.2","0.21",,,,,"automatic","0","5","earthquake","M 0.6 - 1 km NE of The Geysers, CA","https://earthquake.usgs.gov/earthquakes/eventpage/nc75445906","https://earthquake.usgs.gov/fdsnws/event/1/query?eventid=nc75445906&format=geojson"
"ci41344455","2026-10-07T09:54:07Z","2026-10-07T05:54:07-04:00","2026-10-07T14:31:41Z","1.2","1.19","2 km NE of Colton, CA","34.0851666666667","-117.297166666667","United States of America","15.9","15.91",,,,,"reviewed","0","22","earthquake","M 1.2 - 2 km NE of Colton, CA","https://earthquake.usgs.gov/earthquakes/eventpage/ci41344455","https://earthquake.usgs.gov/fdsnws/event/1/query?eventid=ci41344455&format=geojson"
"tx2026tsxdcy","2026-10-07T09:49:22Z","2026-10-07T05:49:22-04:00","2026-10-08T17:15:37Z","1.1","1.1","41 km W of Mentone, Texas","31.709","-104.04","United States of America","6.1","6.0999",,,,,"reviewed","0","19","earthquake","M 1.1 - 41 km W of Mentone, Texas","https://earthquake.usgs.gov/earthquakes/eventpage/tx2026tsxdcy","https://earthquake.usgs.gov/fdsnws/event/1/query?eventid=tx2026tsxdcy&format=geojson"
"ci41344447","2026-10-07T09:42:43Z","2026-10-07T05:42:43-04:00","2026-10-07T13:33:05Z","1.0","0.81","10 km ENE of Coso Junction, CA","36.0688333333333","-117.841333333333","United States of America","2.8","2.78",,,,,"reviewed","0","10","earthquake","M 0.8 - 10 km ENE of Coso Junction, CA","https://earthquake.usgs.gov/earthquakes/eventpage/ci41344447","https://earthquake.usgs.gov/fdsnws/event/1/query?eventid=ci41344447&format=geojson"
"nc75445891","2026-10-07T09:29:38Z","2026-10-07T05:29:38-04:00","2026-10-07T09:31:16Z","1.0","0.92","14 km SSE of Livermore, CA","37.5683326721191","-121.704330444336","United States of America","5.4","5.35",,,,,"automatic","0","13","earthquake","M 0.9 - 14 km SSE of Livermore, CA","https://earthquake.usgs.gov/earthquakes/eventpage/nc75445891","https://earthquake.usgs.gov/fdsnws/event/1/query?eventid=nc75445891&format=geojson"
"ci41344439","2026-10-07T09:23:16Z","2026-10-07T05:23:16-04:00","2026-10-07T13:33:20Z","1.0","0.33","22 km ESE of Anza, CA","33.469","-116.456666666667","United States of America","2.2","2.19",,,,,"reviewed","0","2","earthquake","M 0.3 - 22 km ESE of Anza, CA","https://earthquake.usgs.gov/earthquakes/eventpage/ci41344439","https://earthquake.usgs.gov/fdsnws/event/1/query?eventid=ci41344439&format=geojson"
"ci41344431","2026-10-07T09:19:45Z","2026-10-07T05:19:45-04:00","2026-10-07T14:32:59Z","1.0","0.7","9 km S of Big Bear Lake, CA","34.1621666666667","-116.925166666667","United States of America","10.0","9.96",,,,,"reviewed","0","8","earthquake","M 0.7 - 9 km S of Big Bear Lake, CA","https://earthquake.usgs.gov/earthquakes/eventpage/ci41344431","https://earthquake.usgs.gov/fdsnws/event/1/query?eventid=ci41344431&format=geojson"
"nm60506428","2026-10-07T09:13:53Z","2026-10-07T05:13:53-04:00","2026-10-07T15:59:18Z","1.7","1.7","7 km WSW of Bull Shoals, Arkansas","36.3563333333333","-92.6536666666667","United States of America","2.5","2.47",,,,,"reviewed","0","44","earthquake","M 1.7 - 7 km WSW of Bull Shoals, Arkansas","https://earthquake.usgs.gov/earthquakes/eventpage/nm60506428","https://earthquake.usgs.gov/fdsnws/event/1/query?eventid=nm60506428&format=geojson"
"tx2026tsvigs","2026-10-07T08:54:59Z","2026-10-07T04:54:59-04:00","2026-10-07T18:11:18Z","2.1","2.1","39 km WSW of Ackerly, Texas","32.398","-102.113","United States of America","9.2","9.2041",,,,,"reviewed","0","68","earthquake","M 2.1 - 39 km WSW of Ackerly, Texas","https://earthquake.usgs.gov/earthquakes/eventpage/tx2026tsvigs","https://earthquake.usgs.gov/fdsnws/event/1/query?eventid=tx2026tsvigs&format=geojson"
"ok2026tqku","2026-10-07T08:47:57Z","2026-10-07T04:47:57-04:00","2026-10-07T12:04:21Z","1.2","1.2","6 km NNE of Lake Aluma, Oklahoma","35.58916667","-97.402","United States of America","7.9","7.89",,,,,"reviewed","0","22","earthquake","M 1.2 - 6 km NNE of Lake Aluma, Oklahoma","https://earthquake.usgs.gov/earthquakes/eventpage/ok2026tqku","https://earthquake.usgs.gov/fdsnws/event/1/query?eventid=ok2026tqku&format=geojson"
"nc75445886","2026-10-07T08:45:28Z","2026-10-07T04:45:28-04:00","2026-10-07T08:47:05Z","1.0","0.78","2 km ESE of The Geysers, CA","38.7724990844727","-122.73983001709","United States of America","0.0","0.02",,,,,"automatic","0","9","earthquake","M 0.8 - 2 km ESE of The Geysers, CA","https://earthquake.usgs.gov/earthquakes/eventpage/nc75445886","https://earthquake.usgs.gov/fdsnws/event/1/query?eventid=nc75445886&format=geojson"
"nc75445881","2026-10-07T08:43:18Z","2026-10-07T04:43:18-04:00","2026-10-07T08:44:55Z","1.9","1.86","2 km SE of The Geysers, CA","38.7688331604004","-122.740501403809","United States of America","1.2","1.2",,,,,"automatic","0","53","earthquake","M 1.9 - 2 km SE of The Geysers, CA","https://earthquake.usgs.gov/earthquakes/eventpage/nc75445881","https://earthquake.usgs.gov/fdsnws/event/1/query?eventid=nc75445881&format=geojson"
"ci41344423","2026-10-07T08:31:54Z","2026-10-07T04:31:54-04:00","2026-10-07T14:31:54Z","1.0","0.66","21 km ESE of Anza, CA","33.5103333333333","-116.455333333333","United States of America","3.2","3.22",,,,,"reviewed","0","7","earthquake","M 0.7 - 21 km ESE of Anza, CA","https://earthquake.usgs.gov/earthquakes/eventpage/ci41344423","https://earthquake.usgs.gov/fdsnws/event/1/query?eventid=ci41344423&format=geojson"
"ci41344415","2026-10-07T08:24:49Z","2026-10-07T04:24:49-04:00","2026-10-07T13:34:53Z","1.0","0.59","4 km SE of Loma Linda, CA","34.0185","-117.233166666667","United States of America","15.8","15.77",,,,,"reviewed","0","5","earthquake","M 0.6 - 4 km SE of Loma Linda, CA","https://earthquake.usgs.gov/earthquakes/eventpage/ci41344415","https://earthquake.usgs.gov/fdsnws/event/1/query?eventid=ci41344415&format=geojson"
"uw714117311","2026-10-07T08:23:37Z","2026-10-07T04:23:37-04:00","2026-10-07T20:08:44Z","1.0","0.57","14 km WSW of Conconully, Washington","48.489","-119.909166666667","United States of America","5.8","5.83",,,,,"reviewed","0","5","earthquake","M 0.6 - 14 km WSW of Conconully, Washington","https://earthquake.usgs.gov/earthquakes/eventpage/uw714117311","https://earthquake.usgs.gov/fdsnws/event/1/query?eventid=uw714117311&format=geojson"
"pr71535948","2026-10-07T08:16:51Z","2026-10-07T04:16:51-04:00","2026-10-07T08:43:34Z","2.5","2.46","3 km SW of Fuig, Puerto Rico","17.9705","-66.9383333333333","Puerto Rico","6.5","6.47",,,,,"reviewed","0","93","earthquake","M 2.5 - 3 km SW of Fuig, Puerto Rico","https://earthquake.usgs.gov/earthquakes/eventpage/pr71535948","https://earthquake.usgs.gov/fdsnws/event/1/query?eventid=pr71535948&format=geojson"
"ci41344407","2026-10-07T08:11:48Z","2026-10-07T04:11:48-04:00","2026-10-07T13:35:49Z","1.0","0.84","9 km NNE of Indio, CA","33.793","-116.165166666667","United States of America","8.2","8.23",,,,,"reviewed","0","11","earthquake","M 0.8 - 9 km NNE of Indio, CA","https://earthquake.usgs.gov/earthquakes/eventpage/ci41344407","https://earthquake.usgs.gov/fdsnws/event/1/query?eventid=ci41344407&format=geojson"
"tx2026tstuew","2026-10-07T08:11:02Z","2026-10-07T04:11:02-04:00","2026-10-07T14:57:58Z","2.4","2.4","57 km S of Whites City, New Mexico","31.66","-104.429","United States of America","6.5","6.5356",,,,,"reviewed","0","89","earthquake","M 2.4 - 57 km S of Whites City, New Mexico","https://earthquake.usgs.gov/earthquakes/eventpage/tx2026tstuew","https://earthquake.usgs.gov/fdsnws/event/1/query?eventid=tx2026tstuew&format=geojson"
"tx2026tstpae","2026-10-07T08:02:05Z","2026-10-07T04:02:05-04:00","2026-10-07T21:20:21Z","1.5","1.5","13 km E of Pearsall, Texas","28.889","-98.959","United States of America","8.7","8.6647",,,,,"reviewed","0","35","earthquake","M 1.5 - 13 km E of Pearsall, Texas","https://earthquake.usgs.gov/earthquakes/eventpage/tx2026tstpae","https://earthquake.usgs.gov/fdsnws/event/1/query?eventid=tx2026tstpae&format=geojson"
"tx2026tsswyt","2026-10-07T07:41:16Z","2026-10-07T03:41:16-04:00","2026-10-07T09:25:24Z","2.1","2.1","35 km NW of Toyah, Texas","31.549","-104.055","United States of America","6.1","6.1383",,,,,"reviewed","0","68","earthquake","M 2.1 - 35 km NW of Toyah, Texas","https://earthquake.usgs.gov/earthquakes/eventpage/tx2026tsswyt","https://earthquake.usgs.gov/fdsnws/event/1/query?eventid=tx2026tsswyt&format=geojson"
"nc75445861","2026-10-07T07:39:41Z","2026-10-07T03:39:41-04:00","2026-10-07T07:41:16Z","1.3","1.31","8 km W of Cobb, CA","38.833667755127","-122.809829711914","United States of America","2.1","2.06",,,,,"automatic","0","26","earthquake","M 1.3 - 8 km W of Cobb, CA","https://earthquake.usgs.gov/earthquakes/eventpage/nc75445861","https://earthquake.usgs.gov/fdsnws/event/1/query?eventid=nc75445861&format=geojson"
"tx2026tssubr","2026-10-07T07:37:49Z","2026-10-07T03:37:49-04:00","2026-10-07T09:17:56Z","1.5","1.5","27 km S of Midland, Texas","31.746","-102.059","United States of America","8.4","8.4229",,,,,"reviewed","0","35","earthquake","M 1.5 - 27 km S of Midland, Texas","https://earthquake.usgs.gov/earthquakes/eventpage/tx2026tssubr","https://earthquake.usgs.gov/fdsnws/event/1/query?eventid=tx2026tssubr&format=geojson"
"ci41344399","2026-10-07T07:18:32Z","2026-10-07T03:18:32-04:00","2026-10-07T18:02:28Z","1.1","1.12","16 km W of Searles Valley, CA","35.7721666666667","-117.5785","United States of America","7.9","7.94",,,,,"reviewed","0","19","earthquake","M 1.1 - 16 km W of Searles Valley, CA","https://earthquake.usgs.gov/earthquakes/eventpage/ci41344399","https://earthquake.usgs.gov/fdsnws/event/1/query?eventid=ci41344399&format=geojson"
"nc75445856","2026-10-07T07:16:30Z","2026-10-07T03:16:30-04:00","2026-10-07T07:47:27Z","1.1","1.12","2 km SE of The Geysers, CA","38.7621650695801","-122.737998962402","United States of America","1.5","1.53",,,,,"automatic","0","19","earthquake","M 1.1 - 2 km SE of The Geysers, CA","https://earthquake.usgs.gov/earthquakes/eventpage/nc75445856","https://earthquake.usgs.gov/fdsnws/event/1/query?eventid=nc75445856&format=geojson"
"nc75445851","2026-10-07T07:05:16Z","2026-10-07T03:05:16-04:00","2026-10-07T07:06:50Z","1.0","0.77","4 km NW of The Geysers, CA","38.8056678771973","-122.78150177002","United States of America","3.3","3.32",,,,,"automatic","0","9","earthquake","M 0.8 - 4 km NW of The Geysers, CA","https://earthquake.usgs.gov/earthquakes/eventpage/nc75445851","https://earthquake.usgs.gov/fdsnws/event/1/query?eventid=nc75445851&format=geojson"
"nc75445846","2026-10-07T06:58:49Z","2026-10-07T02:58:49-04:00","2026-10-07T07:00:26Z","1.0","0.41","9 km NW of The Geysers, CA","38.8263320922852","-122.844169616699","United States of America","2.0","1.98",,,,,"automatic","0","3","earthquake","M 0.4 - 9 km NW of The Geysers, CA","https://earthquake.usgs.gov/earthquakes/eventpage/nc75445846","https://earthquake.usgs.gov/fdsnws/event/1/query?eventid=nc75445846&format=geojson"
"ci41344391","2026-10-07T06:50:59Z","2026-10-07T02:50:59-04:00","2026-10-07T13:35:40Z","1.0","0.64","9 km NNE of Indio, CA","33.7901666666667","-116.163333333333","United States of America","8.2","8.24",,,,,"reviewed","0","6","earthquake","M 0.6 - 9 km NNE of Indio, CA","https://earthquake.usgs.gov/earthquakes/eventpage/ci41344391","https://earthquake.usgs.gov/fdsnws/event/1/query?eventid=ci41344391&format=geojson"
"tx2026tsrdck","2026-10-07T06:48:08Z","2026-10-07T02:48:08-04:00","2026-10-07T11:12:56Z","1.0","0.5","13 km WSW of Stanton, Texas","32.103","-101.928","United States of America","8.9","8.9111",,,,,"reviewed","0","4","earthquake","M 0.5 - 13 km WSW of Stanton, Texas","https://earthquake.usgs.gov/earthquakes/eventpage/tx2026tsrdck","https://earthquake.usgs.gov/fdsnws/event/1/query?eventid=tx2026tsrdck&format=geojson"
"nc75445841","2026-10-07T06:46:46Z","2026-10-07T02:46:46-04:00","2026-10-07T06:48:20Z","1.0","0.64","8 km NW of The Geysers, CA","38.8320007324219","-122.818664550781","United States of America","2.1","2.13",,,,,"automatic","0","6","earthquake","M 0.6 - 8 km NW of The Geysers, CA","https://earthquake.usgs.gov/earthquakes/eventpage/nc75445841","https://earthquake.usgs.gov/fdsnws/event/1/query?eventid=nc75445841&format=geojson"
"nc75445836","2026-10-07T06:46:26Z","2026-10-07T02:46:26-04:00","2026-10-07T06:48:00Z","1.0","0.65","8 km NW of The Geysers, CA","38.8313331604004","-122.818664550781","United States of America","1.3","1.32",,,,,"automatic","0","6","earthquake","M 0.7 - 8 km NW of The Geysers, CA","https://earthquake.usgs.gov/earthquakes/eventpage/nc75445836","https://earthquake.usgs.gov/fdsnws/event/1/query?eventid=nc75445836&format=geojson"
"ci41344383","2026-10-07T06:43:01Z","2026-10-07T02:43:01-04:00","2026-10-07T14:27:10Z","1.0","0.84","2 km S of Loma Linda, CA","34.0281666666667","-117.263833333333","United States of America","16.6","16.63",,,,,"reviewed","0","11","earthquake","M 0.8 - 2 km S of Loma Linda, CA","https://earthquake.usgs.gov/earthquakes/eventpage/ci41344383","https://earthquake.usgs.gov/fdsnws/event/1/query?eventid=ci41344383&format=geojson"
"ci41344375","2026-10-07T06:27:34Z","2026-10-07T02:27:34-04:00","2026-10-07T14:28:11Z","1.4","1.36","9 km WNW of Anza, CA","33.578","-116.769666666667","United States of America","12.3","12.3",,,,,"reviewed","0","28","earthquake","M 1.4 - 9 km WNW of Anza, CA","https://earthquake.usgs.gov/earthquakes/eventpage/ci41344375","https://earthquake.usgs.gov/fdsnws/event/1/query?eventid=ci41344375&format=geojson"
"uu80158751","2026-10-07T06:21:57Z","2026-10-07T02:21:57-04:00","2026-10-07T13:19:14Z","2.1","2.14","6 km NE of Hildale, Utah","37.0403333333333","-112.912166666667","United States of America","12.7","12.68",,,,,"reviewed","0","70","earthquake","M 2.1 - 6 km NE of Hildale, Utah","https://earthquake.usgs.gov/earthquakes/eventpage/uu80158751","https://earthquake.usgs.gov/fdsnws/event/1/query?eventid=uu80158751&format=geojson"
"uu80158746","2026-10-07T05:55:38Z","2026-10-07T01:55:38-04:00","2026-10-07T13:22:57Z","1.0","0.85","14 km NE of Milford, Utah","38.4973333333333","-112.897666666667","United States of America","4.1","4.12",,,,,"reviewed","0","11","earthquake","M 0.9 - 14 km NE of Milford, Utah","https://earthquake.usgs.gov/earthquakes/eventpage/uu80158746","https://earthquake.usgs.gov/fdsnws/event/1/query?eventid=uu80158746&format=geojson"
"nc75445831","2026-10-07T05:54:45Z","2026-10-07T01:54:45-04:00","2026-10-07T05:56:19Z","1.0","0.74","2 km NNW of The Geysers, CA","38.798168182373","-122.763832092285","United States of America","3.6","3.57",,,,,"automatic","0","8","earthquake","M 0.7 - 2 km NNW of The Geysers, CA","https://earthquake.usgs.gov/earthquakes/eventpage/nc75445831","https://earthquake.usgs.gov/fdsnws/event/1/query?eventid=nc75445831&format=geojson"
"ok2026tqex","2026-10-07T05:49:32Z","2026-10-07T01:49:32-04:00","2026-10-08T12:35:02Z","1.1","1.1","4 km NE of Helena, Oklahoma","36.579","-98.23666667","United States of America","5.0","5",,,,,"reviewed","0","19","earthquake","M 1.1 - 4 km NE of Helena, Oklahoma","https://earthquake.usgs.gov/earthquakes/eventpage/ok2026tqex","https://earthquake.usgs.gov/fdsnws/event/1/query?eventid=ok2026tqex&format=geojson"
"nc75445821","2026-10-07T05:49:18Z","2026-10-07T01:49:18-04:00","2026-10-07T05:50:45Z","2.1","2.05","8 km NW of The Geysers, CA","38.8173332214355","-122.832832336426","United States of America","8.9","8.87",,,,,"automatic","0","65","earthquake","M 2.1 - 8 km NW of The Geysers, CA","https://earthquake.usgs.gov/earthquakes/eventpage/nc75445821","https://earthquake.usgs.gov/fdsnws/event/1/query?eventid=nc75445821&format=geojson"
"tx2026tsosoh","2026-10-07T05:35:22Z","2026-10-07T01:35:22-04:00","2026-10-07T08:53:45Z","2.0","2","57 km S of Whites City, New Mexico","31.662","-104.437","United States of America","6.1","6.0999",,,,,"reviewed","0","62","earthquake","M 2.0 - 57 km S of Whites City, New Mexico","https://earthquake.usgs.gov/earthquakes/eventpage/tx2026tsosoh","https://earthquake.usgs.gov/fdsnws/event/1/query?eventid=tx2026tsosoh&format=geojson"
"nc75445816","2026-10-07T05:22:03Z","2026-10-07T01:22:03-04:00","2026-10-07T05:23:40Z","1.0","0.96","3 km WNW of Anderson Springs, CA","38.7845001220703","-122.723335266113","United States of America","1.6","1.56",,,,,"automatic","0","14","earthquake","M 1.0 - 3 km WNW of Anderson Springs, CA","https://earthquake.usgs.gov/earthquakes/eventpage/nc75445816","https://earthquake.usgs.gov/fdsnws/event/1/query?eventid=nc75445816&format=geojson"
"nc75445811","2026-10-07T05:12:40Z","2026-10-07T01:12:40-04:00","2026-10-07T05:14:14Z","1.0","0.21","8 km WNW of Cobb, CA","38.8361663818359","-122.810165405273","United States of America","2.1","2.07",,,,,"automatic","0","1","earthquake","M 0.2 - 8 km WNW of Cobb, CA","https://earthquake.usgs.gov/earthquakes/eventpage/nc75445811","https://earthquake.usgs.gov/fdsnws/event/1/query?eventid=nc75445811&format=geojson"
"tx2026tsnybg","2026-10-07T05:11:35Z","2026-10-07T01:11:35-04:00","2026-10-07T08:07:45Z","1.8","1.8","54 km S of Whites City, New Mexico","31.682","-104.408","United States of America","6.1","6.0999",,,,,"reviewed","0","50","earthquake","M 1.8 - 54 km S of Whites City, New Mexico","https://earthquake.usgs.gov/earthquakes/eventpage/tx2026tsnybg","https://earthquake.usgs.gov/fdsnws/event/1/query?eventid=tx2026tsnybg&format=geojson"
"nc75445801","2026-10-07T05:01:13Z","2026-10-07T01:01:13-04:00","2026-10-07T06:07:23Z","1.5","1.5","5 km SE of Coalinga, CA","36.1155014038086","-120.315002441406","United States of America","12.0","11.95",,,,,"automatic","0","35","earthquake","M 1.5 - 5 km SE of Coalinga, CA","https://earthquake.usgs.gov/earthquakes/eventpage/nc75445801","https://earthquake.usgs.gov/fdsnws/event/1/query?eventid=nc75445801&format=geojson"
"uw714117281","2026-10-07T04:59:55Z","2026-10-07T00:59:55-04:00","2026-10-07T19:03:05Z","1.0","0.61","17 km SE of Carbonado, Washington","46.9693333333333","-121.8855","United States of America","10.2","10.21",,,,,"reviewed","0","6","earthquake","M 0.6 - 17 km SE of Carbonado, Washington","https://earthquake.usgs.gov/earthquakes/eventpage/uw714117281","https://earthquake.usgs.gov/fdsnws/event/1/query?eventid=uw714117281&format=geojson"
"nc75445796","2026-10-07T04:58:05Z","2026-10-07T00:58:05-04:00","2026-10-07T04:59:39Z","1.0","0.83","10 km ESE of Mammoth Lakes, CA","37.5873336791992","-118.88200378418","United States of America","2.9","2.91",,,,,"automatic","0","11","earthquake","M 0.8 - 10 km ESE of Mammoth Lakes, CA","https://earthquake.usgs.gov/earthquakes/eventpage/nc75445796","https://earthquake.usgs.gov/fdsnws/event/1/query?eventid=nc75445796&format=geojson"
"nc75445791","2026-10-07T04:56:04Z","2026-10-07T00:56:04-04:00","2026-10-07T17:01:37Z","2.2","2.19","11 km SE of Mammoth Lakes, CA","37.5789985656738","-118.882835388184","United States of America","3.0","3",,,,,"automatic","0","74","earthquake","M 2.2 - 11 km SE of Mammoth Lakes, CA","https://earthquake.usgs.gov/earthquakes/eventpage/nc75445791","https://earthquake.usgs.gov/fdsnws/event/1/query?eventid=nc75445791&format=geojson"
"nc75445786","2026-10-07T04:49:18Z","2026-10-07T00:49:18-04:00","2026-10-07T04:50:55Z","1.0","0.7","6 km NW of The Geysers, CA","38.8221664428711","-122.796997070312","United States of America","2.7","2.71",,,,,"automatic","0","8","earthquake","M 0.7 - 6 km NW of The Geysers, CA","https://earthquake.usgs.gov/earthquakes/eventpage/nc75445786","https://earthquake.usgs.gov/fdsnws/event/1/query?eventid=nc75445786&format=geojson"
"nc75445781","2026-10-07T04:48:58Z","2026-10-07T00:48:58-04:00","2026-10-07T05:22:23Z","1.4","1.36","6 km NW of The Geysers, CA","38.8219985961914","-122.797836303711","United States of America","2.3","2.27",,,,,"automatic","0","28","earthquake","M 1.4 - 6 km NW of The Geysers, CA","https://earthquake.usgs.gov/earthquakes/eventpage/nc75445781","https://earthquake.usgs.gov/fdsnws/event/1/query?eventid=nc75445781&format=geojson"
"ok2026tqcp","2026-10-07T04:40:16Z","2026-10-07T00:40:16-04:00","2026-10-08T12:21:11Z","1.9","1.86","4 km NW of Hall Park, Oklahoma","35.265","-97.44283333","United States of America","8.2","8.2",,,,,"reviewed","0","53","earthquake","M 1.9 - 4 km NW of Hall Park, Oklahoma","https://earthquake.usgs.gov/earthquakes/eventpage/ok2026tqcp","https://earthquake.usgs.gov/fdsnws/event/1/query?eventid=ok2026tqcp&format=geojson"
"tx2026tsmvcd","2026-10-07T04:37:56Z","2026-10-07T00:37:56-04:00","2026-10-07T10:27:06Z","1.0","0.9","33 km SE of Malaga, New Mexico","31.996","-103.832","United States of America","7.9","7.9456",,,,,"reviewed","0","12","earthquake","M 0.9 - 33 km SE of Malaga, New Mexico","https://earthquake.usgs.gov/earthquakes/eventpage/tx2026tsmvcd","https://earthquake.usgs.gov/fdsnws/event/1/query?eventid=tx2026tsmvcd&format=geojson"
"ci41344367","2026-10-07T04:31:23Z","2026-10-07T00:31:23-04:00","2026-10-07T14:27:42Z","1.3","1.33","5 km NNW of West Hills, CA","34.2346666666667","-118.664333333333","United States of America","15.4","15.41",,,,,"reviewed","0","27","earthquake","M 1.3 - 5 km NNW of West Hills, CA","https://earthquake.usgs.gov/earthquakes/eventpage/ci41344367","https://earthquake.usgs.gov/fdsnws/event/1/query?eventid=ci41344367&format=geojson"
"nc75445776","2026-10-07T04:10:07Z","2026-10-07T00:10:07-04:00","2026-10-07T04:42:23Z","1.7","1.67","30 km NW of Covelo, CA","40.0176658630371","-123.446998596191","United States of America","8.1","8.08",,,,,"automatic","0","43","earthquake","M 1.7 - 30 km NW of Covelo, CA","https://earthquake.usgs.gov/earthquakes/eventpage/nc75445776","https://earthquake.usgs.gov/fdsnws/event/1/query?eventid=nc75445776&format=geojson"
"ci41344359","2026-10-07T04:09:53Z","2026-10-07T00:09:53-04:00","2026-10-07T14:28:01Z","1.7","1.72","24 km ENE of Pine Valley, CA","32.9318333333333","-116.303166666667","United States of America","10.6","10.55",,,,,"reviewed","0","46","earthquake","M 1.7 - 24 km ENE of Pine Valley, CA","https://earthquake.usgs.gov/earthquakes/eventpage/ci41344359","https://earthquake.usgs.gov/fdsnws/event/1/query?eventid=ci41344359&format=geojson"
"nm60628466","2026-10-07T03:57:24Z","2026-10-06T23:57:24-04:00","2026-10-09T14:23:37Z","1.5","1.52","2 km SSW of Howardville, Missouri","36.5483333333333","-89.609","United States of America","7.3","7.33",,,,,"reviewed","0","36","earthquake","M 1.5 - 2 km SSW of Howardville, Missouri","https://earthquake.usgs.gov/earthquakes/eventpage/nm60628466","https://earthquake.usgs.gov/fdsnws/event/1/query?eventid=nm60628466&format=geojson"
"ci41344351","2026-10-07T03:40:11Z","2026-10-06T23:40:11-04:00","2026-10-07T14:28:07Z","1.4","1.38","24 km S of Twentynine Palms, CA","33.9193333333333","-116.0445","United States of America","0.6","0.56",,,,,"reviewed","0","29","earthquake","M 1.4 - 24 km S of Twentynine Palms, CA","https://earthquake.usgs.gov/earthquakes/eventpage/ci41344351","https://earthquake.usgs.gov/fdsnws/event/1/query?eventid=ci41344351&format=geojson"
"nc75445771","2026-10-07T03:38:01Z","2026-10-06T23:38:01-04:00","2026-10-07T03:39:40Z","1.0","0.45","9 km WNW of The Geysers, CA","38.8190002441406","-122.851997375488","United States of America","2.8","2.77",,,,,"automatic","0","3","earthquake","M 0.5 - 9 km WNW of The Geysers, CA","https://earthquake.usgs.gov/earthquakes/eventpage/nc75445771","https://earthquake.usgs.gov/fdsnws/event/1/query?eventid=nc75445771&format=geojson"
"tx2026tskhkf","2026-10-07T03:24:14Z","2026-10-06T23:24:14-04:00","2026-10-07T08:19:23Z","1.5","1.5","12 km SSW of Jal, New Mexico","32.011","-103.246","United States of America","6.1","6.0999",,,,,"reviewed","0","35","earthquake","M 1.5 - 12 km SSW of Jal, New Mexico","https://earthquake.usgs.gov/earthquakes/eventpage/tx2026tskhkf","https://earthquake.usgs.gov/fdsnws/event/1/query?eventid=tx2026tskhkf&format=geojson"
"nc75445756","2026-10-07T03:24:09Z","2026-10-06T23:24:09-04:00","2026-10-07T03:25:45Z","1.1","1.05","8 km W of Cobb, CA","38.8346672058105","-122.808670043945","United States of America","2.3","2.32",,,,,"automatic","0","17","earthquake","M 1.1 - 8 km W of Cobb, CA","https://earthquake.usgs.gov/earthquakes/eventpage/nc75445756","https://earthquake.usgs.gov/fdsnws/event/1/query?eventid=nc75445756&format=geojson"
"tx2026tskaog","2026-10-07T03:13:47Z","2026-10-06T23:13:47-04:00","2026-10-07T07:56:58Z","2.0","2","57 km S of Whites City, New Mexico","31.661","-104.424","United States of America","6.1","6.0999",,,,,"reviewed","0","62","earthquake","M 2.0 - 57 km S of Whites City, New Mexico","https://earthquake.usgs.gov/earthquakes/eventpage/tx2026tskaog","https://earthquake.usgs.gov/fdsnws/event/1/query?eventid=tx2026tskaog&format=geojson"
"ci41344343","2026-10-07T03:06:17Z","2026-10-06T23:06:17-04:00","2026-10-07T14:28:05Z","1.0","0.79","9 km SW of Idyllwild, CA","33.687","-116.796833333333","United States of America","15.0","14.95",,,,,"reviewed","0","10","earthquake","M 0.8 - 9 km SW of Idyllwild, CA","https://earthquake.usgs.gov/earthquakes/eventpage/ci41344343","https://earthquake.usgs.gov/fdsnws/event/1/query?eventid=ci41344343&format=geojson"
"ci41344335","2026-10-07T03:05:00Z","2026-10-06T23:05:00-04:00","2026-10-07T14:28:17Z","1.0","0.76","9 km SW of Idyllwild, CA","33.6863333333333","-116.798666666667","United States of America","15.1","15.13",,,,,"reviewed","0","9","earthquake","M 0.8 - 9 km SW of Idyllwild, CA","https://earthquake.usgs.gov/earthquakes/eventpage/ci41344335","https://earthquake.usgs.gov/fdsnws/event/1/query?eventid=ci41344335&format=geojson"
"ci41344327","2026-10-07T03:04:40Z","2026-10-06T23:04:40-04:00","2026-10-07T14:29:26Z","1.0","0.95","12 km SSE of Big Bear Lake, CA","34.1385","-116.877666666667","United States of America","8.6","8.58",,,,,"reviewed","0","14","earthquake","M 1.0 - 12 km SSE of Big Bear Lake, CA","https://earthquake.usgs.gov/earthquakes/eventpage/ci41344327","https://earthquake.usgs.gov/fdsnws/event/1/query?eventid=ci41344327&format=geojson"
"ci41344319","2026-10-07T03:03:29Z","2026-10-06T23:03:29-04:00","2026-10-07T14:29:03Z","1.0","0.94","22 km N of Ridgecrest, CA","35.8223333333333","-117.667333333333","United States of America","8.1","8.06",,,,,"reviewed","0","14","earthquake","M 0.9 - 22 km N of Ridgecrest, CA","https://earthquake.usgs.gov/earthquakes/eventpage/ci41344319","https://earthquake.usgs.gov/fdsnws/event/1/query?eventid=ci41344319&format=geojson"
"tx2026tsiudm","2026-10-07T02:36:12Z","2026-10-06T22:36:12-04:00","2026-10-07T08:37:31Z","1.6","1.6","54 km S of Whites City, New Mexico","31.689","-104.419","United States of America","6.1","6.0999",,,,,"reviewed","0","39","earthquake","M 1.6 - 54 km S of Whites City, New Mexico","https://earthquake.usgs.gov/earthquakes/eventpage/tx2026tsiudm","https://earthquake.usgs.gov/fdsnws/event/1/query?eventid=tx2026tsiudm&format=geojson"
"tx2026tsitrh","2026-10-07T02:35:47Z","2026-10-06T22:35:47-04:00","2026-10-08T11:46:29Z","1.0","0.2","12 km WSW of Stanton, Texas","32.105","-101.922","United States of America","8.7","8.7158",,,,,"reviewed","0","1","earthquake","M 0.2 - 12 km WSW of Stanton, Texas","https://earthquake.usgs.gov/earthquakes/eventpage/tx2026tsitrh","https://earthquake.usgs.gov/fdsnws/event/1/query?eventid=tx2026tsitrh&format=geojson"
"ci41344311","2026-10-07T02:34:03Z","2026-10-06T22:34:03-04:00","2026-10-07T14:29:18Z","1.5","1.51","21 km S of Bodfish, CA","35.406","-118.455666666667","United States of America","1.9","1.88",,,,,"reviewed","0","35","earthquake","M 1.5 - 21 km S of Bodfish, CA","https://earthquake.usgs.gov/earthquakes/eventpage/ci41344311","https://earthquake.usgs.gov/fdsnws/event/1/query?eventid=ci41344311&format=geojson"
"tx2026tsirnx","2026-10-07T02:33:12Z","2026-10-06T22:33:12-04:00","2026-10-08T12:35:55Z","1.0","0.9","13 km W of Forsan, Texas","32.119","-101.51","United States of America","6.0","5.9814",,,,,"reviewed","0","12","earthquake","M 0.9 - 13 km W of Forsan, Texas","https://earthquake.usgs.gov/earthquakes/eventpage/tx2026tsirnx","https://earthquake.usgs.gov/fdsnws/event/1/query?eventid=tx2026tsirnx&format=geojson"
"nc75445736","2026-10-07T02:24:05Z","2026-10-06T22:24:05-04:00","2026-10-07T02:25:40Z","1.3","1.25","6 km WNW of Cobb, CA","38.8358345031738","-122.785499572754","United States of America","2.2","2.19",,,,,"automatic","0","24","earthquake","M 1.3 - 6 km WNW of Cobb, CA","https://earthquake.usgs.gov/earthquakes/eventpage/nc75445736","https://earthquake.usgs.gov/fdsnws/event/1/query?eventid=nc75445736&format=geojson"
"uw714117241","2026-10-07T02:11:51Z","2026-10-06T22:11:51-04:00","2026-10-07T18:40:12Z","1.0","0.24","22 km ENE of Ashford, Washington","46.8485","-121.769333333333","United States of America","-0.1","-0.09",,,,,"reviewed","0","1","earthquake","M 0.2 - 22 km ENE of Ashford, Washington","https://earthquake.usgs.gov/earthquakes/eventpage/uw714117241","https://earthquake.usgs.gov/fdsnws/event/1/query?eventid=uw714117241&format=geojson"
"ci41344303","2026-10-07T01:47:51Z","2026-10-06T21:47:51-04:00","2026-10-07T14:29:22Z","1.3","1.34","9 km N of Cabazon, CA","34.0016666666667","-116.798","United States of America","17.6","17.57",,,,,"reviewed","0","28","earthquake","M 1.3 - 9 km N of Cabazon, CA","https://earthquake.usgs.gov/earthquakes/eventpage/ci41344303","https://earthquake.usgs.gov/fdsnws/event/1/query?eventid=ci41344303&format=geojson"
"nc75445731","2026-10-07T01:28:12Z","2026-10-06T21:28:12-04:00","2026-10-07T01:29:49Z","1.0","0.73","3 km W of Cobb, CA","38.8206672668457","-122.762664794922","United States of America","2.2","2.21",,,,,"automatic","0","8","earthquake","M 0.7 - 3 km W of Cobb, CA","https://earthquake.usgs.gov/earthquakes/eventpage/nc75445731","https://earthquake.usgs.gov/fdsnws/event/1/query?eventid=nc75445731&format=geojson"
"tx2026tsgjwp","2026-10-07T01:23:56Z","2026-10-06T21:23:56-04:00","2026-10-07T10:51:00Z","1.0","0.7","24 km SSE of Midland, Texas","31.788","-102.001","United States of America","8.8","8.8135",,,,,"reviewed","0","8","earthquake","M 0.7 - 24 km SSE of Midland, Texas","https://earthquake.usgs.gov/earthquakes/eventpage/tx2026tsgjwp","https://earthquake.usgs.gov/fdsnws/event/1/query?eventid=tx2026tsgjwp&format=geojson"
"uw714117231","2026-10-07T01:19:13Z","2026-10-06T21:19:13-04:00","2026-10-08T17:58:23Z","1.1","1.06","2 km ENE of Tracyton, Washington","47.6143333333333","-122.616333333333","United States of America","24.2","24.21",,,,,"reviewed","0","17","earthquake","M 1.1 - 2 km ENE of Tracyton, Washington","https://earthquake.usgs.gov/earthquakes/eventpage/uw714117231","https://earthquake.usgs.gov/fdsnws/event/1/query?eventid=uw714117231&format=geojson"
"uu80158731","2026-10-07T01:16:55Z","2026-10-06T21:16:55-04:00","2026-10-07T13:26:03Z","1.3","1.31","15 km NE of Milford, Utah","38.4896666666667","-112.883166666667","United States of America","1.4","1.42",,,,,"reviewed","0","26","earthquake","M 1.3 - 15 km NE of Milford, Utah","https://earthquake.usgs.gov/earthquakes/eventpage/uu80158731","https://earthquake.usgs.gov/fdsnws/event/1/query?eventid=uu80158731&format=geojson"
"ci41344287","2026-10-07T00:41:20Z","2026-10-06T20:41:20-04:00","2026-10-07T14:30:36Z","2.1","2.13","4 km N of Fontana, CA","34.1293333333333","-117.457166666667","United States of America","9.4","9.4","1","1",,,"reviewed","0","70","earthquake","M 2.1 - 4 km N of Fontana, CA","https://earthquake.usgs.gov/earthquakes/eventpage/ci41344287","https://earthquake.usgs.gov/fdsnws/event/1/query?eventid=ci41344287&format=geojson"
"nc75445711","2026-10-07T00:41:17Z","2026-10-06T20:41:17-04:00","2026-10-07T00:42:55Z","1.0","0.73","7 km NW of The Geysers, CA","38.8171653747559","-122.813163757324","United States of America","2.9","2.94",,,,,"automatic","0","8","earthquake","M 0.7 - 7 km NW of The Geysers, CA","https://earthquake.usgs.gov/earthquakes/eventpage/nc75445711","https://earthquake.usgs.gov/fdsnws/event/1/query?eventid=nc75445711&format=geojson"
"nc75445706","2026-10-07T00:28:33Z","2026-10-06T20:28:33-04:00","2026-10-07T00:30:10Z","1.0","0.74","5 km NW of The Geysers, CA","38.8160018920898","-122.792663574219","United States of America","3.1","3.14",,,,,"automatic","0","8","earthquake","M 0.7 - 5 km NW of The Geysers, CA","https://earthquake.usgs.gov/earthquakes/eventpage/nc75445706","https://earthquake.usgs.gov/fdsnws/event/1/query?eventid=nc75445706&format=geojson"
"nc75445701","2026-10-07T00:26:29Z","2026-10-06T20:26:29-04:00","2026-10-07T01:27:25Z","1.8","1.83","19 km WNW of Boulder Creek, CA","37.2176666259766","-122.304832458496","United States of America","4.7","4.74",,,,,"automatic","0","52","earthquake","M 1.8 - 19 km WNW of Boulder Creek, CA","https://earthquake.usgs.gov/earthquakes/eventpage/nc75445701","https://earthquake.usgs.gov/fdsnws/event/1/query?eventid=nc75445701&format=geojson"
"pr71535938","2026-10-07T00:24:31Z","2026-10-06T20:24:31-04:00","2026-10-07T00:33:50Z","2.7","2.7","3 km SSW of La Playa, Puerto Rico","18.2546666666667","-67.2011666666667","Puerto Rico","88.2","88.15",,,,,"reviewed","0","112","earthquake","M 2.7 - 3 km SSW of La Playa, Puerto Rico","https://earthquake.usgs.gov/earthquakes/eventpage/pr71535938","https://earthquake.usgs.gov/fdsnws/event/1/query?eventid=pr71535938&format=geojson"
"nc75445696","2026-10-07T00:23:43Z","2026-10-06T20:23:43-04:00","2026-10-07T01:07:21Z","1.3","1.28","10 km WNW of Cobb, CA","38.8486671447754","-122.831001281738","United States of America","0.7","0.66",,,,,"automatic","0","25","earthquake","M 1.3 - 10 km WNW of Cobb, CA","https://earthquake.usgs.gov/earthquakes/eventpage/nc75445696","https://earthquake.usgs.gov/fdsnws/event/1/query?eventid=nc75445696&format=geojson"
"uw714117201","2026-10-07T00:11:42Z","2026-10-06T20:11:42-04:00","2026-10-08T18:11:56Z","2.1","2.05","2 km ENE of Tracyton, Washington","47.6135","-122.6245","United States of America","24.9","24.93",,,,,"reviewed","0","65","earthquake","M 2.1 - 2 km ENE of Tracyton, Washington","https://earthquake.usgs.gov/earthquakes/eventpage/uw714117201","https://earthquake.usgs.gov/fdsnws/event/1/query?eventid=uw714117201&format=geojson"
"uw714117191","2026-10-07T00:03:00Z","2026-10-06T20:03:00-04:00","2026-10-07T17:11:14Z","1.5","1.45","3 km S of Princeton, Canada","49.4255","-120.501166666667","Canada","-0.5","-0.51",,,,,"reviewed","0","32","explosion","M 1.5 Explosion - 3 km S of Princeton, Canada","https://earthquake.usgs.gov/earthquakes/eventpage/uw714117191","https://earthquake.usgs.gov/fdsnws/event/1/query?eventid=uw714117191&format=geojson"
"ci41344271","2026-10-06T23:24:06Z","2026-10-06T19:24:06-04:00","2026-10-08T20:53:43Z","1.2","1.18","5 km NNW of Boron, CA","35.038","-117.679833333333","United States of America","-0.8","-0.82",,,,,"reviewed","0","21","quarry blast","M 1.2 Quarry Blast - 5 km NNW of Boron, CA","https://earthquake.usgs.gov/earthquakes/eventpage/ci41344271","https://earthquake.usgs.gov/fdsnws/event/1/query?eventid=ci41344271&format=geojson"
"nc75445676","2026-10-06T23:23:13Z","2026-10-06T19:23:13-04:00","2026-10-06T23:24:49Z","1.0","0.72","8 km NW of The Geysers, CA","38.8306655883789","-122.818496704102","United States of America","1.7","1.72",,,,,"automatic","0","8","earthquake","M 0.7 - 8 km NW of The Geysers, CA","https://earthquake.usgs.gov/earthquakes/eventpage/nc75445676","https://earthquake.usgs.gov/fdsnws/event/1/query?eventid=nc75445676&format=geojson"
"uw714117171","2026-10-06T23:15:49Z","2026-10-06T19:15:49-04:00","2026-10-07T22:27:26Z","1.0","0.48","11 km E of Orcas, Washington","48.5848333333333","-122.7885","United States of America","27.4","27.42",,,,,"reviewed","0","4","earthquake","M 0.5 - 11 km E of Orcas, Washington","https://earthquake.usgs.gov/earthquakes/eventpage/uw714117171","https://earthquake.usgs.gov/fdsnws/event/1/query?eventid=uw714117171&format=geojson"
"ci41344263","2026-10-06T22:59:15Z","2026-10-06T18:59:15-04:00","2026-10-08T20:49:25Z","1.3","1.28","6 km ESE of Bonita, CA","32.637","-116.968666666667","United States of America","-0.4","-0.43",,,,,"reviewed","0","25","quarry blast","M 1.3 Quarry Blast - 6 km ESE of Bonita, CA","https://earthquake.usgs.gov/earthquakes/eventpage/ci41344263","https://earthquake.usgs.gov/fdsnws/event/1/query?eventid=ci41344263&format=geojson"
"uu80158721","2026-10-06T22:49:57Z","2026-10-06T18:49:57-04:00","2026-10-06T22:56:08Z","1.3","1.25","9 km WNW of Manti, Utah","39.3046666666667","-111.730333333333","United States of America","14.0","14.02",,,,,"reviewed","0","24","earthquake","M 1.3 - 9 km WNW of Manti, Utah","https://earthquake.usgs.gov/earthquakes/eventpage/uu80158721","https://earthquake.usgs.gov/fdsnws/event/1/query?eventid=uu80158721&format=geojson"
"ci41344255","2026-10-06T22:38:05Z","2026-10-06T18:38:05-04:00","2026-10-07T15:04:52Z","1.8","1.76","8 km W of McFarland, CA","35.6796666666667","-119.323","United States of America","27.5","27.46",,,,,"reviewed","0","48","earthquake","M 1.8 - 8 km W of McFarland, CA","https://earthquake.usgs.gov/earthquakes/eventpage/ci41344255","https://earthquake.usgs.gov/fdsnws/event/1/query?eventid=ci41344255&format=geojson"
"uw714117151","2026-10-06T22:30:08Z","2026-10-06T18:30:08-04:00","2026-10-06T22:50:25Z","1.4","1.41","11 km NE of Abbotsford, Canada","49.1306666666667","-122.137666666667","Canada","-0.7","-0.66",,,,,"reviewed","0","31","explosion","M 1.4 Explosion - 11 km NE of Abbotsford, Canada","https://earthquake.usgs.gov/earthquakes/eventpage/uw714117151","https://earthquake.usgs.gov/fdsnws/event/1/query?eventid=uw714117151&format=geojson"
"ci41344239","2026-10-06T22:13:07Z","2026-10-06T18:13:07-04:00","2026-10-07T14:31:50Z","1.7","1.7","37 km ENE of Lucerne Valley, CA","34.6101666666667","-116.618833333333","United States of America","7.8","7.82",,,,,"reviewed","0","44","earthquake","M 1.7 - 37 km ENE of Lucerne Valley, CA","https://earthquake.usgs.gov/earthquakes/eventpage/ci41344239","https://earthquake.usgs.gov/fdsnws/event/1/query?eventid=ci41344239&format=geojson"
"ci41344223","2026-10-06T22:10:28Z","2026-10-06T18:10:28-04:00","2026-10-07T14:30:32Z","1.0","0.97","5 km SE of Lytle Creek, CA","34.2233333333333","-117.464","United States of America","11.5","11.47",,,,,"reviewed","0","14","earthquake","M 1.0 - 5 km SE of Lytle Creek, CA","https://earthquake.usgs.gov/earthquakes/eventpage/ci41344223","https://earthquake.usgs.gov/fdsnws/event/1/query?eventid=ci41344223&format=geojson"
"tx2026trzxpd","2026-10-06T22:08:39Z","2026-10-06T18:08:39-04:00","2026-10-07T10:32:34Z","1.0","0.5","27 km WSW of Ackerly, Texas","32.422","-101.986","United States of America","8.3","8.3252",,,,,"reviewed","0","4","earthquake","M 0.5 - 27 km WSW of Ackerly, Texas","https://earthquake.usgs.gov/earthquakes/eventpage/tx2026trzxpd","https://earthquake.usgs.gov/fdsnws/event/1/query?eventid=tx2026trzxpd&format=geojson"
"uw714117131","2026-10-06T22:03:58Z","2026-10-06T18:03:58-04:00","2026-10-06T22:33:16Z","1.0","0.57","21 km ESE of Castle Rock, Washington","46.2366666666667","-122.638333333333","United States of America","17.4","17.44",,,,,"reviewed","0","5","earthquake","M 0.6 - 21 km ESE of Castle Rock, Washington","https://earthquake.usgs.gov/earthquakes/eventpage/uw714117131","https://earthquake.usgs.gov/fdsnws/event/1/query?eventid=uw714117131&format=geojson"
"nn00925395","2026-10-06T22:03:55Z","2026-10-06T18:03:55-04:00","2026-10-06T22:56:34Z","1.8","1.83","21 km W of Preston, Nevada","38.9424","-115.3105","United States of America","7.0","7.0189",,,,,"reviewed","0","52","earthquake","M 1.8 - 21 km W of Preston, Nevada","https://earthquake.usgs.gov/earthquakes/eventpage/nn00925395","https://earthquake.usgs.gov/fdsnws/event/1/query?eventid=nn00925395&format=geojson"
"uw714117111","2026-10-06T21:59:31Z","2026-10-06T17:59:31-04:00","2026-10-06T22:28:44Z","1.6","1.61","5 km NNW of South Bend, Washington","46.7135","-123.821","United States of America","-0.1","-0.09",,,,,"reviewed","0","40","explosion","M 1.6 Explosion - 5 km NNW of South Bend, Washington","https://earthquake.usgs.gov/earthquakes/eventpage/uw714117111","https://earthquake.usgs.gov/fdsnws/event/1/query?eventid=uw714117111&format=geojson"
"nc75445651","2026-10-06T21:45:17Z","2026-10-06T17:45:17-04:00","2026-10-06T22:22:20Z","1.2","1.22","9 km W of Cobb, CA","38.8370018005371","-122.821662902832","United States of America","1.4","1.37",,,,,"automatic","0","23","earthquake","M 1.2 - 9 km W of Cobb, CA","https://earthquake.usgs.gov/earthquakes/eventpage/nc75445651","https://earthquake.usgs.gov/fdsnws/event/1/query?eventid=nc75445651&format=geojson"
"uu80158716","2026-10-06T21:36:54Z","2026-10-06T17:36:54-04:00","2026-10-06T21:52:34Z","1.2","1.21","3 km NNE of Thatcher, Utah","41.7226666666667","-112.282666666667","United States of America","4.8","4.83",,,,,"reviewed","0","23","earthquake","M 1.2 - 3 km NNE of Thatcher, Utah","https://earthquake.usgs.gov/earthquakes/eventpage/uu80158716","https://earthquake.usgs.gov/fdsnws/event/1/query?eventid=uu80158716&format=geojson"
"ci41344199","2026-10-06T21:30:17Z","2026-10-06T17:30:17-04:00","2026-10-07T14:52:21Z","1.7","1.65","5 km NE of Rancho San Diego, CA","32.7778333333333","-116.894","United States of America","-0.3","-0.26",,,,,"reviewed","0","42","quarry blast","M 1.7 Quarry Blast - 5 km NE of Rancho San Diego, CA","https://earthquake.usgs.gov/earthquakes/eventpage/ci41344199","https://earthquake.usgs.gov/fdsnws/event/1/query?eventid=ci41344199&format=geojson"
"nm60628456","2026-10-06T21:25:46Z","2026-10-06T17:25:46-04:00","2026-10-07T12:40:52Z","2.1","2.08","7 km S of Jasper, Arkansas","35.9445","-93.1715","United States of America","5.6","5.64",,,,,"reviewed","0","67","earthquake","M 2.1 - 7 km S of Jasper, Arkansas","https://earthquake.usgs.gov/earthquakes/eventpage/nm60628456","https://earthquake.usgs.gov/fdsnws/event/1/query?eventid=nm60628456&format=geojson"
"nn00925393","2026-10-06T21:16:48Z","2026-10-06T17:16:48-04:00","2026-10-06T21:40:41Z","1.2","1.21","55 km S of Kingston, Nevada","38.7078","-117.113","United States of America","0.0","0",,,,,"reviewed","0","23","explosion","M 1.2 Explosion - 55 km S of Kingston, Nevada","https://earthquake.usgs.gov/earthquakes/eventpage/nn00925393","https://earthquake.usgs.gov/fdsnws/event/1/query?eventid=nn00925393&format=geojson"
"ci41344191","2026-10-06T20:57:13Z","2026-10-06T16:57:13-04:00","2026-10-07T20:19:55Z","1.5","1.46","25 km ENE of Pine Valley, CA","32.933","-116.298166666667","United States of America","10.9","10.94",,,,,"reviewed","0","33","earthquake","M 1.5 - 25 km ENE of Pine Valley, CA","https://earthquake.usgs.gov/earthquakes/eventpage/ci41344191","https://earthquake.usgs.gov/fdsnws/event/1/query?eventid=ci41344191&format=geojson"
"uu80158711","2026-10-06T20:40:14Z","2026-10-06T16:40:14-04:00","2026-10-06T21:48:15Z","1.1","1.1","6 km NE of Magna, Utah","40.7523333333333","-112.046","United States of America","7.7","7.73",,,,,"reviewed","0","19","earthquake","M 1.1 - 6 km NE of Magna, Utah","https://earthquake.usgs.gov/earthquakes/eventpage/uu80158711","https://earthquake.usgs.gov/fdsnws/event/1/query?eventid=uu80158711&format=geojson"
"tx2026trwyts","2026-10-06T20:39:30Z","2026-10-06T16:39:30-04:00","2026-10-06T21:31:47Z","2.0","2","61 km S of Whites City, New Mexico","31.631","-104.476","United States of America","7.6","7.5684",,,,,"reviewed","0","62","earthquake","M 2.0 - 61 km S of Whites City, New Mexico","https://earthquake.usgs.gov/earthquakes/eventpage/tx2026trwyts","https://earthquake.usgs.gov/fdsnws/event/1/query?eventid=tx2026trwyts&format=geojson"
"tx2026trwfxh","2026-10-06T20:17:50Z","2026-10-06T16:17:50-04:00","2026-10-07T10:38:08Z","1.0","0.9","21 km W of Garden City, Texas","31.851","-101.707","United States of America","7.9","7.8613",,,,,"reviewed","0","12","earthquake","M 0.9 - 21 km W of Garden City, Texas","https://earthquake.usgs.gov/earthquakes/eventpage/tx2026trwfxh","https://earthquake.usgs.gov/fdsnws/event/1/query?eventid=tx2026trwfxh&format=geojson"
"nn00925389","2026-10-06T20:16:51Z","2026-10-06T16:16:51-04:00","2026-10-07T20:20:44Z","3.3","3.3","19 km W of Preston, Nevada","38.9003","-115.2807","United States of America","3.6","3.6175",,,"3.24",,"reviewed","0","168","earthquake","M 3.3 - 19 km W of Preston, Nevada","https://earthquake.usgs.gov/earthquakes/eventpage/nn00925389","https://earthquake.usgs.gov/fdsnws/event/1/query?eventid=nn00925389&format=geojson"
"ok2026tplk","2026-10-06T20:00:11Z","2026-10-06T16:00:11-04:00","2026-10-06T20:20:14Z","1.6","1.63","10 km W of Davis, Oklahoma","34.50766667","-97.23283333","United States of America","0.0","0",,,,,"reviewed","0","41","quarry blast","M 1.6 Quarry Blast - 10 km W of Davis, Oklahoma","https://earthquake.usgs.gov/earthquakes/eventpage/ok2026tplk","https://earthquake.usgs.gov/fdsnws/event/1/query?eventid=ok2026tplk&format=geojson"
"uw714117031","2026-10-06T19:59:38Z","2026-10-06T15:59:38-04:00","2026-10-06T20:15:30Z","1.8","1.82","20 km E of Castle Rock, Washington","46.2476666666667","-122.6435","United States of America","16.5","16.52",,,,,"reviewed","0","51","earthquake","M 1.8 - 20 km E of Castle Rock, Washington","https://earthquake.usgs.gov/earthquakes/eventpage/uw714117031","https://earthquake.usgs.gov/fdsnws/event/1/query?eventid=uw714117031&format=geojson"
"ci41344183","2026-10-06T19:45:25Z","2026-10-06T15:45:25-04:00","2026-10-06T20:03:23Z","1.0","0.27","9 km WSW of Corona, CA","33.8258333333333","-117.6495","United States of America","5.6","5.6",,,,,"reviewed","0","1","earthquake","M 0.3 - 9 km WSW of Corona, CA","https://earthquake.usgs.gov/earthquakes/eventpage/ci41344183","https://earthquake.usgs.gov/fdsnws/event/1/query?eventid=ci41344183&format=geojson"
"nc75445616","2026-10-06T19:44:10Z","2026-10-06T15:44:10-04:00","2026-10-06T20:42:24Z","1.9","1.85","19 km SW of Toms Place, CA","37.4415016174316","-118.833999633789","United States of America","-0.5","-0.52",,,,,"automatic","0","53","earthquake","M 1.9 - 19 km SW of Toms Place, CA","https://earthquake.usgs.gov/earthquakes/eventpage/nc75445616","https://earthquake.usgs.gov/fdsnws/event/1/query?eventid=nc75445616&format=geojson"
"nc75445606","2026-10-06T19:41:48Z","2026-10-06T15:41:48-04:00","2026-10-06T20:17:29Z","1.1","1.12","7 km ESE of Cloverdale, CA","38.7921676635742","-122.940170288086","United States of America","3.9","3.86",,,,,"automatic","0","19","earthquake","M 1.1 - 7 km ESE of Cloverdale, CA","https://earthquake.usgs.gov/earthquakes/eventpage/nc75445606","https://earthquake.usgs.gov/fdsnws/event/1/query?eventid=nc75445606&format=geojson"
"ci41344167","2026-10-06T19:25:18Z","2026-10-06T15:25:18-04:00","2026-10-06T19:40:57Z","1.0","0.71","7 km NW of Palomar Observatory, CA","33.3926666666667","-116.922","United States of America","13.9","13.91",,,,,"reviewed","0","8","earthquake","M 0.7 - 7 km NW of Palomar Observatory, CA","https://earthquake.usgs.gov/earthquakes/eventpage/ci41344167","https://earthquake.usgs.gov/fdsnws/event/1/query?eventid=ci41344167&format=geojson"
"nn00925387","2026-10-06T19:18:58Z","2026-10-06T15:18:58-04:00","2026-10-06T21:37:23Z","1.5","1.52","51 km S of Silver Peak, Nevada","37.2874","-117.6035","United States of America","7.9","7.8997",,,,,"reviewed","0","36","earthquake","M 1.5 - 51 km S of Silver Peak, Nevada","https://earthquake.usgs.gov/earthquakes/eventpage/nn00925387","https://earthquake.usgs.gov/fdsnws/event/1/query?eventid=nn00925387&format=geojson"
"pr71535923","2026-10-06T19:14:45Z","2026-10-06T15:14:45-04:00","2026-10-06T19:25:47Z","2.1","2.05","6 km SSE of Ponce, Puerto Rico","17.9591666666667","-66.6016666666667","Puerto Rico","14.5","14.47",,,,,"reviewed","0","65","earthquake","M 2.1 - 6 km SSE of Ponce, Puerto Rico","https://earthquake.usgs.gov/earthquakes/eventpage/pr71535923","https://earthquake.usgs.gov/fdsnws/event/1/query?eventid=pr71535923&format=geojson"
"uu80158696","2026-10-06T19:13:37Z","2026-10-06T15:13:37-04:00","2026-10-06T20:32:42Z","1.6","1.56","16 km WNW of Orangeville, Utah","39.3083333333333","-111.217833333333","United States of America","-1.6","-1.55",,,,,"reviewed","0","37","earthquake","M 1.6 - 16 km WNW of Orangeville, Utah","https://earthquake.usgs.gov/earthquakes/eventpage/uu80158696","https://earthquake.usgs.gov/fdsnws/event/1/query?eventid=uu80158696&format=geojson"
"ok2026tpiw","2026-10-06T18:42:06Z","2026-10-06T14:42:06-04:00","2026-10-07T13:25:55Z","1.3","1.29","3 km SSW of Mill Creek, Oklahoma","34.3755","-96.84916667","United States of America","0.0","0",,,,,"reviewed","0","26","quarry blast","M 1.3 Quarry Blast - 3 km SSW of Mill Creek, Oklahoma","https://earthquake.usgs.gov/earthquakes/eventpage/ok2026tpiw","https://earthquake.usgs.gov/fdsnws/event/1/query?eventid=ok2026tpiw&format=geojson"
"nc75445561","2026-10-06T18:37:50Z","2026-10-06T14:37:50-04:00","2026-10-06T18:39:28Z","1.0","0.87","6 km WNW of Cobb, CA","38.8375015258789","-122.785003662109","United States of America","2.4","2.37",,,,,"automatic","0","12","earthquake","M 0.9 - 6 km WNW of Cobb, CA","https://earthquake.usgs.gov/earthquakes/eventpage/nc75445561","https://earthquake.usgs.gov/fdsnws/event/1/query?eventid=nc75445561&format=geojson"
"nc75445556","2026-10-06T18:32:48Z","2026-10-06T14:32:48-04:00","2026-10-06T18:34:23Z","1.0","0.58","14 km NW of Parkfield, CA","35.9853324890137","-120.540336608887","United States of America","1.0","0.98",,,,,"automatic","0","5","earthquake","M 0.6 - 14 km NW of Parkfield, CA","https://earthquake.usgs.gov/earthquakes/eventpage/nc75445556","https://earthquake.usgs.gov/fdsnws/event/1/query?eventid=nc75445556&format=geojson"
"nc75445546","2026-10-06T18:29:47Z","2026-10-06T14:29:47-04:00","2026-10-06T18:31:23Z","1.0","1.02","6 km NNW of The Geysers, CA","38.8199996948242","-122.792999267578","United States of America","3.4","3.39",,,,,"automatic","0","16","earthquake","M 1.0 - 6 km NNW of The Geysers, CA","https://earthquake.usgs.gov/earthquakes/eventpage/nc75445546","https://earthquake.usgs.gov/fdsnws/event/1/query?eventid=nc75445546&format=geojson"
"nc75445541","2026-10-06T18:22:41Z","2026-10-06T14:22:41-04:00","2026-10-06T19:12:21Z","1.4","1.36","6 km NW of The Geysers, CA","38.8121681213379","-122.808166503906","United States of America","3.3","3.26",,,,,"automatic","0","28","earthquake","M 1.4 - 6 km NW of The Geysers, CA","https://earthquake.usgs.gov/earthquakes/eventpage/nc75445541","https://earthquake.usgs.gov/fdsnws/event/1/query?eventid=nc75445541&format=geojson"
"tx2026trrvxw","2026-10-06T18:05:19Z","2026-10-06T14:05:19-04:00","2026-10-06T21:40:36Z","1.4","1.4","13 km W of Stanton, Texas","32.11","-101.931","United States of America","8.5","8.4717",,,,,"reviewed","0","30","earthquake","M 1.4 - 13 km W of Stanton, Texas","https://earthquake.usgs.gov/earthquakes/eventpage/tx2026trrvxw","https://earthquake.usgs.gov/fdsnws/event/1/query?eventid=tx2026trrvxw&format=geojson"
"ok2026tphh","2026-10-06T17:53:45Z","2026-10-06T13:53:45-04:00","2026-10-07T13:22:12Z","1.3","1.32","4 km SE of Owasso, Oklahoma","36.24083333","-95.8155","United States of America","0.0","0",,,,,"reviewed","0","27","quarry blast","M 1.3 Quarry Blast - 4 km SE of Owasso, Oklahoma","https://earthquake.usgs.gov/earthquakes/eventpage/ok2026tphh","https://earthquake.usgs.gov/fdsnws/event/1/query?eventid=ok2026tphh&format=geojson"
"nc75445506","2026-10-06T17:47:38Z","2026-10-06T13:47:38-04:00","2026-10-07T00:33:47Z","2.4","2.42","6 km SE of Napa, CA","38.2569999694824","-122.248497009277","United States of America","-0.1","-0.14","1","1",,,"automatic","0","90","earthquake","M 2.4 - 6 km SE of Napa, CA","https://earthquake.usgs.gov/earthquakes/eventpage/nc75445506","https://earthquake.usgs.gov/fdsnws/event/1/query?eventid=nc75445506&format=geojson"
"nc75445501","2026-10-06T17:46:15Z","2026-10-06T13:46:15-04:00","2026-10-06T18:27:22Z","1.5","1.52","6 km WNW of Cobb, CA","38.8359985351562","-122.793998718262","United States of America","2.1","2.08",,,,,"automatic","0","36","earthquake","M 1.5 - 6 km WNW of Cobb, CA","https://earthquake.usgs.gov/earthquakes/eventpage/nc75445501","https://earthquake.usgs.gov/fdsnws/event/1/query?eventid=nc75445501&format=geojson"
"nn00925376","2026-10-06T17:43:42Z","2026-10-06T13:43:42-04:00","2026-10-06T20:28:25Z","2.8","2.81","18 km W of Preston, Nevada","38.9117","-115.2731","United States of America","8.4","8.4359",,,,,"reviewed","0","121","earthquake","M 2.8 - 18 km W of Preston, Nevada","https://earthquake.usgs.gov/earthquakes/eventpage/nn00925376","https://earthquake.usgs.gov/fdsnws/event/1/query?eventid=nn00925376&format=geojson"
"tx2026trquve","2026-10-06T17:34:03Z","2026-10-06T13:34:03-04:00","2026-10-06T18:18:33Z","1.5","1.5","33 km SE of Malaga, New Mexico","32.002","-103.837","United States of America","6.5","6.4716",,,,,"reviewed","0","35","earthquake","M 1.5 - 33 km SE of Malaga, New Mexico","https://earthquake.usgs.gov/earthquakes/eventpage/tx2026trquve","https://earthquake.usgs.gov/fdsnws/event/1/query?eventid=tx2026trquve&format=geojson"
"uw714116951","2026-10-06T17:33:37Z","2026-10-06T13:33:37-04:00","2026-10-06T21:34:53Z","1.7","1.65","27 km NNW of Huntington, Oregon","44.565","-117.450333333333","United States of America","-1.4","-1.43",,,,,"reviewed","0","42","explosion","M 1.7 Explosion - 27 km NNW of Huntington, Oregon","https://earthquake.usgs.gov/earthquakes/eventpage/uw714116951","https://earthquake.usgs.gov/fdsnws/event/1/query?eventid=uw714116951&format=geojson"
"ci41344151","2026-10-06T17:33:12Z","2026-10-06T13:33:12-04:00","2026-10-06T19:23:36Z","1.1","1.07","4 km SE of Loma Linda, CA","34.0288333333333","-117.2305","United States of America","16.4","16.39",,,,,"reviewed","0","18","earthquake","M 1.1 - 4 km SE of Loma Linda, CA","https://earthquake.usgs.gov/earthquakes/eventpage/ci41344151","https://earthquake.usgs.gov/fdsnws/event/1/query?eventid=ci41344151&format=geojson"
"ok2026tpgo","2026-10-06T17:31:33Z","2026-10-06T13:31:33-04:00","2026-10-06T18:22:19Z","1.4","1.38","5 km ENE of Drumright, Oklahoma","36.0085","-96.54016667","United States of America","0.0","0",,,,,"reviewed","0","29","quarry blast","M 1.4 Quarry Blast - 5 km ENE of Drumright, Oklahoma","https://earthquake.usgs.gov/earthquakes/eventpage/ok2026tpgo","https://earthquake.usgs.gov/fdsnws/event/1/query?eventid=ok2026tpgo&format=geojson"
"nc75445486","2026-10-06T17:25:18Z","2026-10-06T13:25:18-04:00","2026-10-06T17:26:54Z","1.0","0.27","11 km NW of The Geysers, CA","38.8463325500488","-122.84733581543","United States of America","3.4","3.42",,,,,"automatic","0","1","earthquake","M 0.3 - 11 km NW of The Geysers, CA","https://earthquake.usgs.gov/earthquakes/eventpage/nc75445486","https://earthquake.usgs.gov/fdsnws/event/1/query?eventid=nc75445486&format=geojson"
"nc75445491","2026-10-06T17:25:15Z","2026-10-06T13:25:15-04:00","2026-10-06T17:57:24Z","1.7","1.73","2 km SSE of Los Altos Hills, CA","37.3623352050781","-122.123336791992","United States of America","2.9","2.85",,,,,"automatic","0","46","earthquake","M 1.7 - 2 km SSE of Los Altos Hills, CA","https://earthquake.usgs.gov/earthquakes/eventpage/nc75445491","https://earthquake.usgs.gov/fdsnws/event/1/query?eventid=nc75445491&format=geojson"
"ci41344143","2026-10-06T17:19:19Z","2026-10-06T13:19:19-04:00","2026-10-06T18:46:19Z","1.0","0.7","3 km S of Palomar Observatory, CA","33.329","-116.863833333333","United States of America","9.7","9.72",,,,,"reviewed","0","8","earthquake","M 0.7 - 3 km S of Palomar Observatory, CA","https://earthquake.usgs.gov/earthquakes/eventpage/ci41344143","https://earthquake.usgs.gov/fdsnws/event/1/query?eventid=ci41344143&format=geojson"
"ci41344135","2026-10-06T16:43:04Z","2026-10-06T12:43:04-04:00","2026-10-06T17:30:19Z","1.0","0.43","16 km SSW of Little Lake, CA","35.7965","-117.9455","United States of America","2.1","2.11",,,,,"reviewed","0","3","earthquake","M 0.4 - 16 km SSW of Little Lake, CA","https://earthquake.usgs.gov/earthquakes/eventpage/ci41344135","https://earthquake.usgs.gov/fdsnws/event/1/query?eventid=ci41344135&format=geojson"
"nn00925367","2026-10-06T16:22:15Z","2026-10-06T12:22:15-04:00","2026-10-06T16:24:47Z","1.6","1.56","35 km SE of Mina, Nevada","38.1532","-117.8328","United States of America","1.1","1.0802",,,,,"automatic","0","37","earthquake","M 1.6 - 35 km SE of Mina, Nevada","https://earthquake.usgs.gov/earthquakes/eventpage/nn00925367","https://earthquake.usgs.gov/fdsnws/event/1/query?eventid=nn00925367&format=geojson"
"ci41344127","2026-10-06T16:03:28Z","2026-10-06T12:03:28-04:00","2026-10-06T18:28:03Z","1.1","1.12","28 km NW of Searles Valley, CA","35.9705","-117.589166666667","United States of America","4.8","4.75",,,,,"reviewed","0","19","earthquake","M 1.1 - 28 km NW of Searles Valley, CA","https://earthquake.usgs.gov/earthquakes/eventpage/ci41344127","https://earthquake.usgs.gov/fdsnws/event/1/query?eventid=ci41344127&format=geojson"
"pr71535908","2026-10-06T15:42:06Z","2026-10-06T11:42:06-04:00","2026-10-06T16:53:53Z","3.1","3.07","7 km NNW of Trujillo Alto, Puerto Rico","18.4088333333333","-66.0446666666667","Puerto Rico","113.0","112.96",,,,,"reviewed","0","145","earthquake","M 3.1 - 7 km NNW of Trujillo Alto, Puerto Rico","https://earthquake.usgs.gov/earthquakes/eventpage/pr71535908","https://earthquake.usgs.gov/fdsnws/event/1/query?eventid=pr71535908&format=geojson"
"nn00925363","2026-10-06T15:34:29Z","2026-10-06T11:34:29-04:00","2026-10-07T20:36:03Z","3.5","3.45","25 km WNW of Preston, Nevada","38.9946","-115.3385","United States of America","5.0","5",,,"3.483",,"reviewed","0","183","earthquake","M 3.5 - 25 km WNW of Preston, Nevada","https://earthquake.usgs.gov/earthquakes/eventpage/nn00925363","https://earthquake.usgs.gov/fdsnws/event/1/query?eventid=nn00925363&format=geojson"
"uw714116831","2026-10-06T15:31:40Z","2026-10-06T11:31:40-04:00","2026-10-06T22:12:07Z","1.0","0.07","38 km NNE of Amboy, Washington","46.2038333333333","-122.189833333333","United States of America","2.5","2.53",,,,,"reviewed","0","0","earthquake","M 0.1 - 38 km NNE of Amboy, Washington","https://earthquake.usgs.gov/earthquakes/eventpage/uw714116831","https://earthquake.usgs.gov/fdsnws/event/1/query?eventid=uw714116831&format=geojson"
"nc75445446","2026-10-06T15:30:01Z","2026-10-06T11:30:01-04:00","2026-10-06T15:31:39Z","1.1","1.05","7 km WNW of The Geysers, CA","38.8101654052734","-122.827331542969","United States of America","1.6","1.64",,,,,"automatic","0","17","earthquake","M 1.1 - 7 km WNW of The Geysers, CA","https://earthquake.usgs.gov/earthquakes/eventpage/nc75445446","https://earthquake.usgs.gov/fdsnws/event/1/query?eventid=nc75445446&format=geojson"
"uw714116811","2026-10-06T15:25:35Z","2026-10-06T11:25:35-04:00","2026-10-06T21:15:30Z","1.2","1.16","2 km SW of Ashford, Washington","46.7413333333333","-122.055333333333","United States of America","3.8","3.75",,,,,"reviewed","0","21","earthquake","M 1.2 - 2 km SW of Ashford, Washington","https://earthquake.usgs.gov/earthquakes/eventpage/uw714116811","https://earthquake.usgs.gov/fdsnws/event/1/query?eventid=uw714116811&format=geojson"
"uw714116801","2026-10-06T15:20:28Z","2026-10-06T11:20:28-04:00","2026-10-06T21:59:14Z","1.0","0.86","3 km N of Enetai, Washington","47.6153333333333","-122.605","United States of America","21.6","21.59",,,,,"reviewed","0","11","earthquake","M 0.9 - 3 km N of Enetai, Washington","https://earthquake.usgs.gov/earthquakes/eventpage/uw714116801","https://earthquake.usgs.gov/fdsnws/event/1/query?eventid=uw714116801&format=geojson"
"tx2026trltoz","2026-10-06T15:01:40Z","2026-10-06T11:01:40-04:00","2026-10-06T17:35:05Z","2.2","2.2","56 km S of Whites City, New Mexico","31.665","-104.419","United States of America","6.1","6.0999",,,,,"reviewed","0","74","earthquake","M 2.2 - 56 km S of Whites City, New Mexico","https://earthquake.usgs.gov/earthquakes/eventpage/tx2026trltoz","https://earthquake.usgs.gov/fdsnws/event/1/query?eventid=tx2026trltoz&format=geojson"
"uu80158666","2026-10-06T15:00:42Z","2026-10-06T11:00:42-04:00","2026-10-06T15:24:59Z","1.0","0.7","14 km NE of Milford, Utah","38.4983333333333","-112.905","United States of America","4.2","4.18",,,,,"reviewed","0","8","earthquake","M 0.7 - 14 km NE of Milford, Utah","https://earthquake.usgs.gov/earthquakes/eventpage/uu80158666","https://earthquake.usgs.gov/fdsnws/event/1/query?eventid=uu80158666&format=geojson"
"uu80158661","2026-10-06T14:52:20Z","2026-10-06T10:52:20-04:00","2026-10-06T15:12:20Z","1.5","1.45","14 km NE of Milford, Utah","38.4931666666667","-112.906333333333","United States of America","4.0","3.95",,,,,"reviewed","0","32","earthquake","M 1.5 - 14 km NE of Milford, Utah","https://earthquake.usgs.gov/earthquakes/eventpage/uu80158661","https://earthquake.usgs.gov/fdsnws/event/1/query?eventid=uu80158661&format=geojson"
"ci41344095","2026-10-06T14:43:35Z","2026-10-06T10:43:35-04:00","2026-10-06T19:05:18Z","1.4","1.44","15 km SE of Anza, CA","33.4685","-116.553666666667","United States of America","11.7","11.73",,,,,"reviewed","0","32","earthquake","M 1.4 - 15 km SE of Anza, CA","https://earthquake.usgs.gov/earthquakes/eventpage/ci41344095","https://earthquake.usgs.gov/fdsnws/event/1/query?eventid=ci41344095&format=geojson"
"uu80158656","2026-10-06T14:40:10Z","2026-10-06T10:40:10-04:00","2026-10-06T15:01:11Z","1.0","0.47","3 km WSW of Hebgen Lake Estates, Montana","44.755","-111.232833333333","United States of America","11.4","11.44",,,,,"reviewed","0","3","earthquake","M 0.5 - 3 km WSW of Hebgen Lake Estates, Montana","https://earthquake.usgs.gov/earthquakes/eventpage/uu80158656","https://earthquake.usgs.gov/fdsnws/event/1/query?eventid=uu80158656&format=geojson"
"ci41344087","2026-10-06T14:22:50Z","2026-10-06T10:22:50-04:00","2026-10-06T16:16:02Z","2.0","2","23 km SSE of Twentynine Palms, CA","33.9336666666667","-116.010333333333","United States of America","1.1","1.09",,,,,"reviewed","0","62","earthquake","M 2.0 - 23 km SSE of Twentynine Palms, CA","https://earthquake.usgs.gov/earthquakes/eventpage/ci41344087","https://earthquake.usgs.gov/fdsnws/event/1/query?eventid=ci41344087&format=geojson"
"uw714116761","2026-10-06T14:19:40Z","2026-10-06T10:19:40-04:00","2026-10-06T20:44:23Z","2.0","2.01","2 km E of Tracyton, Washington","47.6053333333333","-122.6215","United States of America","23.1","23.1","1","0",,,"reviewed","0","62","earthquake","M 2.0 - 2 km E of Tracyton, Washington","https://earthquake.usgs.gov/earthquakes/eventpage/uw714116761","https://earthquake.usgs.gov/fdsnws/event/1/query?eventid=uw714116761&format=geojson"
"nm60628446","2026-10-06T14:18:45Z","2026-10-06T10:18:45-04:00","2026-10-09T13:49:14Z","1.0","0.88","6 km NNW of Ridgely, Tennessee","36.321","-89.5071666666667","United States of America","5.8","5.75",,,,,"reviewed","0","12","earthquake","M 0.9 - 6 km NNW of Ridgely, Tennessee","https://earthquake.usgs.gov/earthquakes/eventpage/nm60628446","https://earthquake.usgs.gov/fdsnws/event/1/query?eventid=nm60628446&format=geojson"
"nc75445431","2026-10-06T14:14:02Z","2026-10-06T10:14:02-04:00","2026-10-06T14:15:39Z","1.0","0.92","9 km NW of Parkfield, CA","35.9514999389648","-120.505668640137","United States of America","10.1","10.11",,,,,"automatic","0","13","earthquake","M 0.9 - 9 km NW of Parkfield, CA","https://earthquake.usgs.gov/earthquakes/eventpage/nc75445431","https://earthquake.usgs.gov/fdsnws/event/1/query?eventid=nc75445431&format=geojson"
"tx2026trjygb","2026-10-06T14:06:45Z","2026-10-06T10:06:45-04:00","2026-10-06T17:50:21Z","1.5","1.5","13 km W of Stanton, Texas","32.107","-101.928","United States of America","9.3","9.3018",,,,,"reviewed","0","35","earthquake","M 1.5 - 13 km W of Stanton, Texas","https://earthquake.usgs.gov/earthquakes/eventpage/tx2026trjygb","https://earthquake.usgs.gov/fdsnws/event/1/query?eventid=tx2026trjygb&format=geojson"
"tx2026trjtkz","2026-10-06T14:01:08Z","2026-10-06T10:01:08-04:00","2026-10-06T18:15:32Z","1.7","1.7","58 km S of Whites City, New Mexico","31.648","-104.442","United States of America","7.5","7.5354",,,,,"reviewed","0","44","earthquake","M 1.7 - 58 km S of Whites City, New Mexico","https://earthquake.usgs.gov/earthquakes/eventpage/tx2026trjtkz","https://earthquake.usgs.gov/fdsnws/event/1/query?eventid=tx2026trjtkz&format=geojson"
"nc75445426","2026-10-06T13:20:38Z","2026-10-06T09:20:38-04:00","2026-10-06T13:22:14Z","1.0","0.27","6 km WNW of Cobb, CA","38.8363342285156","-122.784332275391","United States of America","1.9","1.85",,,,,"automatic","0","1","earthquake","M 0.3 - 6 km WNW of Cobb, CA","https://earthquake.usgs.gov/earthquakes/eventpage/nc75445426","https://earthquake.usgs.gov/fdsnws/event/1/query?eventid=nc75445426&format=geojson"
"tx2026trigpw","2026-10-06T13:16:12Z","2026-10-06T09:16:12-04:00","2026-10-06T17:42:03Z","2.3","2.3","57 km S of Whites City, New Mexico","31.66","-104.417","United States of America","6.1","6.0999",,,,,"reviewed","0","81","earthquake","M 2.3 - 57 km S of Whites City, New Mexico","https://earthquake.usgs.gov/earthquakes/eventpage/tx2026trigpw","https://earthquake.usgs.gov/fdsnws/event/1/query?eventid=tx2026trigpw&format=geojson"
"tx2026tricff","2026-10-06T13:10:53Z","2026-10-06T09:10:53-04:00","2026-10-06T17:28:14Z","2.4","2.4","57 km S of Whites City, New Mexico","31.662","-104.417","United States of America","6.1","6.0999",,,,,"reviewed","0","89","earthquake","M 2.4 - 57 km S of Whites City, New Mexico","https://earthquake.usgs.gov/earthquakes/eventpage/tx2026tricff","https://earthquake.usgs.gov/fdsnws/event/1/query?eventid=tx2026tricff&format=geojson"
"tx2026trgpil","2026-10-06T12:25:46Z","2026-10-06T08:25:46-04:00","2026-10-07T06:30:31Z","2.7","2.7","8 km ESE of Smiley, Texas","29.232","-97.559","United States of America","7.0","7.0205","1","2.9",,,"reviewed","0","112","earthquake","M 2.7 - 8 km ESE of Smiley, Texas","https://earthquake.usgs.gov/earthquakes/eventpage/tx2026trgpil","https://earthquake.usgs.gov/fdsnws/event/1/query?eventid=tx2026trgpil&format=geojson"
"tx2026trgonq","2026-10-06T12:24:50Z","2026-10-06T08:24:50-04:00","2026-10-06T22:27:31Z","1.1","1.1","9 km ESE of Smiley, Texas","29.231","-97.553","United States of America","9.0","8.9908",,,,,"reviewed","0","19","earthquake","M 1.1 - 9 km ESE of Smiley, Texas","https://earthquake.usgs.gov/earthquakes/eventpage/tx2026trgonq","https://earthquake.usgs.gov/fdsnws/event/1/query?eventid=tx2026trgonq&format=geojson"
"nc75445416","2026-10-06T12:15:11Z","2026-10-06T08:15:11-04:00","2026-10-06T12:16:49Z","1.0","0.75","4 km NNW of The Geysers, CA","38.8083343505859","-122.77433013916","United States of America","2.0","2.02",,,,,"automatic","0","9","earthquake","M 0.8 - 4 km NNW of The Geysers, CA","https://earthquake.usgs.gov/earthquakes/eventpage/nc75445416","https://earthquake.usgs.gov/fdsnws/event/1/query?eventid=nc75445416&format=geojson"
"ci41344047","2026-10-06T12:09:14Z","2026-10-06T08:09:14-04:00","2026-10-06T18:31:52Z","1.4","1.37","5 km NNE of Calexico, CA","32.719","-115.472166666667","United States of America","11.0","10.97",,,,,"reviewed","0","29","earthquake","M 1.4 - 5 km NNE of Calexico, CA","https://earthquake.usgs.gov/earthquakes/eventpage/ci41344047","https://earthquake.usgs.gov/fdsnws/event/1/query?eventid=ci41344047&format=geojson"
"ci41344039","2026-10-06T12:04:27Z","2026-10-06T08:04:27-04:00","2026-10-06T13:36:47Z","1.5","1.54","9 km E of Borrego Springs, CA","33.2526666666667","-116.2775","United States of America","11.7","11.68",,,,,"reviewed","0","36","earthquake","M 1.5 - 9 km E of Borrego Springs, CA","https://earthquake.usgs.gov/earthquakes/eventpage/ci41344039","https://earthquake.usgs.gov/fdsnws/event/1/query?eventid=ci41344039&format=geojson"
"nc75445406","2026-10-06T11:23:31Z","2026-10-06T07:23:31-04:00","2026-10-06T11:57:21Z","1.3","1.27","7 km NW of The Geysers, CA","38.8181648254395","-122.813331604004","United States of America","2.8","2.83",,,,,"automatic","0","25","earthquake","M 1.3 - 7 km NW of The Geysers, CA","https://earthquake.usgs.gov/earthquakes/eventpage/nc75445406","https://earthquake.usgs.gov/fdsnws/event/1/query?eventid=nc75445406&format=geojson"
"uw714116721","2026-10-06T10:55:23Z","2026-10-06T06:55:23-04:00","2026-10-06T18:07:50Z","1.0","0.4","4 km SSW of Ashford, Washington","46.7253333333333","-122.0575","United States of America","2.8","2.83",,,,,"reviewed","0","2","earthquake","M 0.4 - 4 km SSW of Ashford, Washington","https://earthquake.usgs.gov/earthquakes/eventpage/uw714116721","https://earthquake.usgs.gov/fdsnws/event/1/query?eventid=uw714116721&format=geojson"
"ci41344031","2026-10-06T10:20:01Z","2026-10-06T06:20:01-04:00","2026-10-06T13:36:42Z","1.0","1.03","5 km ESE of Wofford Heights, CA","35.6838333333333","-118.4095","United States of America","4.0","4.01",,,,,"reviewed","0","16","earthquake","M 1.0 - 5 km ESE of Wofford Heights, CA","https://earthquake.usgs.gov/earthquakes/eventpage/ci41344031","https://earthquake.usgs.gov/fdsnws/event/1/query?eventid=ci41344031&format=geojson"
"tx2026trcfox","2026-10-06T10:14:00Z","2026-10-06T06:14:00-04:00","2026-10-06T18:33:37Z","1.0","0.8","13 km WSW of Stanton, Texas","32.105","-101.924","United States of America","8.8","8.8135",,,,,"reviewed","0","10","earthquake","M 0.8 - 13 km WSW of Stanton, Texas","https://earthquake.usgs.gov/earthquakes/eventpage/tx2026trcfox","https://earthquake.usgs.gov/fdsnws/event/1/query?eventid=tx2026trcfox&format=geojson"
"ci41344015","2026-10-06T10:12:34Z","2026-10-06T06:12:34-04:00","2026-10-06T13:36:58Z","1.3","1.34","16 km NE of Little Lake, CA","36.0245","-117.771333333333","United States of America","1.5","1.52",,,,,"reviewed","0","28","earthquake","M 1.3 - 16 km NE of Little Lake, CA","https://earthquake.usgs.gov/earthquakes/eventpage/ci41344015","https://earthquake.usgs.gov/fdsnws/event/1/query?eventid=ci41344015&format=geojson"
"se60506423","2026-10-06T10:05:40Z","2026-10-06T06:05:40-04:00","2026-10-06T12:10:35Z","2.1","2.14","7 km SSW of Dunlap, Tennessee","35.303","-85.4116666666667","United States of America","20.6","20.57",,,,,"reviewed","0","70","earthquake","M 2.1 - 7 km SSW of Dunlap, Tennessee","https://earthquake.usgs.gov/earthquakes/eventpage/se60506423","https://earthquake.usgs.gov/fdsnws/event/1/query?eventid=se60506423&format=geojson"
"tx2026trbxoa","2026-10-06T10:04:27Z","2026-10-06T06:04:27-04:00","2026-10-06T17:58:21Z","1.8","1.8","12 km WSW of Stanton, Texas","32.105","-101.92","United States of America","9.5","9.4971",,,,,"reviewed","0","50","earthquake","M 1.8 - 12 km WSW of Stanton, Texas","https://earthquake.usgs.gov/earthquakes/eventpage/tx2026trbxoa","https://earthquake.usgs.gov/fdsnws/event/1/query?eventid=tx2026trbxoa&format=geojson"
"ci41344007","2026-10-06T09:37:56Z","2026-10-06T05:37:56-04:00","2026-10-07T21:48:48Z","3.1","3.1","5 km ESE of Wofford Heights, CA","35.6843333333333","-118.411333333333","United States of America","4.3","4.3","30","3.8",,,"reviewed","0","159","earthquake","M 3.1 - 5 km ESE of Wofford Heights, CA","https://earthquake.usgs.gov/earthquakes/eventpage/ci41344007","https://earthquake.usgs.gov/fdsnws/event/1/query?eventid=ci41344007&format=geojson"
"ci41343999","2026-10-06T09:37:44Z","2026-10-06T05:37:44-04:00","2026-10-06T18:06:49Z","1.0","0.83","5 km ESE of Wofford Heights, CA","35.6903333333333","-118.4075","United States of America","4.2","4.2",,,,,"reviewed","0","11","earthquake","M 0.8 - 5 km ESE of Wofford Heights, CA","https://earthquake.usgs.gov/earthquakes/eventpage/ci41343999","https://earthquake.usgs.gov/fdsnws/event/1/query?eventid=ci41343999&format=geojson"
"nc75445391","2026-10-06T09:35:41Z","2026-10-06T05:35:41-04:00","2026-10-06T09:37:19Z","1.0","0.99","10 km WNW of Cobb, CA","38.860668182373","-122.824668884277","United States of America","0.6","0.61",,,,,"automatic","0","15","earthquake","M 1.0 - 10 km WNW of Cobb, CA","https://earthquake.usgs.gov/earthquakes/eventpage/nc75445391","https://earthquake.usgs.gov/fdsnws/event/1/query?eventid=nc75445391&format=geojson"
"nc75445386","2026-10-06T09:21:51Z","2026-10-06T05:21:51-04:00","2026-10-06T09:23:28Z","1.1","1.06","6 km WNW of The Geysers, CA","38.803165435791","-122.810501098633","United States of America","0.8","0.78",,,,,"automatic","0","17","earthquake","M 1.1 - 6 km WNW of The Geysers, CA","https://earthquake.usgs.gov/earthquakes/eventpage/nc75445386","https://earthquake.usgs.gov/fdsnws/event/1/query?eventid=nc75445386&format=geojson"
"ci41343991","2026-10-06T09:20:06Z","2026-10-06T05:20:06-04:00","2026-10-06T16:07:00Z","1.9","1.89","14 km ENE of Ocotillo, CA","32.7785","-115.8495","United States of America","2.6","2.55",,,,,"reviewed","0","55","earthquake","M 1.9 - 14 km ENE of Ocotillo, CA","https://earthquake.usgs.gov/earthquakes/eventpage/ci41343991","https://earthquake.usgs.gov/fdsnws/event/1/query?eventid=ci41343991&format=geojson"
"nc75445381","2026-10-06T09:13:19Z","2026-10-06T05:13:19-04:00","2026-10-06T09:14:53Z","1.0","0.77","6 km WNW of The Geysers, CA","38.8033332824707","-122.811164855957","United States of America","0.7","0.74",,,,,"automatic","0","9","earthquake","M 0.8 - 6 km WNW of The Geysers, CA","https://earthquake.usgs.gov/earthquakes/eventpage/nc75445381","https://earthquake.usgs.gov/fdsnws/event/1/query?eventid=nc75445381&format=geojson"
"ci41343983","2026-10-06T08:49:45Z","2026-10-06T04:49:45-04:00","2026-10-06T13:47:17Z","1.0","0.46","5 km N of Big Bear City, CA","34.3065","-116.8485","United States of America","5.1","5.06",,,,,"reviewed","0","3","earthquake","M 0.5 - 5 km N of Big Bear City, CA","https://earthquake.usgs.gov/earthquakes/eventpage/ci41343983","https://earthquake.usgs.gov/fdsnws/event/1/query?eventid=ci41343983&format=geojson"
"ci41343975","2026-10-06T08:40:14Z","2026-10-06T04:40:14-04:00","2026-10-07T07:13:13Z","2.6","2.6","4 km NNW of Big Bear City, CA","34.2938333333333","-116.8615","United States of America","4.1","4.05","18","3.4",,,"reviewed","0","110","earthquake","M 2.6 - 4 km NNW of Big Bear City, CA","https://earthquake.usgs.gov/earthquakes/eventpage/ci41343975","https://earthquake.usgs.gov/fdsnws/event/1/query?eventid=ci41343975&format=geojson"
"uw714116711","2026-10-06T08:36:29Z","2026-10-06T04:36:29-04:00","2026-10-06T20:30:35Z","1.8","1.84","2 km E of Tracyton, Washington","47.6078333333333","-122.622666666667","United States of America","25.2","25.22",,,,,"reviewed","0","52","earthquake","M 1.8 - 2 km E of Tracyton, Washington","https://earthquake.usgs.gov/earthquakes/eventpage/uw714116711","https://earthquake.usgs.gov/fdsnws/event/1/query?eventid=uw714116711&format=geojson"
"ci41343967","2026-10-06T08:17:08Z","2026-10-06T04:17:08-04:00","2026-10-06T13:47:33Z","1.0","0.85","12 km NW of Coso Junction, CA","36.126","-118.044166666667","United States of America","1.2","1.22",,,,,"reviewed","0","11","earthquake","M 0.9 - 12 km NW of Coso Junction, CA","https://earthquake.usgs.gov/earthquakes/eventpage/ci41343967","https://earthquake.usgs.gov/fdsnws/event/1/query?eventid=ci41343967&format=geojson"
"nc75445361","2026-10-06T08:05:35Z","2026-10-06T04:05:35-04:00","2026-10-06T08:07:14Z","1.0","0.96","2 km N of The Geysers, CA","38.7933349609375","-122.76016998291","United States of America","0.5","0.53",,,,,"automatic","0","14","earthquake","M 1.0 - 2 km N of The Geysers, CA","https://earthquake.usgs.gov/earthquakes/eventpage/nc75445361","https://earthquake.usgs.gov/fdsnws/event/1/query?eventid=nc75445361&format=geojson"
"nn00925345","2026-10-06T07:42:28Z","2026-10-06T03:42:28-04:00","2026-10-06T07:44:53Z","1.6","1.61","64 km NNE of Rachel, Nevada","38.2028","-115.5199","United States of America","10.4","10.4481",,,,,"automatic","0","40","earthquake","M 1.6 - 64 km NNE of Rachel, Nevada","https://earthquake.usgs.gov/earthquakes/eventpage/nn00925345","https://earthquake.usgs.gov/fdsnws/event/1/query?eventid=nn00925345&format=geojson"
"nc75445356","2026-10-06T07:42:04Z","2026-10-06T03:42:04-04:00","2026-10-06T08:22:24Z","1.2","1.2","2 km N of The Geysers, CA","38.7936668395996","-122.758499145508","United States of America","0.5","0.47",,,,,"automatic","0","22","earthquake","M 1.2 - 2 km N of The Geysers, CA","https://earthquake.usgs.gov/earthquakes/eventpage/nc75445356","https://earthquake.usgs.gov/fdsnws/event/1/query?eventid=nc75445356&format=geojson"
"nc75445351","2026-10-06T07:32:47Z","2026-10-06T03:32:47-04:00","2026-10-06T07:34:24Z","1.0","0.78","13 km NW of The Geysers, CA","38.841667175293","-122.876335144043","United States of America","2.6","2.63",,,,,"automatic","0","9","earthquake","M 0.8 - 13 km NW of The Geysers, CA","https://earthquake.usgs.gov/earthquakes/eventpage/nc75445351","https://earthquake.usgs.gov/fdsnws/event/1/query?eventid=nc75445351&format=geojson"
"ci41343951","2026-10-06T07:14:59Z","2026-10-06T03:14:59-04:00","2026-10-06T18:03:39Z","1.4","1.38","8 km SE of Valle Vista, CA","33.7025","-116.829333333333","United States of America","15.7","15.74",,,,,"reviewed","0","29","earthquake","M 1.4 - 8 km SE of Valle Vista, CA","https://earthquake.usgs.gov/earthquakes/eventpage/ci41343951","https://earthquake.usgs.gov/fdsnws/event/1/query?eventid=ci41343951&format=geojson"
"nc75445336","2026-10-06T07:01:57Z","2026-10-06T03:01:57-04:00","2026-10-06T07:03:33Z","1.0","0.79","12 km WNW of The Geysers, CA","38.8306655883789","-122.87166595459","United States of America","2.7","2.71",,,,,"automatic","0","10","earthquake","M 0.8 - 12 km WNW of The Geysers, CA","https://earthquake.usgs.gov/earthquakes/eventpage/nc75445336","https://earthquake.usgs.gov/fdsnws/event/1/query?eventid=nc75445336&format=geojson"
"ci41343943","2026-10-06T06:56:29Z","2026-10-06T02:56:29-04:00","2026-10-06T14:00:27Z","1.0","0.59","20 km ESE of Little Lake, CA","35.8766666666667","-117.699333333333","United States of America","6.9","6.9",,,,,"reviewed","0","5","earthquake","M 0.6 - 20 km ESE of Little Lake, CA","https://earthquake.usgs.gov/earthquakes/eventpage/ci41343943","https://earthquake.usgs.gov/fdsnws/event/1/query?eventid=ci41343943&format=geojson"
"ci41343935","2026-10-06T06:51:39Z","2026-10-06T02:51:39-04:00","2026-10-06T18:42:04Z","1.2","1.24","9 km SSW of Valencia, CA","34.3835","-118.6215","United States of America","2.5","2.48",,,,,"reviewed","0","24","earthquake","M 1.2 - 9 km SSW of Valencia, CA","https://earthquake.usgs.gov/earthquakes/eventpage/ci41343935","https://earthquake.usgs.gov/fdsnws/event/1/query?eventid=ci41343935&format=geojson"
"uw714116701","2026-10-06T06:50:56Z","2026-10-06T02:50:56-04:00","2026-10-06T21:50:49Z","1.0","0.44","6 km ENE of Oak Bay, Canada","48.4745","-123.2285","Canada","19.7","19.7",,,,,"reviewed","0","3","earthquake","M 0.4 - 6 km ENE of Oak Bay, Canada","https://earthquake.usgs.gov/earthquakes/eventpage/uw714116701","https://earthquake.usgs.gov/fdsnws/event/1/query?eventid=uw714116701&format=geojson"
"uw714116691","2026-10-06T06:43:26Z","2026-10-06T02:43:26-04:00","2026-10-06T22:06:31Z","1.2","1.24","7 km N of Six Mile, Canada","48.5246666666667","-123.455166666667","Canada","4.8","4.78",,,,,"reviewed","0","24","earthquake","M 1.2 - 7 km N of Six Mile, Canada","https://earthquake.usgs.gov/earthquakes/eventpage/uw714116691","https://earthquake.usgs.gov/fdsnws/event/1/query?eventid=uw714116691&format=geojson"
"nc75445326","2026-10-06T06:24:25Z","2026-10-06T02:24:25-04:00","2026-10-06T07:07:26Z","1.5","1.46","16 km N of Laytonville, CA","39.8318328857422","-123.472503662109","United States of America","7.3","7.29",,,,,"automatic","0","33","earthquake","M 1.5 - 16 km N of Laytonville, CA","https://earthquake.usgs.gov/earthquakes/eventpage/nc75445326","https://earthquake.usgs.gov/fdsnws/event/1/query?eventid=nc75445326&format=geojson"
"ci41343927","2026-10-06T06:05:21Z","2026-10-06T02:05:21-04:00","2026-10-06T14:00:44Z","1.0","0.4","10 km SW of Borrego Springs, CA","33.1833333333333","-116.446666666667","United States of America","4.5","4.53",,,,,"reviewed","0","2","earthquake","M 0.4 - 10 km SW of Borrego Springs, CA","https://earthquake.usgs.gov/earthquakes/eventpage/ci41343927","https://earthquake.usgs.gov/fdsnws/event/1/query?eventid=ci41343927&format=geojson"
"tx2026tqtyfe","2026-10-06T06:03:53Z","2026-10-06T02:03:53-04:00","2026-10-06T07:02:22Z","1.8","1.8","40 km NW of Toyah, Texas","31.544","-104.127","United States of America","7.9","7.8943",,,,,"reviewed","0","50","earthquake","M 1.8 - 40 km NW of Toyah, Texas","https://earthquake.usgs.gov/earthquakes/eventpage/tx2026tqtyfe","https://earthquake.usgs.gov/fdsnws/event/1/query?eventid=tx2026tqtyfe&format=geojson"
"ci41343919","2026-10-06T05:58:09Z","2026-10-06T01:58:09-04:00","2026-10-06T13:50:49Z","1.0","0.91","16 km WSW of Johannesburg, CA","35.3096666666667","-117.794","United States of America","5.7","5.72",,,,,"reviewed","0","13","earthquake","M 0.9 - 16 km WSW of Johannesburg, CA","https://earthquake.usgs.gov/earthquakes/eventpage/ci41343919","https://earthquake.usgs.gov/fdsnws/event/1/query?eventid=ci41343919&format=geojson"
"ci41343911","2026-10-06T05:39:12Z","2026-10-06T01:39:12-04:00","2026-10-06T14:00:48Z","1.0","0.39","7 km SSW of Idyllwild, CA","33.6826666666667","-116.74","United States of America","14.8","14.8",,,,,"reviewed","0","2","earthquake","M 0.4 - 7 km SSW of Idyllwild, CA","https://earthquake.usgs.gov/earthquakes/eventpage/ci41343911","https://earthquake.usgs.gov/fdsnws/event/1/query?eventid=ci41343911&format=geojson"
"ci41343903","2026-10-06T05:26:33Z","2026-10-06T01:26:33-04:00","2026-10-06T14:01:08Z","1.3","1.33","8 km WSW of Ocotillo, CA","32.7083333333333","-116.069833333333","United States of America","9.4","9.39",,,,,"reviewed","0","27","earthquake","M 1.3 - 8 km WSW of Ocotillo, CA","https://earthquake.usgs.gov/earthquakes/eventpage/ci41343903","https://earthquake.usgs.gov/fdsnws/event/1/query?eventid=ci41343903&format=geojson"
"nc75445321","2026-10-06T05:21:58Z","2026-10-06T01:21:58-04:00","2026-10-06T05:23:29Z","1.0","0.69","6 km WNW of Cobb, CA","38.8368339538574","-122.787170410156","United States of America","1.6","1.56",,,,,"automatic","0","7","earthquake","M 0.7 - 6 km WNW of Cobb, CA","https://earthquake.usgs.gov/earthquakes/eventpage/nc75445321","https://earthquake.usgs.gov/fdsnws/event/1/query?eventid=nc75445321&format=geojson"
"uw714116681","2026-10-06T05:06:26Z","2026-10-06T01:06:26-04:00","2026-10-06T20:15:42Z","1.2","1.22","12 km NNE of Naches, Washington","46.8381666666667","-120.642333333333","United States of America","16.5","16.51",,,,,"reviewed","0","23","earthquake","M 1.2 - 12 km NNE of Naches, Washington","https://earthquake.usgs.gov/earthquakes/eventpage/uw714116681","https://earthquake.usgs.gov/fdsnws/event/1/query?eventid=uw714116681&format=geojson"
"nc75445316","2026-10-06T04:59:39Z","2026-10-06T00:59:39-04:00","2026-10-06T05:42:23Z","1.2","1.23","14 km NE of Napa, CA","38.3988342285156","-122.194000244141","United States of America","6.1","6.1",,,,,"automatic","0","23","earthquake","M 1.2 - 14 km NE of Napa, CA","https://earthquake.usgs.gov/earthquakes/eventpage/nc75445316","https://earthquake.usgs.gov/fdsnws/event/1/query?eventid=nc75445316&format=geojson"
"uu80158646","2026-10-06T04:57:39Z","2026-10-06T00:57:39-04:00","2026-10-06T13:27:52Z","2.3","2.34","41 km SSE of Evanston, Wyoming","40.9036666666667","-110.847166666667","United States of America","13.9","13.88",,,,,"reviewed","0","84","earthquake","M 2.3 - 41 km SSE of Evanston, Wyoming","https://earthquake.usgs.gov/earthquakes/eventpage/uu80158646","https://earthquake.usgs.gov/fdsnws/event/1/query?eventid=uu80158646&format=geojson"
"nc75445311","2026-10-06T04:57:18Z","2026-10-06T00:57:18-04:00","2026-10-06T04:58:54Z","1.0","0.88","10 km NW of The Geysers, CA","38.8423347473145","-122.837997436523","United States of America","1.9","1.9",,,,,"automatic","0","12","earthquake","M 0.9 - 10 km NW of The Geysers, CA","https://earthquake.usgs.gov/earthquakes/eventpage/nc75445311","https://earthquake.usgs.gov/fdsnws/event/1/query?eventid=nc75445311&format=geojson"
"uw714116671","2026-10-06T04:53:23Z","2026-10-06T00:53:23-04:00","2026-10-06T20:11:56Z","1.0","0.31","22 km ENE of Ashford, Washington","46.8476666666667","-121.768666666667","United States of America","-0.2","-0.19",,,,,"reviewed","0","1","earthquake","M 0.3 - 22 km ENE of Ashford, Washington","https://earthquake.usgs.gov/earthquakes/eventpage/uw714116671","https://earthquake.usgs.gov/fdsnws/event/1/query?eventid=uw714116671&format=geojson"
"ci41343895","2026-10-06T04:41:12Z","2026-10-06T00:41:12-04:00","2026-10-06T14:01:09Z","1.0","0.11","8 km WNW of Idyllwild, CA","33.7643333333333","-116.796833333333","United States of America","7.9","7.86",,,,,"reviewed","0","0","earthquake","M 0.1 - 8 km WNW of Idyllwild, CA","https://earthquake.usgs.gov/earthquakes/eventpage/ci41343895","https://earthquake.usgs.gov/fdsnws/event/1/query?eventid=ci41343895&format=geojson"
"nc75445306","2026-10-06T04:39:50Z","2026-10-06T00:39:50-04:00","2026-10-06T05:17:27Z","1.6","1.59","12 km SSW of Tres Pinos, CA","36.681999206543","-121.351669311523","United States of America","2.3","2.25",,,,,"automatic","0","39","earthquake","M 1.6 - 12 km SSW of Tres Pinos, CA","https://earthquake.usgs.gov/earthquakes/eventpage/nc75445306","https://earthquake.usgs.gov/fdsnws/event/1/query?eventid=nc75445306&format=geojson"
"nc75445301","2026-10-06T04:26:33Z","2026-10-06T00:26:33-04:00","2026-10-06T04:28:08Z","1.0","0.76","1 km NE of The Geysers, CA","38.78466796875","-122.74983215332","United States of America","0.6","0.59",,,,,"automatic","0","9","earthquake","M 0.8 - 1 km NE of The Geysers, CA","https://earthquake.usgs.gov/earthquakes/eventpage/nc75445301","https://earthquake.usgs.gov/fdsnws/event/1/query?eventid=nc75445301&format=geojson"
"uw714116661","2026-10-06T04:08:42Z","2026-10-06T00:08:42-04:00","2026-10-06T04:21:27Z","1.0","1.02","7 km WNW of Humptulips, Washington","47.2653333333333","-124.053166666667","United States of America","24.9","24.94",,,,,"reviewed","0","16","earthquake","M 1.0 - 7 km WNW of Humptulips, Washington","https://earthquake.usgs.gov/earthquakes/eventpage/uw714116661","https://earthquake.usgs.gov/fdsnws/event/1/query?eventid=uw714116661&format=geojson"
"ci41343887","2026-10-06T03:56:31Z","2026-10-05T23:56:31-04:00","2026-10-06T14:01:05Z","1.0","0.22","9 km NNW of Anza, CA","33.637","-116.696666666667","United States of America","14.5","14.49",,,,,"reviewed","0","1","earthquake","M 0.2 - 9 km NNW of Anza, CA","https://earthquake.usgs.gov/earthquakes/eventpage/ci41343887","https://earthquake.usgs.gov/fdsnws/event/1/query?eventid=ci41343887&format=geojson"
"ok2026tofr","2026-10-06T03:56:31Z","2026-10-05T23:56:31-04:00","2026-10-07T13:18:35Z","1.0","0.91","4 km NNE of Tatums, Oklahoma","34.52366667","-97.4455","United States of America","3.9","3.9",,,,,"reviewed","0","13","earthquake","M 0.9 - 4 km NNE of Tatums, Oklahoma","https://earthquake.usgs.gov/earthquakes/eventpage/ok2026tofr","https://earthquake.usgs.gov/fdsnws/event/1/query?eventid=ok2026tofr&format=geojson"
"nc75445296","2026-10-06T03:32:00Z","2026-10-05T23:32:00-04:00","2026-10-06T03:33:39Z","1.1","1.07","6 km NW of The Geysers, CA","38.8216667175293","-122.803001403809","United States of America","2.5","2.48",,,,,"automatic","0","18","earthquake","M 1.1 - 6 km NW of The Geysers, CA","https://earthquake.usgs.gov/earthquakes/eventpage/nc75445296","https://earthquake.usgs.gov/fdsnws/event/1/query?eventid=nc75445296&format=geojson"
"uw714116651","2026-10-06T03:31:41Z","2026-10-05T23:31:41-04:00","2026-10-06T20:07:39Z","1.0","0.28","21 km ENE of Ashford, Washington","46.8396666666667","-121.769666666667","United States of America","0.4","0.4",,,,,"reviewed","0","1","earthquake","M 0.3 - 21 km ENE of Ashford, Washington","https://earthquake.usgs.gov/earthquakes/eventpage/uw714116651","https://earthquake.usgs.gov/fdsnws/event/1/query?eventid=uw714116651&format=geojson"
"ci10255974","2026-10-06T03:22:15Z","2026-10-05T23:22:15-04:00","2026-10-06T17:49:27Z","1.0","1.04","5 km NE of Calexico, CA","32.7085","-115.462166666667","United States of America","11.5","11.48",,,,,"reviewed","0","17","earthquake","M 1.0 - 5 km NE of Calexico, CA","https://earthquake.usgs.gov/earthquakes/eventpage/ci10255974","https://earthquake.usgs.gov/fdsnws/event/1/query?eventid=ci10255974&format=geojson"
"ci41343879","2026-10-06T03:22:04Z","2026-10-05T23:22:04-04:00","2026-10-06T17:31:35Z","1.0","0.06","15 km SSE of Anza, CA","33.4226666666667","-116.635666666667","United States of America","7.1","7.08",,,,,"reviewed","0","0","earthquake","M 0.1 - 15 km SSE of Anza, CA","https://earthquake.usgs.gov/earthquakes/eventpage/ci41343879","https://earthquake.usgs.gov/fdsnws/event/1/query?eventid=ci41343879&format=geojson"
"nc75445291","2026-10-06T02:54:01Z","2026-10-05T22:54:01-04:00","2026-10-06T02:55:39Z","1.1","1.06","4 km W of Cobb, CA","38.8201675415039","-122.770500183105","United States of America","0.2","0.21",,,,,"automatic","0","17","earthquake","M 1.1 - 4 km W of Cobb, CA","https://earthquake.usgs.gov/earthquakes/eventpage/nc75445291","https://earthquake.usgs.gov/fdsnws/event/1/query?eventid=nc75445291&format=geojson"
"ci41343871","2026-10-06T02:44:45Z","2026-10-05T22:44:45-04:00","2026-10-06T14:02:20Z","1.0","0.94","4 km NE of Beaumont, CA","33.9525","-116.949833333333","United States of America","16.5","16.47",,,,,"reviewed","0","14","earthquake","M 0.9 - 4 km NE of Beaumont, CA","https://earthquake.usgs.gov/earthquakes/eventpage/ci41343871","https://earthquake.usgs.gov/fdsnws/event/1/query?eventid=ci41343871&format=geojson"
"nc75445286","2026-10-06T02:42:21Z","2026-10-05T22:42:21-04:00","2026-10-06T02:43:58Z","1.0","0.74","7 km WNW of Cobb, CA","38.8346672058105","-122.798332214355","United States of America","2.2","2.2",,,,,"automatic","0","8","earthquake","M 0.7 - 7 km WNW of Cobb, CA","https://earthquake.usgs.gov/earthquakes/eventpage/nc75445286","https://earthquake.usgs.gov/fdsnws/event/1/query?eventid=nc75445286&format=geojson"
"tx2026tqmdsk","2026-10-06T02:09:09Z","2026-10-05T22:09:09-04:00","2026-10-06T09:28:53Z","1.0","0.8","19 km SE of Midland, Texas","31.878","-101.922","United States of America","7.2","7.1533",,,,,"reviewed","0","10","earthquake","M 0.8 - 19 km SE of Midland, Texas","https://earthquake.usgs.gov/earthquakes/eventpage/tx2026tqmdsk","https://earthquake.usgs.gov/fdsnws/event/1/query?eventid=tx2026tqmdsk&format=geojson"
"uw714116641","2026-10-06T02:02:09Z","2026-10-05T22:02:09-04:00","2026-10-07T06:18:00Z","2.4","2.38","2 km SW of Ashford, Washington","46.7378333333333","-122.0535","United States of America","7.5","7.51","10","3.4",,,"reviewed","0","91","earthquake","M 2.4 - 2 km SW of Ashford, Washington","https://earthquake.usgs.gov/earthquakes/eventpage/uw714116641","https://earthquake.usgs.gov/fdsnws/event/1/query?eventid=uw714116641&format=geojson"
"ok2026tobc","2026-10-06T01:38:41Z","2026-10-05T21:38:41-04:00","2026-10-06T12:09:21Z","1.5","1.54","8 km NW of Prague, Oklahoma","35.542","-96.745","United States of America","6.8","6.84",,,,,"reviewed","0","36","earthquake","M 1.5 - 8 km NW of Prague, Oklahoma","https://earthquake.usgs.gov/earthquakes/eventpage/ok2026tobc","https://earthquake.usgs.gov/fdsnws/event/1/query?eventid=ok2026tobc&format=geojson"
"ci41343855","2026-10-06T01:36:41Z","2026-10-05T21:36:41-04:00","2026-10-06T17:15:20Z","1.4","1.38","8 km ENE of El Centro, CA","32.8031666666667","-115.478333333333","United States of America","3.4","3.4",,,,,"reviewed","0","29","earthquake","M 1.4 - 8 km ENE of El Centro, CA","https://earthquake.usgs.gov/earthquakes/eventpage/ci41343855","https://earthquake.usgs.gov/fdsnws/event/1/query?eventid=ci41343855&format=geojson"
"uu80158641","2026-10-06T01:27:19Z","2026-10-05T21:27:19-04:00","2026-10-06T13:22:17Z","1.9","1.91","11 km NE of Hildale, Utah","37.0923333333333","-112.891","United States of America","15.4","15.35",,,,,"reviewed","0","56","earthquake","M 1.9 - 11 km NE of Hildale, Utah","https://earthquake.usgs.gov/earthquakes/eventpage/uu80158641","https://earthquake.usgs.gov/fdsnws/event/1/query?eventid=uu80158641&format=geojson"
"ok2026toas","2026-10-06T01:26:23Z","2026-10-05T21:26:23-04:00","2026-10-06T12:04:47Z","1.7","1.72","8 km NW of Prague, Oklahoma","35.54233333","-96.74633333","United States of America","7.0","7",,,,,"reviewed","0","46","earthquake","M 1.7 - 8 km NW of Prague, Oklahoma","https://earthquake.usgs.gov/earthquakes/eventpage/ok2026toas","https://earthquake.usgs.gov/fdsnws/event/1/query?eventid=ok2026toas&format=geojson"
"uw714116631","2026-10-06T00:54:38Z","2026-10-05T20:54:38-04:00","2026-10-06T19:37:43Z","1.0","0.21","7 km NNE of Ashford, Washington","46.8181666666667","-121.973833333333","United States of America","11.2","11.24",,,,,"reviewed","0","1","earthquake","M 0.2 - 7 km NNE of Ashford, Washington","https://earthquake.usgs.gov/earthquakes/eventpage/uw714116631","https://earthquake.usgs.gov/fdsnws/event/1/query?eventid=uw714116631&format=geojson"
"ci41343847","2026-10-06T00:25:39Z","2026-10-05T20:25:39-04:00","2026-10-06T17:43:10Z","1.0","0.47","8 km WNW of Anza, CA","33.5878333333333","-116.756333333333","United States of America","11.9","11.87",,,,,"reviewed","0","3","earthquake","M 0.5 - 8 km WNW of Anza, CA","https://earthquake.usgs.gov/earthquakes/eventpage/ci41343847","https://earthquake.usgs.gov/fdsnws/event/1/query?eventid=ci41343847&format=geojson"
"tx2026tqiker","2026-10-06T00:17:29Z","2026-10-05T20:17:29-04:00","2026-10-06T07:14:20Z","1.5","1.5","53 km SSW of Whites City, New Mexico","31.711","-104.534","United States of America","2.7","2.6648",,,,,"reviewed","0","35","earthquake","M 1.5 - 53 km SSW of Whites City, New Mexico","https://earthquake.usgs.gov/earthquakes/eventpage/tx2026tqiker","https://earthquake.usgs.gov/fdsnws/event/1/query?eventid=tx2026tqiker&format=geojson"
"tx2026tqiifl","2026-10-06T00:13:24Z","2026-10-05T20:13:24-04:00","2026-10-06T09:44:18Z","1.0","0.9","12 km WSW of Stanton, Texas","32.105","-101.922","United States of America","8.8","8.8135",,,,,"reviewed","0","12","earthquake","M 0.9 - 12 km WSW of Stanton, Texas","https://earthquake.usgs.gov/earthquakes/eventpage/tx2026tqiifl","https://earthquake.usgs.gov/fdsnws/event/1/query?eventid=tx2026tqiifl&format=geojson"
"ci41343831","2026-10-05T23:58:31Z","2026-10-05T19:58:31-04:00","2026-10-06T16:47:37Z","1.8","1.79","22 km NW of Grapevine, CA","35.0723333333333","-119.107166666667","United States of America","0.6","0.55",,,,,"reviewed","0","49","earthquake","M 1.8 - 22 km NW of Grapevine, CA","https://earthquake.usgs.gov/earthquakes/eventpage/ci41343831","https://earthquake.usgs.gov/fdsnws/event/1/query?eventid=ci41343831&format=geojson"
"nc75445241","2026-10-05T23:53:54Z","2026-10-05T19:53:54-04:00","2026-10-05T23:57:50Z","2.2","2.2","8 km ENE of Morgan Hill, CA","37.1640014648438","-121.56950378418","United States of America","3.5","3.49",,,,,"automatic","0","74","earthquake","M 2.2 - 8 km ENE of Morgan Hill, CA","https://earthquake.usgs.gov/earthquakes/eventpage/nc75445241","https://earthquake.usgs.gov/fdsnws/event/1/query?eventid=nc75445241&format=geojson"
"uu80158636","2026-10-05T23:39:23Z","2026-10-05T19:39:23-04:00","2026-10-06T13:46:15Z","1.2","1.23","17 km NNE of Fayette, Utah","39.3766666666667","-111.8135","United States of America","-2.0","-1.96",,,,,"reviewed","0","23","earthquake","M 1.2 - 17 km NNE of Fayette, Utah","https://earthquake.usgs.gov/earthquakes/eventpage/uu80158636","https://earthquake.usgs.gov/fdsnws/event/1/query?eventid=uu80158636&format=geojson"
"uw714116571","2026-10-05T22:52:56Z","2026-10-05T18:52:56-04:00","2026-10-06T03:50:07Z","1.0","1.02","9 km ENE of Mission, Canada","49.1586666666667","-122.183833333333","Canada","-0.7","-0.68",,,,,"reviewed","0","16","explosion","M 1.0 Explosion - 9 km ENE of Mission, Canada","https://earthquake.usgs.gov/earthquakes/eventpage/uw714116571","https://earthquake.usgs.gov/fdsnws/event/1/query?eventid=uw714116571&format=geojson"
"tx2026tqfnzg","2026-10-05T22:49:38Z","2026-10-05T18:49:38-04:00","2026-10-06T17:31:17Z","1.1","1.1","30 km NE of Crane, Texas","31.616","-102.164","United States of America","8.3","8.2764",,,,,"reviewed","0","19","earthquake","M 1.1 - 30 km NE of Crane, Texas","https://earthquake.usgs.gov/earthquakes/eventpage/tx2026tqfnzg","https://earthquake.usgs.gov/fdsnws/event/1/query?eventid=tx2026tqfnzg&format=geojson"
"tx2026tqezhs","2026-10-05T22:32:55Z","2026-10-05T18:32:55-04:00","2026-10-06T15:52:25Z","1.3","1.3","15 km NNW of Midland, Texas","32.116","-102.169","United States of America","6.7","6.665",,,,,"reviewed","0","26","earthquake","M 1.3 - 15 km NNW of Midland, Texas","https://earthquake.usgs.gov/earthquakes/eventpage/tx2026tqezhs","https://earthquake.usgs.gov/fdsnws/event/1/query?eventid=tx2026tqezhs&format=geojson"
"pr71535858","2026-10-05T22:28:05Z","2026-10-05T18:28:05-04:00","2026-10-05T22:41:26Z","2.1","2.11","4 km NW of Orocovis, Puerto Rico","18.2586666666667","-66.4236666666667","Puerto Rico","39.3","39.28",,,,,"reviewed","0","68","earthquake","M 2.1 - 4 km NW of Orocovis, Puerto Rico","https://earthquake.usgs.gov/earthquakes/eventpage/pr71535858","https://earthquake.usgs.gov/fdsnws/event/1/query?eventid=pr71535858&format=geojson"
"ci41343799","2026-10-05T22:06:16Z","2026-10-05T18:06:16-04:00","2026-10-06T15:50:31Z","2.5","2.51","31 km SW of Dana Point, CA","33.2683333333333","-117.934833333333","United States of America","10.8","10.82","1","0",,,"reviewed","0","97","earthquake","M 2.5 - 31 km SW of Dana Point, CA","https://earthquake.usgs.gov/earthquakes/eventpage/ci41343799","https://earthquake.usgs.gov/fdsnws/event/1/query?eventid=ci41343799&format=geojson"
"uw714116541","2026-10-05T21:44:37Z","2026-10-05T17:44:37-04:00","2026-10-06T03:58:39Z","1.0","0.61","10 km SSW of Brinnon, Washington","47.5978333333333","-122.977166666667","United States of America","18.8","18.81",,,,,"reviewed","0","6","earthquake","M 0.6 - 10 km SSW of Brinnon, Washington","https://earthquake.usgs.gov/earthquakes/eventpage/uw714116541","https://earthquake.usgs.gov/fdsnws/event/1/query?eventid=uw714116541&format=geojson"
"tx2026tqdbqx","2026-10-05T21:35:03Z","2026-10-05T17:35:03-04:00","2026-10-06T17:55:23Z","1.4","1.4","31 km W of Fort Stockton, Texas","30.915","-103.209","United States of America","5.8","5.8179",,,,,"reviewed","0","30","earthquake","M 1.4 - 31 km W of Fort Stockton, Texas","https://earthquake.usgs.gov/earthquakes/eventpage/tx2026tqdbqx","https://earthquake.usgs.gov/fdsnws/event/1/query?eventid=tx2026tqdbqx&format=geojson"
"uw714116511","2026-10-05T21:30:16Z","2026-10-05T17:30:16-04:00","2026-10-05T21:39:00Z","1.0","0.96","2 km ENE of Granite Falls, Washington","48.0905","-121.940333333333","United States of America","-0.4","-0.44",,,,,"reviewed","0","14","explosion","M 1.0 Explosion - 2 km ENE of Granite Falls, Washington","https://earthquake.usgs.gov/earthquakes/eventpage/uw714116511","https://earthquake.usgs.gov/fdsnws/event/1/query?eventid=uw714116511&format=geojson"
"nn00925326","2026-10-05T21:24:35Z","2026-10-05T17:24:35-04:00","2026-10-06T00:21:11Z","1.9","1.85","55 km S of Kingston, Nevada","38.7119","-117.0384","United States of America","0.0","0.0023",,,,,"reviewed","0","53","explosion","M 1.9 Explosion - 55 km S of Kingston, Nevada","https://earthquake.usgs.gov/earthquakes/eventpage/nn00925326","https://earthquake.usgs.gov/fdsnws/event/1/query?eventid=nn00925326&format=geojson"
"uw714116491","2026-10-05T21:07:10Z","2026-10-05T17:07:10-04:00","2026-10-08T18:18:09Z","1.5","1.48","3 km WSW of Hoodsport, Washington","47.3895","-123.184166666667","United States of America","14.2","14.16",,,,,"reviewed","0","34","earthquake","M 1.5 - 3 km WSW of Hoodsport, Washington","https://earthquake.usgs.gov/earthquakes/eventpage/uw714116491","https://earthquake.usgs.gov/fdsnws/event/1/query?eventid=uw714116491&format=geojson"
"ci41343791","2026-10-05T21:05:49Z","2026-10-05T17:05:49-04:00","2026-10-06T14:00:02Z","1.4","1.41","7 km WNW of Lake Hughes, CA","34.7061666666667","-118.518666666667","United States of America","10.6","10.55",,,,,"reviewed","0","31","earthquake","M 1.4 - 7 km WNW of Lake Hughes, CA","https://earthquake.usgs.gov/earthquakes/eventpage/ci41343791","https://earthquake.usgs.gov/fdsnws/event/1/query?eventid=ci41343791&format=geojson"
"tx2026tqcbnl","2026-10-05T21:04:38Z","2026-10-05T17:04:38-04:00","2026-10-06T16:07:53Z","2.1","2.1","58 km S of Whites City, New Mexico","31.652","-104.449","United States of America","6.8","6.7664",,,,,"reviewed","0","68","earthquake","M 2.1 - 58 km S of Whites City, New Mexico","https://earthquake.usgs.gov/earthquakes/eventpage/tx2026tqcbnl","https://earthquake.usgs.gov/fdsnws/event/1/query?eventid=tx2026tqcbnl&format=geojson"
"ok2026tnrs","2026-10-05T20:53:45Z","2026-10-05T16:53:45-04:00","2026-10-06T13:06:58Z","1.2","1.17","3 km SE of Owasso, Oklahoma","36.2515","-95.8265","United States of America","0.0","0",,,,,"reviewed","0","21","quarry blast","M 1.2 Quarry Blast - 3 km SE of Owasso, Oklahoma","https://earthquake.usgs.gov/earthquakes/eventpage/ok2026tnrs","https://earthquake.usgs.gov/fdsnws/event/1/query?eventid=ok2026tnrs&format=geojson"
"ci41343775","2026-10-05T20:23:41Z","2026-10-05T16:23:41-04:00","2026-10-05T21:24:43Z","2.8","2.81","32 km SW of Dana Point, CA","33.265","-117.938666666667","United States of America","16.6","16.59","3","2.2",,,"reviewed","0","122","earthquake","M 2.8 - 32 km SW of Dana Point, CA","https://earthquake.usgs.gov/earthquakes/eventpage/ci41343775","https://earthquake.usgs.gov/fdsnws/event/1/query?eventid=ci41343775&format=geojson"
"ci41343767","2026-10-05T20:22:30Z","2026-10-05T16:22:30-04:00","2026-10-09T22:00:33Z","3.5","3.48","31 km SW of Dana Point, CA","33.2676666666667","-117.9315","United States of America","11.3","11.27","126","2.7","2.384",,"reviewed","0","220","earthquake","M 3.5 - 31 km SW of Dana Point, CA","https://earthquake.usgs.gov/earthquakes/eventpage/ci41343767","https://earthquake.usgs.gov/fdsnws/event/1/query?eventid=ci41343767&format=geojson"
"tx2026tqapnh","2026-10-05T20:20:29Z","2026-10-05T16:20:29-04:00","2026-10-06T17:21:57Z","1.0","0.9","22 km NNW of Midland, Texas","32.193","-102.13","United States of America","4.6","4.6143",,,,,"reviewed","0","12","earthquake","M 0.9 - 22 km NNW of Midland, Texas","https://earthquake.usgs.gov/earthquakes/eventpage/tx2026tqapnh","https://earthquake.usgs.gov/fdsnws/event/1/query?eventid=tx2026tqapnh&format=geojson"
"tx2026tqajtr","2026-10-05T20:14:25Z","2026-10-05T16:14:25-04:00","2026-10-05T20:23:35Z","1.8","1.8","60 km S of Whites City, New Mexico","31.63","-104.359","United States of America","7.1","7.074",,,,,"reviewed","0","50","earthquake","M 1.8 - 60 km S of Whites City, New Mexico","https://earthquake.usgs.gov/earthquakes/eventpage/tx2026tqajtr","https://earthquake.usgs.gov/fdsnws/event/1/query?eventid=tx2026tqajtr&format=geojson"
"tx2026tpzuli","2026-10-05T19:59:24Z","2026-10-05T15:59:24-04:00","2026-10-05T20:19:29Z","2.1","2.1","60 km S of Whites City, New Mexico","31.632","-104.367","United States of America","6.6","6.5613",,,,,"reviewed","0","68","earthquake","M 2.1 - 60 km S of Whites City, New Mexico","https://earthquake.usgs.gov/earthquakes/eventpage/tx2026tpzuli","https://earthquake.usgs.gov/fdsnws/event/1/query?eventid=tx2026tpzuli&format=geojson"
"uw714116381","2026-10-05T19:30:41Z","2026-10-05T15:30:41-04:00","2026-10-05T23:06:54Z","1.7","1.67","7 km SW of Troy, Idaho","46.6955","-116.844333333333","United States of America","-0.8","-0.81",,,,,"reviewed","0","43","explosion","M 1.7 Explosion - 7 km SW of Troy, Idaho","https://earthquake.usgs.gov/earthquakes/eventpage/uw714116381","https://earthquake.usgs.gov/fdsnws/event/1/query?eventid=uw714116381&format=geojson"
"pr71535848","2026-10-05T19:21:16Z","2026-10-05T15:21:16-04:00","2026-10-05T19:38:30Z","1.8","1.8","1 km W of Lluveras, Puerto Rico","18.0395","-66.9163333333333","Puerto Rico","7.5","7.54",,,,,"reviewed","0","50","earthquake","M 1.8 - 1 km W of Lluveras, Puerto Rico","https://earthquake.usgs.gov/earthquakes/eventpage/pr71535848","https://earthquake.usgs.gov/fdsnws/event/1/query?eventid=pr71535848&format=geojson"
"ci41343735","2026-10-05T19:15:39Z","2026-10-05T15:15:39-04:00","2026-10-05T22:20:52Z","1.0","0.61","12 km NE of Julian, CA","33.156","-116.519333333333","United States of America","5.0","5.03",,,,,"reviewed","0","6","earthquake","M 0.6 - 12 km NE of Julian, CA","https://earthquake.usgs.gov/earthquakes/eventpage/ci41343735","https://earthquake.usgs.gov/fdsnws/event/1/query?eventid=ci41343735&format=geojson"
"ci41343727","2026-10-05T19:15:29Z","2026-10-05T15:15:29-04:00","2026-10-05T22:13:17Z","1.0","0.46","4 km WSW of Anza, CA","33.5395","-116.709166666667","United States of America","5.5","5.5",,,,,"reviewed","0","3","earthquake","M 0.5 - 4 km WSW of Anza, CA","https://earthquake.usgs.gov/earthquakes/eventpage/ci41343727","https://earthquake.usgs.gov/fdsnws/event/1/query?eventid=ci41343727&format=geojson"
"nc75445131","2026-10-05T19:08:30Z","2026-10-05T15:08:30-04:00","2026-10-05T19:10:08Z","1.6","1.57","6 km SW of Clayton, CA","37.8973350524902","-121.980163574219","United States of America","8.8","8.83",,,,,"automatic","0","38","earthquake","M 1.6 - 6 km SW of Clayton, CA","https://earthquake.usgs.gov/earthquakes/eventpage/nc75445131","https://earthquake.usgs.gov/fdsnws/event/1/query?eventid=nc75445131&format=geojson"
"ci41343703","2026-10-05T18:51:26Z","2026-10-05T14:51:26-04:00","2026-10-06T17:00:37Z","1.4","1.39","7 km SSW of Mojave, CA","34.9883333333333","-118.199","United States of America","-0.8","-0.77",,,,,"reviewed","0","30","quarry blast","M 1.4 Quarry Blast - 7 km SSW of Mojave, CA","https://earthquake.usgs.gov/earthquakes/eventpage/ci41343703","https://earthquake.usgs.gov/fdsnws/event/1/query?eventid=ci41343703&format=geojson"
"ci41343695","2026-10-05T18:25:40Z","2026-10-05T14:25:40-04:00","2026-10-05T19:05:49Z","1.3","1.29","13 km SW of Ocotillo Wells, CA","33.0525","-116.216","United States of America","9.1","9.11",,,,,"reviewed","0","26","earthquake","M 1.3 - 13 km SW of Ocotillo Wells, CA","https://earthquake.usgs.gov/earthquakes/eventpage/ci41343695","https://earthquake.usgs.gov/fdsnws/event/1/query?eventid=ci41343695&format=geojson"
"uw714116301","2026-10-05T18:24:43Z","2026-10-05T14:24:43-04:00","2026-10-05T22:55:32Z","1.4","1.44","9 km NNE of Government Camp, Oregon","45.3778333333333","-121.704833333333","United States of America","0.0","-0.01",,,,,"reviewed","0","32","earthquake","M 1.4 - 9 km NNE of Government Camp, Oregon","https://earthquake.usgs.gov/earthquakes/eventpage/uw714116301","https://earthquake.usgs.gov/fdsnws/event/1/query?eventid=uw714116301&format=geojson"
"ci41343687","2026-10-05T18:24:27Z","2026-10-05T14:24:27-04:00","2026-10-05T18:51:21Z","1.0","0.74","1 km NNW of South Pasadena, CA","34.1273333333333","-118.159","United States of America","13.1","13.1",,,,,"reviewed","0","8","earthquake","M 0.7 - 1 km NNW of South Pasadena, CA","https://earthquake.usgs.gov/earthquakes/eventpage/ci41343687","https://earthquake.usgs.gov/fdsnws/event/1/query?eventid=ci41343687&format=geojson"
"ok2026tnmm","2026-10-05T18:15:05Z","2026-10-05T14:15:05-04:00","2026-10-06T13:02:26Z","1.4","1.38","5 km NE of Fitzhugh, Oklahoma","34.69283333","-96.72966667","United States of America","0.0","0",,,,,"reviewed","0","29","quarry blast","M 1.4 Quarry Blast - 5 km NE of Fitzhugh, Oklahoma","https://earthquake.usgs.gov/earthquakes/eventpage/ok2026tnmm","https://earthquake.usgs.gov/fdsnws/event/1/query?eventid=ok2026tnmm&format=geojson"
"ci41343679","2026-10-05T18:11:21Z","2026-10-05T14:11:21-04:00","2026-10-06T14:01:14Z","1.0","0.8","11 km NE of Julian, CA","33.1535","-116.5235","United States of America","5.6","5.61",,,,,"reviewed","0","10","earthquake","M 0.8 - 11 km NE of Julian, CA","https://earthquake.usgs.gov/earthquakes/eventpage/ci41343679","https://earthquake.usgs.gov/fdsnws/event/1/query?eventid=ci41343679&format=geojson"
"uu80158611","2026-10-05T18:10:03Z","2026-10-05T14:10:03-04:00","2026-10-05T20:29:40Z","1.9","1.87","13 km NE of Milford, Utah","38.4786666666667","-112.899","United States of America","3.6","3.64",,,,,"reviewed","0","54","earthquake","M 1.9 - 13 km NE of Milford, Utah","https://earthquake.usgs.gov/earthquakes/eventpage/uu80158611","https://earthquake.usgs.gov/fdsnws/event/1/query?eventid=uu80158611&format=geojson"
"ok2026tnmf","2026-10-05T18:07:06Z","2026-10-05T14:07:06-04:00","2026-10-05T18:44:20Z","1.3","1.26","8 km ESE of Vinita, Oklahoma","36.61766667","-95.06583333","United States of America","0.0","0",,,,,"reviewed","0","24","quarry blast","M 1.3 Quarry Blast - 8 km ESE of Vinita, Oklahoma","https://earthquake.usgs.gov/earthquakes/eventpage/ok2026tnmf","https://earthquake.usgs.gov/fdsnws/event/1/query?eventid=ok2026tnmf&format=geojson"
"nc75445086","2026-10-05T18:05:11Z","2026-10-05T14:05:11-04:00","2026-10-05T18:06:47Z","1.1","1.07","11 km WNW of Cobb, CA","38.8520011901855","-122.847999572754","United States of America","1.6","1.59",,,,,"automatic","0","18","earthquake","M 1.1 - 11 km WNW of Cobb, CA","https://earthquake.usgs.gov/earthquakes/eventpage/nc75445086","https://earthquake.usgs.gov/fdsnws/event/1/query?eventid=nc75445086&format=geojson"
"nc75445081","2026-10-05T18:05:05Z","2026-10-05T14:05:05-04:00","2026-10-05T18:06:43Z","1.0","0.74","11 km WNW of Cobb, CA","38.8525009155273","-122.846832275391","United States of America","1.8","1.77",,,,,"automatic","0","8","earthquake","M 0.7 - 11 km WNW of Cobb, CA","https://earthquake.usgs.gov/earthquakes/eventpage/nc75445081","https://earthquake.usgs.gov/fdsnws/event/1/query?eventid=nc75445081&format=geojson"
"pr71535828","2026-10-05T17:55:10Z","2026-10-05T13:55:10-04:00","2026-10-05T18:03:38Z","1.3","1.31","6 km E of La Parguera, Puerto Rico","17.9643333333333","-66.985","Puerto Rico","11.6","11.59",,,,,"reviewed","0","26","earthquake","M 1.3 - 6 km E of La Parguera, Puerto Rico","https://earthquake.usgs.gov/earthquakes/eventpage/pr71535828","https://earthquake.usgs.gov/fdsnws/event/1/query?eventid=pr71535828&format=geojson"
"ci41343663","2026-10-05T17:47:14Z","2026-10-05T13:47:14-04:00","2026-10-05T18:39:22Z","1.0","0.51","12 km W of Anza, CA","33.5698333333333","-116.803333333333","United States of America","6.7","6.71",,,,,"reviewed","0","4","earthquake","M 0.5 - 12 km W of Anza, CA","https://earthquake.usgs.gov/earthquakes/eventpage/ci41343663","https://earthquake.usgs.gov/fdsnws/event/1/query?eventid=ci41343663&format=geojson"
"us6000tzpp","2026-10-05T17:30:40Z","2026-10-05T13:30:40-04:00","2026-10-06T17:35:32Z","3.9","3.9","247 km WNW of Port McNeill, Canada","51.3621","-130.3859","Canada","10.0","10",,,"1.255",,"reviewed","0","234","earthquake","M 3.9 - 247 km WNW of Port McNeill, Canada","https://earthquake.usgs.gov/earthquakes/eventpage/us6000tzpp","https://earthquake.usgs.gov/fdsnws/event/1/query?eventid=us6000tzpp&format=geojson"
"tx2026tpuxqn","2026-10-05T17:29:19Z","2026-10-05T13:29:19-04:00","2026-10-05T19:40:43Z","1.1","1.1","18 km SSE of Ackerly, Texas","32.372","-101.641","United States of America","7.7","7.6904",,,,,"reviewed","0","19","earthquake","M 1.1 - 18 km SSE of Ackerly, Texas","https://earthquake.usgs.gov/earthquakes/eventpage/tx2026tpuxqn","https://earthquake.usgs.gov/fdsnws/event/1/query?eventid=tx2026tpuxqn&format=geojson"
"tx2026tputog","2026-10-05T17:24:06Z","2026-10-05T13:24:06-04:00","2026-10-05T21:51:08Z","2.6","2.6","12 km ESE of Pearsall, Texas","28.853","-98.978","United States of America","7.2","7.1851",,,,,"reviewed","0","104","earthquake","M 2.6 - 12 km ESE of Pearsall, Texas","https://earthquake.usgs.gov/earthquakes/eventpage/tx2026tputog","https://earthquake.usgs.gov/fdsnws/event/1/query?eventid=tx2026tputog&format=geojson"
"uu80158606","2026-10-05T17:21:07Z","2026-10-05T13:21:07-04:00","2026-10-05T20:19:16Z","1.0","0.68","13 km NE of Milford, Utah","38.4815","-112.894666666667","United States of America","3.8","3.81",,,,,"reviewed","0","7","earthquake","M 0.7 - 13 km NE of Milford, Utah","https://earthquake.usgs.gov/earthquakes/eventpage/uu80158606","https://earthquake.usgs.gov/fdsnws/event/1/query?eventid=uu80158606&format=geojson"
"nc75445061","2026-10-05T17:16:15Z","2026-10-05T13:16:15-04:00","2026-10-05T17:17:53Z","1.0","1.03","6 km NW of The Geysers, CA","38.8095016479492","-122.818000793457","United States of America","2.9","2.85",,,,,"automatic","0","16","earthquake","M 1.0 - 6 km NW of The Geysers, CA","https://earthquake.usgs.gov/earthquakes/eventpage/nc75445061","https://earthquake.usgs.gov/fdsnws/event/1/query?eventid=nc75445061&format=geojson"
"uw714116191","2026-10-05T17:05:23Z","2026-10-05T13:05:23-04:00","2026-10-08T18:22:22Z","1.4","1.38","10 km WSW of Friday Harbor, Washington","48.4986666666667","-123.1415","United States of America","25.2","25.23",,,,,"reviewed","0","29","earthquake","M 1.4 - 10 km WSW of Friday Harbor, Washington","https://earthquake.usgs.gov/earthquakes/eventpage/uw714116191","https://earthquake.usgs.gov/fdsnws/event/1/query?eventid=uw714116191&format=geojson"
"tx2026tpuavi","2026-10-05T17:02:24Z","2026-10-05T13:02:24-04:00","2026-10-06T17:41:46Z","1.0","0.8","21 km NNW of Midland, Texas","32.176","-102.173","United States of America","8.1","8.1299",,,,,"reviewed","0","10","earthquake","M 0.8 - 21 km NNW of Midland, Texas","https://earthquake.usgs.gov/earthquakes/eventpage/tx2026tpuavi","https://earthquake.usgs.gov/fdsnws/event/1/query?eventid=tx2026tpuavi&format=geojson"
"ci41343631","2026-10-05T16:59:01Z","2026-10-05T12:59:01-04:00","2026-10-06T13:59:40Z","1.3","1.29","8 km WSW of Ocotillo, CA","32.7045","-116.0715","United States of America","9.8","9.83",,,,,"reviewed","0","26","earthquake","M 1.3 - 8 km WSW of Ocotillo, CA","https://earthquake.usgs.gov/earthquakes/eventpage/ci41343631","https://earthquake.usgs.gov/fdsnws/event/1/query?eventid=ci41343631&format=geojson"
"nc75445051","2026-10-05T16:57:57Z","2026-10-05T12:57:57-04:00","2026-10-05T16:59:33Z","1.0","0.74","2 km ESE of The Geysers, CA","38.7688331604004","-122.731163024902","United States of America","1.3","1.33",,,,,"automatic","0","8","earthquake","M 0.7 - 2 km ESE of The Geysers, CA","https://earthquake.usgs.gov/earthquakes/eventpage/nc75445051","https://earthquake.usgs.gov/fdsnws/event/1/query?eventid=nc75445051&format=geojson"
"nc75445046","2026-10-05T16:48:00Z","2026-10-05T12:48:00-04:00","2026-10-05T17:22:22Z","1.4","1.44","5 km NNW of The Geysers, CA","38.8146667480469","-122.785835266113","United States of America","1.9","1.92",,,,,"automatic","0","32","earthquake","M 1.4 - 5 km NNW of The Geysers, CA","https://earthquake.usgs.gov/earthquakes/eventpage/nc75445046","https://earthquake.usgs.gov/fdsnws/event/1/query?eventid=nc75445046&format=geojson"
"ci41343615","2026-10-05T16:29:38Z","2026-10-05T12:29:38-04:00","2026-10-05T18:15:23Z","1.7","1.71","8 km NNE of Cabazon, CA","33.9831666666667","-116.740833333333","United States of America","13.7","13.72",,,,,"reviewed","0","45","earthquake","M 1.7 - 8 km NNE of Cabazon, CA","https://earthquake.usgs.gov/earthquakes/eventpage/ci41343615","https://earthquake.usgs.gov/fdsnws/event/1/query?eventid=ci41343615&format=geojson"
"uu80158601","2026-10-05T16:28:01Z","2026-10-05T12:28:01-04:00","2026-10-05T20:16:35Z","1.3","1.29","13 km NE of Milford, Utah","38.4815","-112.8955","United States of America","3.8","3.79",,,,,"reviewed","0","26","earthquake","M 1.3 - 13 km NE of Milford, Utah","https://earthquake.usgs.gov/earthquakes/eventpage/uu80158601","https://earthquake.usgs.gov/fdsnws/event/1/query?eventid=uu80158601&format=geojson"
"uw714116161","2026-10-05T16:19:45Z","2026-10-05T12:19:45-04:00","2026-10-06T19:40:40Z","1.0","0.79","7 km E of Kapowsin, Washington","46.976","-122.134","United States of America","13.3","13.28",,,,,"reviewed","0","10","earthquake","M 0.8 - 7 km E of Kapowsin, Washington","https://earthquake.usgs.gov/earthquakes/eventpage/uw714116161","https://earthquake.usgs.gov/fdsnws/event/1/query?eventid=uw714116161&format=geojson"
"ci41343599","2026-10-05T16:18:05Z","2026-10-05T12:18:05-04:00","2026-10-06T13:59:57Z","1.3","1.29","9 km NNE of Cabazon, CA","33.983","-116.7395","United States of America","13.4","13.43",,,,,"reviewed","0","26","earthquake","M 1.3 - 9 km NNE of Cabazon, CA","https://earthquake.usgs.gov/earthquakes/eventpage/ci41343599","https://earthquake.usgs.gov/fdsnws/event/1/query?eventid=ci41343599&format=geojson"
"ci41343591","2026-10-05T16:12:33Z","2026-10-05T12:12:33-04:00","2026-10-05T17:29:49Z","1.5","1.49","21 km NW of Grapevine, CA","35.0563333333333","-119.109166666667","United States of America","10.4","10.42",,,,,"reviewed","0","34","earthquake","M 1.5 - 21 km NW of Grapevine, CA","https://earthquake.usgs.gov/earthquakes/eventpage/ci41343591","https://earthquake.usgs.gov/fdsnws/event/1/query?eventid=ci41343591&format=geojson"
"nc75445011","2026-10-05T15:56:36Z","2026-10-05T11:56:36-04:00","2026-10-07T08:02:14Z","2.8","2.81","5 km NE of Hydesville, CA","40.5731658935547","-124.048500061035","United States of America","20.6","20.64","9","2.7",,,"automatic","0","124","earthquake","M 2.8 - 5 km NE of Hydesville, CA","https://earthquake.usgs.gov/earthquakes/eventpage/nc75445011","https://earthquake.usgs.gov/fdsnws/event/1/query?eventid=nc75445011&format=geojson"
"ci41343575","2026-10-05T15:43:25Z","2026-10-05T11:43:25-04:00","2026-10-05T21:54:04Z","1.1","1.11","21 km NW of Grapevine, CA","35.0638333333333","-119.107166666667","United States of America","5.8","5.76",,,,,"reviewed","0","19","earthquake","M 1.1 - 21 km NW of Grapevine, CA","https://earthquake.usgs.gov/earthquakes/eventpage/ci41343575","https://earthquake.usgs.gov/fdsnws/event/1/query?eventid=ci41343575&format=geojson"
"tx2026tprjyy","2026-10-05T15:43:21Z","2026-10-05T11:43:21-04:00","2026-10-06T22:13:10Z","1.6","1.6","43 km NW of Toyah, Texas","31.614","-104.088","United States of America","6.3","6.3177",,,,,"reviewed","0","39","earthquake","M 1.6 - 43 km NW of Toyah, Texas","https://earthquake.usgs.gov/earthquakes/eventpage/tx2026tprjyy","https://earthquake.usgs.gov/fdsnws/event/1/query?eventid=tx2026tprjyy&format=geojson"
"ci41343567","2026-10-05T15:42:14Z","2026-10-05T11:42:14-04:00","2026-10-05T18:54:32Z","1.7","1.66","8 km SE of Goleta, CA","34.385","-119.773333333333","United States of America","6.1","6.08","2","2",,,"reviewed","0","43","earthquake","M 1.7 - 8 km SE of Goleta, CA","https://earthquake.usgs.gov/earthquakes/eventpage/ci41343567","https://earthquake.usgs.gov/fdsnws/event/1/query?eventid=ci41343567&format=geojson"
"ci41343551","2026-10-05T15:40:40Z","2026-10-05T11:40:40-04:00","2026-10-06T14:07:28Z","2.7","2.69","7 km SE of Goleta, CA","34.3868333333333","-119.775833333333","United States of America","9.3","9.27","59","3.8",,,"reviewed","0","134","earthquake","M 2.7 - 7 km SE of Goleta, CA","https://earthquake.usgs.gov/earthquakes/eventpage/ci41343551","https://earthquake.usgs.gov/fdsnws/event/1/query?eventid=ci41343551&format=geojson"
"nc75444991","2026-10-05T15:28:54Z","2026-10-05T11:28:54-04:00","2026-10-05T15:30:33Z","1.0","0.21","6 km W of Cobb, CA","38.8326683044434","-122.793334960938","United States of America","2.5","2.47",,,,,"automatic","0","1","earthquake","M 0.2 - 6 km W of Cobb, CA","https://earthquake.usgs.gov/earthquakes/eventpage/nc75444991","https://earthquake.usgs.gov/fdsnws/event/1/query?eventid=nc75444991&format=geojson"
"ci41343543","2026-10-05T15:17:52Z","2026-10-05T11:17:52-04:00","2026-10-05T17:46:42Z","1.0","0.43","6 km S of Idyllwild, CA","33.6821666666667","-116.713666666667","United States of America","15.0","14.99",,,,,"reviewed","0","3","earthquake","M 0.4 - 6 km S of Idyllwild, CA","https://earthquake.usgs.gov/earthquakes/eventpage/ci41343543","https://earthquake.usgs.gov/fdsnws/event/1/query?eventid=ci41343543&format=geojson"
"nc75444986","2026-10-05T15:17:02Z","2026-10-05T11:17:02-04:00","2026-10-05T15:47:29Z","1.5","1.48","13 km E of Yountville, CA","38.3969993591309","-122.216331481934","United States of America","5.6","5.57",,,,,"automatic","0","34","earthquake","M 1.5 - 13 km E of Yountville, CA","https://earthquake.usgs.gov/earthquakes/eventpage/nc75444986","https://earthquake.usgs.gov/fdsnws/event/1/query?eventid=nc75444986&format=geojson"
"nc75444981","2026-10-05T14:59:28Z","2026-10-05T10:59:28-04:00","2026-10-05T15:01:04Z","1.0","0.71","7 km NW of The Geysers, CA","38.814998626709","-122.814834594727","United States of America","2.9","2.94",,,,,"automatic","0","8","earthquake","M 0.7 - 7 km NW of The Geysers, CA","https://earthquake.usgs.gov/earthquakes/eventpage/nc75444981","https://earthquake.usgs.gov/fdsnws/event/1/query?eventid=nc75444981&format=geojson"
"nc75444976","2026-10-05T14:51:26Z","2026-10-05T10:51:26-04:00","2026-10-05T14:53:02Z","1.0","0.26","3 km NNW of The Geysers, CA","38.7999992370605","-122.772003173828","United States of America","1.3","1.34",,,,,"automatic","0","1","earthquake","M 0.3 - 3 km NNW of The Geysers, CA","https://earthquake.usgs.gov/earthquakes/eventpage/nc75444976","https://earthquake.usgs.gov/fdsnws/event/1/query?eventid=nc75444976&format=geojson"
"uw714116091","2026-10-05T14:51:25Z","2026-10-05T10:51:25-04:00","2026-10-06T20:27:13Z","1.0","0.75","20 km E of Castle Rock, Washington","46.2415","-122.643333333333","United States of America","17.7","17.68",,,,,"reviewed","0","9","earthquake","M 0.8 - 20 km E of Castle Rock, Washington","https://earthquake.usgs.gov/earthquakes/eventpage/uw714116091","https://earthquake.usgs.gov/fdsnws/event/1/query?eventid=uw714116091&format=geojson"
"ci41343535","2026-10-05T14:37:31Z","2026-10-05T10:37:31-04:00","2026-10-05T17:31:03Z","1.0","0.98","3 km WSW of Brawley, CA","32.9661666666667","-115.560166666667","United States of America","4.8","4.77",,,,,"reviewed","0","15","earthquake","M 1.0 - 3 km WSW of Brawley, CA","https://earthquake.usgs.gov/earthquakes/eventpage/ci41343535","https://earthquake.usgs.gov/fdsnws/event/1/query?eventid=ci41343535&format=geojson"
"tx2026tppdep","2026-10-05T14:34:15Z","2026-10-05T10:34:15-04:00","2026-10-06T22:18:52Z","2.3","2.3","13 km E of Pearsall, Texas","28.869","-98.961","United States of America","8.6","8.6041",,,,,"reviewed","0","81","earthquake","M 2.3 - 13 km E of Pearsall, Texas","https://earthquake.usgs.gov/earthquakes/eventpage/tx2026tppdep","https://earthquake.usgs.gov/fdsnws/event/1/query?eventid=tx2026tppdep&format=geojson"
"uu80158596","2026-10-05T14:08:07Z","2026-10-05T10:08:07-04:00","2026-10-05T20:06:58Z","1.4","1.37","13 km NE of Milford, Utah","38.4791666666667","-112.900666666667","United States of America","3.7","3.69",,,,,"reviewed","0","29","earthquake","M 1.4 - 13 km NE of Milford, Utah","https://earthquake.usgs.gov/earthquakes/eventpage/uu80158596","https://earthquake.usgs.gov/fdsnws/event/1/query?eventid=uu80158596&format=geojson"
"tx2026tpnrlm","2026-10-05T13:53:35Z","2026-10-05T09:53:35-04:00","2026-10-05T14:35:27Z","1.2","1.2","35 km SE of Malaga, New Mexico","32.037","-103.768","United States of America","7.9","7.9327",,,,,"reviewed","0","22","earthquake","M 1.2 - 35 km SE of Malaga, New Mexico","https://earthquake.usgs.gov/earthquakes/eventpage/tx2026tpnrlm","https://earthquake.usgs.gov/fdsnws/event/1/query?eventid=tx2026tpnrlm&format=geojson"
"nc75444951","2026-10-05T13:46:40Z","2026-10-05T09:46:40-04:00","2026-10-05T13:50:28Z","1.7","1.7","4 km NW of Orinda, CA","37.8991661071777","-122.214500427246","United States of America","6.6","6.56",,,,,"automatic","0","44","earthquake","M 1.7 - 4 km NW of Orinda, CA","https://earthquake.usgs.gov/earthquakes/eventpage/nc75444951","https://earthquake.usgs.gov/fdsnws/event/1/query?eventid=nc75444951&format=geojson"
"tx2026tpnlkx","2026-10-05T13:43:34Z","2026-10-05T09:43:34-04:00","2026-10-05T14:30:44Z","1.6","1.6","35 km SE of Malaga, New Mexico","32.035","-103.769","United States of America","7.6","7.5867",,,,,"reviewed","0","39","earthquake","M 1.6 - 35 km SE of Malaga, New Mexico","https://earthquake.usgs.gov/earthquakes/eventpage/tx2026tpnlkx","https://earthquake.usgs.gov/fdsnws/event/1/query?eventid=tx2026tpnlkx&format=geojson"
"tx2026tpnibn","2026-10-05T13:39:55Z","2026-10-05T09:39:55-04:00","2026-10-05T14:23:53Z","1.8","1.8","60 km S of Whites City, New Mexico","31.633","-104.344","United States of America","6.1","6.0999",,,,,"reviewed","0","50","earthquake","M 1.8 - 60 km S of Whites City, New Mexico","https://earthquake.usgs.gov/earthquakes/eventpage/tx2026tpnibn","https://earthquake.usgs.gov/fdsnws/event/1/query?eventid=tx2026tpnibn&format=geojson"
"tx2026tpmbdb","2026-10-05T13:01:20Z","2026-10-05T09:01:20-04:00","2026-10-05T14:50:12Z","1.9","1.9","17 km ESE of Pearsall, Texas","28.831","-98.931","United States of America","8.1","8.0679",,,,,"reviewed","0","56","earthquake","M 1.9 - 17 km ESE of Pearsall, Texas","https://earthquake.usgs.gov/earthquakes/eventpage/tx2026tpmbdb","https://earthquake.usgs.gov/fdsnws/event/1/query?eventid=tx2026tpmbdb&format=geojson"
"nc75444936","2026-10-05T12:58:27Z","2026-10-05T08:58:27-04:00","2026-10-05T13:00:03Z","1.4","1.41","16 km NW of Pinnacles, CA","36.6308326721191","-121.278999328613","United States of America","5.1","5.14",,,,,"automatic","0","31","earthquake","M 1.4 - 16 km NW of Pinnacles, CA","https://earthquake.usgs.gov/earthquakes/eventpage/nc75444936","https://earthquake.usgs.gov/fdsnws/event/1/query?eventid=nc75444936&format=geojson"
"ci41343503","2026-10-05T12:28:43Z","2026-10-05T08:28:43-04:00","2026-10-05T13:20:22Z","1.2","1.19","10 km WSW of Idyllwild, CA","33.6916666666667","-116.808","United States of America","15.9","15.9",,,,,"reviewed","0","22","earthquake","M 1.2 - 10 km WSW of Idyllwild, CA","https://earthquake.usgs.gov/earthquakes/eventpage/ci41343503","https://earthquake.usgs.gov/fdsnws/event/1/query?eventid=ci41343503&format=geojson"
"ci41343495","2026-10-05T12:28:40Z","2026-10-05T08:28:40-04:00","2026-10-05T17:50:06Z","1.0","0.16","9 km SW of Idyllwild, CA","33.6936666666667","-116.7995","United States of America","16.1","16.1",,,,,"reviewed","0","0","earthquake","M 0.2 - 9 km SW of Idyllwild, CA","https://earthquake.usgs.gov/earthquakes/eventpage/ci41343495","https://earthquake.usgs.gov/fdsnws/event/1/query?eventid=ci41343495&format=geojson"
"tx2026tpkyfx","2026-10-05T12:27:51Z","2026-10-05T08:27:51-04:00","2026-10-05T14:24:32Z","2.7","2.7","21 km NNW of Midland, Texas","32.174","-102.171","United States of America","10.7","10.6689","1","3.4",,,"reviewed","0","112","earthquake","M 2.7 - 21 km NNW of Midland, Texas","https://earthquake.usgs.gov/earthquakes/eventpage/tx2026tpkyfx","https://earthquake.usgs.gov/fdsnws/event/1/query?eventid=tx2026tpkyfx&format=geojson"
"ci41343487","2026-10-05T12:20:53Z","2026-10-05T08:20:53-04:00","2026-10-05T13:36:16Z","1.0","0.3","11 km S of Anza, CA","33.4526666666667","-116.663666666667","United States of America","3.9","3.9",,,,,"reviewed","0","1","earthquake","M 0.3 - 11 km S of Anza, CA","https://earthquake.usgs.gov/earthquakes/eventpage/ci41343487","https://earthquake.usgs.gov/fdsnws/event/1/query?eventid=ci41343487&format=geojson"
"uu80008163","2026-10-05T12:06:22Z","2026-10-05T08:06:22-04:00","2026-10-05T16:51:05Z","1.0","0.23","15 km SW of Orderville, Utah","37.1756666666667","-112.760666666667","United States of America","11.5","11.47",,,,,"reviewed","0","1","earthquake","M 0.2 - 15 km SW of Orderville, Utah","https://earthquake.usgs.gov/earthquakes/eventpage/uu80008163","https://earthquake.usgs.gov/fdsnws/event/1/query?eventid=uu80008163&format=geojson"
"ci41343479","2026-10-05T11:55:48Z","2026-10-05T07:55:48-04:00","2026-10-05T13:36:47Z","1.0","0.9","4 km SSW of Redlands, CA","34.017","-117.1945","United States of America","4.0","3.98",,,,,"reviewed","0","12","earthquake","M 0.9 - 4 km SSW of Redlands, CA","https://earthquake.usgs.gov/earthquakes/eventpage/ci41343479","https://earthquake.usgs.gov/fdsnws/event/1/query?eventid=ci41343479&format=geojson"
"ci41343471","2026-10-05T11:50:30Z","2026-10-05T07:50:30-04:00","2026-10-05T13:24:21Z","1.4","1.44","5 km SSW of Redlands, CA","34.0158333333333","-117.193166666667","United States of America","3.6","3.61",,,,,"reviewed","0","32","earthquake","M 1.4 - 5 km SSW of Redlands, CA","https://earthquake.usgs.gov/earthquakes/eventpage/ci41343471","https://earthquake.usgs.gov/fdsnws/event/1/query?eventid=ci41343471&format=geojson"
"nc75444921","2026-10-05T11:45:06Z","2026-10-05T07:45:06-04:00","2026-10-05T12:17:29Z","1.6","1.59","1 km NW of The Geysers, CA","38.7838325500488","-122.763999938965","United States of America","4.1","4.11",,,,,"automatic","0","39","earthquake","M 1.6 - 1 km NW of The Geysers, CA","https://earthquake.usgs.gov/earthquakes/eventpage/nc75444921","https://earthquake.usgs.gov/fdsnws/event/1/query?eventid=nc75444921&format=geojson"
"ci41343463","2026-10-05T11:41:51Z","2026-10-05T07:41:51-04:00","2026-10-05T13:23:54Z","1.0","0.62","17 km SW of La Quinta, CA","33.551","-116.4355","United States of America","6.8","6.8",,,,,"reviewed","0","6","earthquake","M 0.6 - 17 km SW of La Quinta, CA","https://earthquake.usgs.gov/earthquakes/eventpage/ci41343463","https://earthquake.usgs.gov/fdsnws/event/1/query?eventid=ci41343463&format=geojson"
"ci41343455","2026-10-05T11:40:47Z","2026-10-05T07:40:47-04:00","2026-10-05T13:24:10Z","1.2","1.2","5 km SSW of Redlands, CA","34.015","-117.193833333333","United States of America","3.6","3.63",,,,,"reviewed","0","22","earthquake","M 1.2 - 5 km SSW of Redlands, CA","https://earthquake.usgs.gov/earthquakes/eventpage/ci41343455","https://earthquake.usgs.gov/fdsnws/event/1/query?eventid=ci41343455&format=geojson"
"uw714116011","2026-10-05T11:33:00Z","2026-10-05T07:33:00-04:00","2026-10-08T18:30:20Z","1.0","0.04","7 km NE of Ashford, Washington","46.8165","-121.974","United States of America","10.4","10.44",,,,,"reviewed","0","0","earthquake","M 0.0 - 7 km NE of Ashford, Washington","https://earthquake.usgs.gov/earthquakes/eventpage/uw714116011","https://earthquake.usgs.gov/fdsnws/event/1/query?eventid=uw714116011&format=geojson"
"ci41343447","2026-10-05T11:27:38Z","2026-10-05T07:27:38-04:00","2026-10-05T13:24:26Z","1.0","0.76","18 km W of Johannesburg, CA","35.3936666666667","-117.827","United States of America","7.0","6.98",,,,,"reviewed","0","9","earthquake","M 0.8 - 18 km W of Johannesburg, CA","https://earthquake.usgs.gov/earthquakes/eventpage/ci41343447","https://earthquake.usgs.gov/fdsnws/event/1/query?eventid=ci41343447&format=geojson"
"tx2026tpiudk","2026-10-05T11:22:43Z","2026-10-05T07:22:43-04:00","2026-10-05T22:44:17Z","1.5","1.5","40 km ESE of Malaga, New Mexico","32.08","-103.676","United States of America","7.9","7.9071",,,,,"reviewed","0","35","earthquake","M 1.5 - 40 km ESE of Malaga, New Mexico","https://earthquake.usgs.gov/earthquakes/eventpage/tx2026tpiudk","https://earthquake.usgs.gov/fdsnws/event/1/query?eventid=tx2026tpiudk&format=geojson"
"nc75444911","2026-10-05T11:19:29Z","2026-10-05T07:19:29-04:00","2026-10-05T11:21:03Z","1.0","0.99","7 km NW of The Geysers, CA","38.8221664428711","-122.8056640625","United States of America","2.6","2.57",,,,,"automatic","0","15","earthquake","M 1.0 - 7 km NW of The Geysers, CA","https://earthquake.usgs.gov/earthquakes/eventpage/nc75444911","https://earthquake.usgs.gov/fdsnws/event/1/query?eventid=nc75444911&format=geojson"
"nn00925310","2026-10-05T11:18:54Z","2026-10-05T07:18:54-04:00","2026-10-05T17:44:19Z","1.7","1.73","74 km ENE of Tonopah, Nevada","38.4273","-116.5148","United States of America","6.4","6.4176",,,,,"reviewed","0","46","earthquake","M 1.7 - 74 km ENE of Tonopah, Nevada","https://earthquake.usgs.gov/earthquakes/eventpage/nn00925310","https://earthquake.usgs.gov/fdsnws/event/1/query?eventid=nn00925310&format=geojson"
"ci41343439","2026-10-05T11:10:38Z","2026-10-05T07:10:38-04:00","2026-10-05T13:24:58Z","1.0","0.84","5 km SSW of Redlands, CA","34.0166666666667","-117.196166666667","United States of America","4.2","4.15",,,,,"reviewed","0","11","earthquake","M 0.8 - 5 km SSW of Redlands, CA","https://earthquake.usgs.gov/earthquakes/eventpage/ci41343439","https://earthquake.usgs.gov/fdsnws/event/1/query?eventid=ci41343439&format=geojson"
"uw714116001","2026-10-05T11:02:07Z","2026-10-05T07:02:07-04:00","2026-10-05T21:05:31Z","1.0","0.13","7 km NNE of Ashford, Washington","46.8173333333333","-121.9755","United States of America","11.0","11.03",,,,,"reviewed","0","0","earthquake","M 0.1 - 7 km NNE of Ashford, Washington","https://earthquake.usgs.gov/earthquakes/eventpage/uw714116001","https://earthquake.usgs.gov/fdsnws/event/1/query?eventid=uw714116001&format=geojson"
"ci41343431","2026-10-05T10:46:47Z","2026-10-05T06:46:47-04:00","2026-10-05T13:25:12Z","1.0","0.67","5 km SSW of Redlands, CA","34.0158333333333","-117.195333333333","United States of America","3.3","3.25",,,,,"reviewed","0","7","earthquake","M 0.7 - 5 km SSW of Redlands, CA","https://earthquake.usgs.gov/earthquakes/eventpage/ci41343431","https://earthquake.usgs.gov/fdsnws/event/1/query?eventid=ci41343431&format=geojson"
"ci41343423","2026-10-05T10:43:21Z","2026-10-05T06:43:21-04:00","2026-10-05T13:26:29Z","1.5","1.45","5 km SSW of Redlands, CA","34.0148333333333","-117.194333333333","United States of America","4.3","4.26",,,,,"reviewed","0","32","earthquake","M 1.5 - 5 km SSW of Redlands, CA","https://earthquake.usgs.gov/earthquakes/eventpage/ci41343423","https://earthquake.usgs.gov/fdsnws/event/1/query?eventid=ci41343423&format=geojson"
"nc75444906","2026-10-05T10:20:32Z","2026-10-05T06:20:32-04:00","2026-10-05T10:22:08Z","1.0","0.69","5 km WNW of Cobb, CA","38.8351669311523","-122.784164428711","United States of America","1.7","1.71",,,,,"automatic","0","7","earthquake","M 0.7 - 5 km WNW of Cobb, CA","https://earthquake.usgs.gov/earthquakes/eventpage/nc75444906","https://earthquake.usgs.gov/fdsnws/event/1/query?eventid=nc75444906&format=geojson"
"nc75444901","2026-10-05T10:15:02Z","2026-10-05T06:15:02-04:00","2026-10-05T10:47:26Z","1.7","1.65","5 km WNW of Cobb, CA","38.8344993591309","-122.783668518066","United States of America","2.0","1.95",,,,,"automatic","0","42","earthquake","M 1.7 - 5 km WNW of Cobb, CA","https://earthquake.usgs.gov/earthquakes/eventpage/nc75444901","https://earthquake.usgs.gov/fdsnws/event/1/query?eventid=nc75444901&format=geojson"
"ci41343415","2026-10-05T10:03:43Z","2026-10-05T06:03:43-04:00","2026-10-05T13:25:48Z","1.4","1.41","5 km SW of Idyllwild, CA","33.708","-116.756166666667","United States of America","16.3","16.25",,,,,"reviewed","0","31","earthquake","M 1.4 - 5 km SW of Idyllwild, CA","https://earthquake.usgs.gov/earthquakes/eventpage/ci41343415","https://earthquake.usgs.gov/fdsnws/event/1/query?eventid=ci41343415&format=geojson"
"nc75444891","2026-10-05T09:57:31Z","2026-10-05T05:57:31-04:00","2026-10-05T09:59:07Z","1.9","1.88","14 km W of Petrolia, CA","40.304500579834","-124.447998046875","United States of America","8.7","8.65",,,,,"automatic","0","54","earthquake","M 1.9 - 14 km W of Petrolia, CA","https://earthquake.usgs.gov/earthquakes/eventpage/nc75444891","https://earthquake.usgs.gov/fdsnws/event/1/query?eventid=nc75444891&format=geojson"
"uw714115991","2026-10-05T09:26:05Z","2026-10-05T05:26:05-04:00","2026-10-05T20:49:35Z","1.0","0.05","38 km NNE of Amboy, Washington","46.2041666666667","-122.190333333333","United States of America","0.8","0.78",,,,,"reviewed","0","0","earthquake","M 0.1 - 38 km NNE of Amboy, Washington","https://earthquake.usgs.gov/earthquakes/eventpage/uw714115991","https://earthquake.usgs.gov/fdsnws/event/1/query?eventid=uw714115991&format=geojson"
"nc75444886","2026-10-05T09:16:12Z","2026-10-05T05:16:12-04:00","2026-10-05T09:17:47Z","1.0","0.98","8 km WNW of Cobb, CA","38.8370018005371","-122.807998657227","United States of America","2.2","2.19",,,,,"automatic","0","15","earthquake","M 1.0 - 8 km WNW of Cobb, CA","https://earthquake.usgs.gov/earthquakes/eventpage/nc75444886","https://earthquake.usgs.gov/fdsnws/event/1/query?eventid=nc75444886&format=geojson"
"ci41343407","2026-10-05T09:05:01Z","2026-10-05T05:05:01-04:00","2026-10-05T13:37:55Z","1.0","0.89","4 km SE of Yorba Linda, CA","33.864","-117.774666666667","United States of America","9.4","9.43",,,,,"reviewed","0","12","earthquake","M 0.9 - 4 km SE of Yorba Linda, CA","https://earthquake.usgs.gov/earthquakes/eventpage/ci41343407","https://earthquake.usgs.gov/fdsnws/event/1/query?eventid=ci41343407&format=geojson"
"uw714115981","2026-10-05T09:03:45Z","2026-10-05T05:03:45-04:00","2026-10-05T20:32:11Z","1.0","0.12","38 km NNE of Amboy, Washington","46.2003333333333","-122.183333333333","United States of America","1.9","1.87",,,,,"reviewed","0","0","earthquake","M 0.1 - 38 km NNE of Amboy, Washington","https://earthquake.usgs.gov/earthquakes/eventpage/uw714115981","https://earthquake.usgs.gov/fdsnws/event/1/query?eventid=uw714115981&format=geojson"
"pr71535823","2026-10-05T08:00:10Z","2026-10-05T04:00:10-04:00","2026-10-05T08:27:44Z","2.9","2.9","42 km NW of San Antonio, Puerto Rico","18.8148333333333","-67.3246666666667","Puerto Rico","13.5","13.45",,,,,"reviewed","0","129","earthquake","M 2.9 - 42 km NW of San Antonio, Puerto Rico","https://earthquake.usgs.gov/earthquakes/eventpage/pr71535823","https://earthquake.usgs.gov/fdsnws/event/1/query?eventid=pr71535823&format=geojson"
"ci41343391","2026-10-05T07:50:20Z","2026-10-05T03:50:20-04:00","2026-10-05T13:27:01Z","1.0","0.5","9 km WNW of Anza, CA","33.5843333333333","-116.759833333333","United States of America","11.8","11.77",,,,,"reviewed","0","4","earthquake","M 0.5 - 9 km WNW of Anza, CA","https://earthquake.usgs.gov/earthquakes/eventpage/ci41343391","https://earthquake.usgs.gov/fdsnws/event/1/query?eventid=ci41343391&format=geojson"
"ci41343383","2026-10-05T07:48:39Z","2026-10-05T03:48:39-04:00","2026-10-08T22:22:56Z","1.0","0.66","2 km NE of Imperial Beach, CA","32.6001666666667","-117.096666666667","United States of America","11.7","11.65",,,,,"reviewed","0","7","earthquake","M 0.7 - 2 km NE of Imperial Beach, CA","https://earthquake.usgs.gov/earthquakes/eventpage/ci41343383","https://earthquake.usgs.gov/fdsnws/event/1/query?eventid=ci41343383&format=geojson"
"nc75444871","2026-10-05T07:44:33Z","2026-10-05T03:44:33-04:00","2026-10-05T07:46:09Z","1.0","1.04","7 km W of Cobb, CA","38.8331680297852","-122.807830810547","United States of America","2.2","2.18",,,,,"automatic","0","17","earthquake","M 1.0 - 7 km W of Cobb, CA","https://earthquake.usgs.gov/earthquakes/eventpage/nc75444871","https://earthquake.usgs.gov/fdsnws/event/1/query?eventid=nc75444871&format=geojson"
"nc75444866","2026-10-05T07:39:30Z","2026-10-05T03:39:30-04:00","2026-10-05T07:43:01Z","1.3","1.3","8 km NW of The Geysers, CA","38.829833984375","-122.813835144043","United States of America","1.8","1.78",,,,,"automatic","0","26","earthquake","M 1.3 - 8 km NW of The Geysers, CA","https://earthquake.usgs.gov/earthquakes/eventpage/nc75444866","https://earthquake.usgs.gov/fdsnws/event/1/query?eventid=nc75444866&format=geojson"
"tx2026tpbhbg","2026-10-05T07:36:19Z","2026-10-05T03:36:19-04:00","2026-10-05T11:25:00Z","1.9","1.9","17 km ESE of Pearsall, Texas","28.827","-98.933","United States of America","7.2","7.1901",,,,,"reviewed","0","56","earthquake","M 1.9 - 17 km ESE of Pearsall, Texas","https://earthquake.usgs.gov/earthquakes/eventpage/tx2026tpbhbg","https://earthquake.usgs.gov/fdsnws/event/1/query?eventid=tx2026tpbhbg&format=geojson"
"ok2026tmrf","2026-10-05T07:30:40Z","2026-10-05T03:30:40-04:00","2026-10-06T12:57:36Z","1.0","0.98","10 km NNW of Sasakwa, Oklahoma","35.03533333","-96.56966667","United States of America","12.3","12.33",,,,,"reviewed","0","15","earthquake","M 1.0 - 10 km NNW of Sasakwa, Oklahoma","https://earthquake.usgs.gov/earthquakes/eventpage/ok2026tmrf","https://earthquake.usgs.gov/fdsnws/event/1/query?eventid=ok2026tmrf&format=geojson"
"nc75444861","2026-10-05T07:06:13Z","2026-10-05T03:06:13-04:00","2026-10-05T07:07:49Z","1.0","0.75","3 km NW of The Geysers, CA","38.7948341369629","-122.782997131348","United States of America","3.4","3.4",,,,,"automatic","0","9","earthquake","M 0.8 - 3 km NW of The Geysers, CA","https://earthquake.usgs.gov/earthquakes/eventpage/nc75444861","https://earthquake.usgs.gov/fdsnws/event/1/query?eventid=nc75444861&format=geojson"
"tx2026tozylo","2026-10-05T06:56:17Z","2026-10-05T02:56:17-04:00","2026-10-05T11:35:14Z","1.6","1.6","14 km ESE of Pearsall, Texas","28.855","-98.949","United States of America","5.4","5.38",,,,,"reviewed","0","39","earthquake","M 1.6 - 14 km ESE of Pearsall, Texas","https://earthquake.usgs.gov/earthquakes/eventpage/tx2026tozylo","https://earthquake.usgs.gov/fdsnws/event/1/query?eventid=tx2026tozylo&format=geojson"
"ci41343375","2026-10-05T06:56:03Z","2026-10-05T02:56:03-04:00","2026-10-05T13:27:18Z","1.0","0.7","19 km ESE of Anza, CA","33.475","-116.494833333333","United States of America","13.0","12.96",,,,,"reviewed","0","8","earthquake","M 0.7 - 19 km ESE of Anza, CA","https://earthquake.usgs.gov/earthquakes/eventpage/ci41343375","https://earthquake.usgs.gov/fdsnws/event/1/query?eventid=ci41343375&format=geojson"
"ci41343367","2026-10-05T06:42:19Z","2026-10-05T02:42:19-04:00","2026-10-05T15:55:39Z","1.6","1.58","24 km ESE of Ocotillo Wells, CA","33.058","-115.8945","United States of America","5.1","5.13",,,,,"reviewed","0","38","earthquake","M 1.6 - 24 km ESE of Ocotillo Wells, CA","https://earthquake.usgs.gov/earthquakes/eventpage/ci41343367","https://earthquake.usgs.gov/fdsnws/event/1/query?eventid=ci41343367&format=geojson"
"ci41343359","2026-10-05T06:20:28Z","2026-10-05T02:20:28-04:00","2026-10-05T13:37:04Z","1.0","1.03","5 km SE of Loma Linda, CA","34.0185","-117.226333333333","United States of America","16.8","16.76",,,,,"reviewed","0","16","earthquake","M 1.0 - 5 km SE of Loma Linda, CA","https://earthquake.usgs.gov/earthquakes/eventpage/ci41343359","https://earthquake.usgs.gov/fdsnws/event/1/query?eventid=ci41343359&format=geojson"
"pr71535818","2026-10-05T06:17:40Z","2026-10-05T02:17:40-04:00","2026-10-05T06:27:48Z","2.1","2.12","4 km SE of La Parguera, Puerto Rico","17.9493333333333","-67.0188333333333","Puerto Rico","4.2","4.15",,,,,"reviewed","0","69","earthquake","M 2.1 - 4 km SE of La Parguera, Puerto Rico","https://earthquake.usgs.gov/earthquakes/eventpage/pr71535818","https://earthquake.usgs.gov/fdsnws/event/1/query?eventid=pr71535818&format=geojson"
"ci41343351","2026-10-05T06:11:37Z","2026-10-05T02:11:37-04:00","2026-10-05T15:45:06Z","1.5","1.52","13 km NE of Coso Junction, CA","36.1415","-117.868","United States of America","3.7","3.65",,,,,"reviewed","0","36","earthquake","M 1.5 - 13 km NE of Coso Junction, CA","https://earthquake.usgs.gov/earthquakes/eventpage/ci41343351","https://earthquake.usgs.gov/fdsnws/event/1/query?eventid=ci41343351&format=geojson"
"pr71535793","2026-10-05T06:02:03Z","2026-10-05T02:02:03-04:00","2026-10-05T06:31:59Z","2.5","2.46","17 km NNE of Isabela, Puerto Rico","18.6348333333333","-66.9353333333333","Puerto Rico","21.3","21.28",,,,,"reviewed","0","93","earthquake","M 2.5 - 17 km NNE of Isabela, Puerto Rico","https://earthquake.usgs.gov/earthquakes/eventpage/pr71535793","https://earthquake.usgs.gov/fdsnws/event/1/query?eventid=pr71535793&format=geojson"
"nn00925296","2026-10-05T05:42:08Z","2026-10-05T01:42:08-04:00","2026-10-05T19:25:48Z","2.5","2.45","55 km NE of Valmy, Nevada","41.1683","-116.7","United States of America","11.4","11.3772",,,,,"reviewed","0","92","earthquake","M 2.5 - 55 km NE of Valmy, Nevada","https://earthquake.usgs.gov/earthquakes/eventpage/nn00925296","https://earthquake.usgs.gov/fdsnws/event/1/query?eventid=nn00925296&format=geojson"
"ci41343343","2026-10-05T05:24:48Z","2026-10-05T01:24:48-04:00","2026-10-05T15:37:19Z","1.5","1.51","1 km NW of Loma Linda, CA","34.0545","-117.267333333333","United States of America","17.3","17.25",,,,,"reviewed","0","35","earthquake","M 1.5 - 1 km NW of Loma Linda, CA","https://earthquake.usgs.gov/earthquakes/eventpage/ci41343343","https://earthquake.usgs.gov/fdsnws/event/1/query?eventid=ci41343343&format=geojson"
"nc75444826","2026-10-05T05:22:10Z","2026-10-05T01:22:10-04:00","2026-10-05T05:23:48Z","1.0","0.72","3 km ESE of The Geysers, CA","38.7690010070801","-122.728332519531","United States of America","9.9","9.91",,,,,"automatic","0","8","earthquake","M 0.7 - 3 km ESE of The Geysers, CA","https://earthquake.usgs.gov/earthquakes/eventpage/nc75444826","https://earthquake.usgs.gov/fdsnws/event/1/query?eventid=nc75444826&format=geojson"
"nc75444821","2026-10-05T05:20:22Z","2026-10-05T01:20:22-04:00","2026-10-05T17:03:09Z","2.3","2.3","38 km NNE of Toms Place, CA","37.8839988708496","-118.539497375488","United States of America","14.4","14.39",,,,,"automatic","0","81","earthquake","M 2.3 - 38 km NNE of Toms Place, CA","https://earthquake.usgs.gov/earthquakes/eventpage/nc75444821","https://earthquake.usgs.gov/fdsnws/event/1/query?eventid=nc75444821&format=geojson"
"ci41343327","2026-10-05T05:18:39Z","2026-10-05T01:18:39-04:00","2026-10-05T13:32:06Z","1.0","0.23","1 km SSW of Lake Henshaw, CA","33.2346666666667","-116.766666666667","United States of America","13.2","13.15",,,,,"reviewed","0","1","earthquake","M 0.2 - 1 km SSW of Lake Henshaw, CA","https://earthquake.usgs.gov/earthquakes/eventpage/ci41343327","https://earthquake.usgs.gov/fdsnws/event/1/query?eventid=ci41343327&format=geojson"
"nc75444816","2026-10-05T05:11:44Z","2026-10-05T01:11:44-04:00","2026-10-05T17:25:19Z","2.4","2.37","38 km NNE of Toms Place, CA","37.8871650695801","-118.542167663574","United States of America","15.0","15.03",,,,,"automatic","0","86","earthquake","M 2.4 - 38 km NNE of Toms Place, CA","https://earthquake.usgs.gov/earthquakes/eventpage/nc75444816","https://earthquake.usgs.gov/fdsnws/event/1/query?eventid=nc75444816&format=geojson"
"nc75444811","2026-10-05T05:03:35Z","2026-10-05T01:03:35-04:00","2026-10-05T05:05:12Z","1.0","0.87","3 km ESE of Berkeley, CA","37.8660011291504","-122.24666595459","United States of America","4.5","4.49",,,,,"automatic","0","12","earthquake","M 0.9 - 3 km ESE of Berkeley, CA","https://earthquake.usgs.gov/earthquakes/eventpage/nc75444811","https://earthquake.usgs.gov/fdsnws/event/1/query?eventid=nc75444811&format=geojson"
"nc75444806","2026-10-05T04:43:34Z","2026-10-05T00:43:34-04:00","2026-10-05T04:45:13Z","1.0","0.83","6 km WNW of Cobb, CA","38.8368339538574","-122.792663574219","United States of America","1.8","1.8",,,,,"automatic","0","11","earthquake","M 0.8 - 6 km WNW of Cobb, CA","https://earthquake.usgs.gov/earthquakes/eventpage/nc75444806","https://earthquake.usgs.gov/fdsnws/event/1/query?eventid=nc75444806&format=geojson"
"ci41343311","2026-10-05T04:28:32Z","2026-10-05T00:28:32-04:00","2026-10-05T13:32:38Z","1.0","0.56","4 km WSW of Anza, CA","33.5361666666667","-116.707666666667","United States of America","5.5","5.49",,,,,"reviewed","0","5","earthquake","M 0.6 - 4 km WSW of Anza, CA","https://earthquake.usgs.gov/earthquakes/eventpage/ci41343311","https://earthquake.usgs.gov/fdsnws/event/1/query?eventid=ci41343311&format=geojson"
"pr71535778","2026-10-05T04:20:00Z","2026-10-05T00:20:00-04:00","2026-10-05T04:31:25Z","2.1","2.09","0 km NNW of Maria Antonia, Puerto Rico","17.9835","-66.8915","Puerto Rico","13.9","13.88",,,,,"reviewed","0","67","earthquake","M 2.1 - 0 km NNW of Maria Antonia, Puerto Rico","https://earthquake.usgs.gov/earthquakes/eventpage/pr71535778","https://earthquake.usgs.gov/fdsnws/event/1/query?eventid=pr71535778&format=geojson"
"uw714115961","2026-10-05T04:19:24Z","2026-10-05T00:19:24-04:00","2026-10-08T18:38:32Z","-0.2","-0.19","39 km NE of Amboy, Washington","46.2025","-122.153833333333","United States of America","6.4","6.41",,,,,"reviewed","0","0","earthquake","M -0.2 - 39 km NE of Amboy, Washington","https://earthquake.usgs.gov/earthquakes/eventpage/uw714115961","https://earthquake.usgs.gov/fdsnws/event/1/query?eventid=uw714115961&format=geojson"
"ok2026tmku","2026-10-05T04:15:37Z","2026-10-05T00:15:37-04:00","2026-10-06T12:24:16Z","1.3","1.26","6 km N of Alex, Oklahoma","34.97366667","-97.76933333","United States of America","7.4","7.43",,,,,"reviewed","0","24","earthquake","M 1.3 - 6 km N of Alex, Oklahoma","https://earthquake.usgs.gov/earthquakes/eventpage/ok2026tmku","https://earthquake.usgs.gov/fdsnws/event/1/query?eventid=ok2026tmku&format=geojson"
"nc75444796","2026-10-05T04:06:50Z","2026-10-05T00:06:50-04:00","2026-10-05T04:37:22Z","1.4","1.37","6 km WNW of Yountville, CA","38.4179992675781","-122.426002502441","United States of America","7.0","6.99",,,,,"automatic","0","29","earthquake","M 1.4 - 6 km WNW of Yountville, CA","https://earthquake.usgs.gov/earthquakes/eventpage/nc75444796","https://earthquake.usgs.gov/fdsnws/event/1/query?eventid=nc75444796&format=geojson"
"nc75444791","2026-10-05T04:01:57Z","2026-10-05T00:01:57-04:00","2026-10-05T04:03:33Z","1.0","0.73","9 km WNW of The Geysers, CA","38.8190002441406","-122.842002868652","United States of America","2.1","2.12",,,,,"automatic","0","8","earthquake","M 0.7 - 9 km WNW of The Geysers, CA","https://earthquake.usgs.gov/earthquakes/eventpage/nc75444791","https://earthquake.usgs.gov/fdsnws/event/1/query?eventid=nc75444791&format=geojson"
"ci41343303","2026-10-05T03:54:10Z","2026-10-04T23:54:10-04:00","2026-10-05T13:32:38Z","1.0","0.62","18 km ESE of Little Lake, CA","35.89","-117.718","United States of America","8.9","8.86",,,,,"reviewed","0","6","earthquake","M 0.6 - 18 km ESE of Little Lake, CA","https://earthquake.usgs.gov/earthquakes/eventpage/ci41343303","https://earthquake.usgs.gov/fdsnws/event/1/query?eventid=ci41343303&format=geojson"
"uu80158591","2026-10-05T03:36:25Z","2026-10-04T23:36:25-04:00","2026-10-05T13:51:16Z","1.0","0.53","29 km ESE of West Yellowstone, Montana","44.5853333333333","-110.744","United States of America","8.2","8.23",,,,,"reviewed","0","4","earthquake","M 0.5 - 29 km ESE of West Yellowstone, Montana","https://earthquake.usgs.gov/earthquakes/eventpage/uu80158591","https://earthquake.usgs.gov/fdsnws/event/1/query?eventid=uu80158591&format=geojson"
"uu80158586","2026-10-05T03:34:08Z","2026-10-04T23:34:08-04:00","2026-10-05T13:53:58Z","1.0","0.51","29 km ESE of West Yellowstone, Montana","44.5815","-110.748666666667","United States of America","8.2","8.2",,,,,"reviewed","0","4","earthquake","M 0.5 - 29 km ESE of West Yellowstone, Montana","https://earthquake.usgs.gov/earthquakes/eventpage/uu80158586","https://earthquake.usgs.gov/fdsnws/event/1/query?eventid=uu80158586&format=geojson"
"nc75444776","2026-10-05T03:11:02Z","2026-10-04T23:11:02-04:00","2026-10-05T03:12:39Z","1.0","0.81","3 km NW of The Geysers, CA","38.7919998168945","-122.778335571289","United States of America","2.4","2.41",,,,,"automatic","0","10","earthquake","M 0.8 - 3 km NW of The Geysers, CA","https://earthquake.usgs.gov/earthquakes/eventpage/nc75444776","https://earthquake.usgs.gov/fdsnws/event/1/query?eventid=nc75444776&format=geojson"
"pr71535773","2026-10-05T03:07:50Z","2026-10-04T23:07:50-04:00","2026-10-05T04:10:51Z","3.0","3","34 km NNE of San Juan, Puerto Rico","18.7735","-66.0351666666667","Puerto Rico","42.8","42.84",,,,,"reviewed","0","138","earthquake","M 3.0 - 34 km NNE of San Juan, Puerto Rico","https://earthquake.usgs.gov/earthquakes/eventpage/pr71535773","https://earthquake.usgs.gov/fdsnws/event/1/query?eventid=pr71535773&format=geojson"
"pr71535753","2026-10-05T03:05:50Z","2026-10-04T23:05:50-04:00","2026-10-05T04:02:19Z","2.9","2.91","65 km NE of Cruz Bay, U.S. Virgin Islands","18.817","-64.437","U.S. Virgin Islands","23.6","23.55",,,,,"reviewed","0","130","earthquake","M 2.9 - 65 km NE of Cruz Bay, U.S. Virgin Islands","https://earthquake.usgs.gov/earthquakes/eventpage/pr71535753","https://earthquake.usgs.gov/fdsnws/event/1/query?eventid=pr71535753&format=geojson"
"mb90210028","2026-10-05T02:34:54Z","2026-10-04T22:34:54-04:00","2026-10-05T22:50:11Z","3.3","3.25","13 km N of Ovando, Montana","47.1368333333333","-113.108","United States of America","5.0","5","4","3.8",,,"reviewed","0","164","earthquake","M 3.3 - 13 km N of Ovando, Montana","https://earthquake.usgs.gov/earthquakes/eventpage/mb90210028","https://earthquake.usgs.gov/fdsnws/event/1/query?eventid=mb90210028&format=geojson"
"tx2026tordzl","2026-10-05T02:31:12Z","2026-10-04T22:31:12-04:00","2026-10-06T08:29:08Z","1.0","0.9","40 km ESE of Malaga, New Mexico","32.07","-103.683","United States of America","7.7","7.6636",,,,,"reviewed","0","12","earthquake","M 0.9 - 40 km ESE of Malaga, New Mexico","https://earthquake.usgs.gov/earthquakes/eventpage/tx2026tordzl","https://earthquake.usgs.gov/fdsnws/event/1/query?eventid=tx2026tordzl&format=geojson"
"nc75444756","2026-10-05T02:27:54Z","2026-10-04T22:27:54-04:00","2026-10-05T02:29:33Z","1.0","0.36","10 km WNW of The Geysers, CA","38.826831817627","-122.853996276855","United States of America","2.1","2.06",,,,,"automatic","0","2","earthquake","M 0.4 - 10 km WNW of The Geysers, CA","https://earthquake.usgs.gov/earthquakes/eventpage/nc75444756","https://earthquake.usgs.gov/fdsnws/event/1/query?eventid=nc75444756&format=geojson"
"nc75444746","2026-10-05T02:13:36Z","2026-10-04T22:13:36-04:00","2026-10-05T02:15:12Z","1.1","1.09","39 km E of Hydesville, CA","40.4843330383301","-123.640663146973","United States of America","16.4","16.42",,,,,"automatic","0","18","earthquake","M 1.1 - 39 km E of Hydesville, CA","https://earthquake.usgs.gov/earthquakes/eventpage/nc75444746","https://earthquake.usgs.gov/fdsnws/event/1/query?eventid=nc75444746&format=geojson"
"tx2026toqmcx","2026-10-05T02:10:20Z","2026-10-04T22:10:20-04:00","2026-10-06T12:51:05Z","1.0","0.8","35 km SE of Malaga, New Mexico","32.008","-103.794","United States of America","7.2","7.1765",,,,,"reviewed","0","10","earthquake","M 0.8 - 35 km SE of Malaga, New Mexico","https://earthquake.usgs.gov/earthquakes/eventpage/tx2026toqmcx","https://earthquake.usgs.gov/fdsnws/event/1/query?eventid=tx2026toqmcx&format=geojson"
"tx2026toqjaf","2026-10-05T02:06:42Z","2026-10-04T22:06:42-04:00","2026-10-05T11:29:51Z","1.8","1.8","14 km ESE of Pearsall, Texas","28.849","-98.956","United States of America","6.1","6.1022",,,,,"reviewed","0","50","earthquake","M 1.8 - 14 km ESE of Pearsall, Texas","https://earthquake.usgs.gov/earthquakes/eventpage/tx2026toqjaf","https://earthquake.usgs.gov/fdsnws/event/1/query?eventid=tx2026toqjaf&format=geojson"
"ci41343295","2026-10-05T02:00:34Z","2026-10-04T22:00:34-04:00","2026-10-05T13:32:46Z","1.0","0.85","22 km ESE of Anza, CA","33.4645","-116.466","United States of America","3.1","3.05",,,,,"reviewed","0","11","earthquake","M 0.9 - 22 km ESE of Anza, CA","https://earthquake.usgs.gov/earthquakes/eventpage/ci41343295","https://earthquake.usgs.gov/fdsnws/event/1/query?eventid=ci41343295&format=geojson"
"tx2026toqcsq","2026-10-05T01:59:45Z","2026-10-04T21:59:45-04:00","2026-10-05T07:43:23Z","1.9","1.9","61 km SSW of Whites City, New Mexico","31.635","-104.516","United States of America","6.3","6.2537",,,,,"reviewed","0","56","earthquake","M 1.9 - 61 km SSW of Whites City, New Mexico","https://earthquake.usgs.gov/earthquakes/eventpage/tx2026toqcsq","https://earthquake.usgs.gov/fdsnws/event/1/query?eventid=tx2026toqcsq&format=geojson"
"uw714115941","2026-10-05T01:55:58Z","2026-10-04T21:55:58-04:00","2026-10-08T18:54:03Z","0.0","-0.02","32 km N of Amboy, Washington","46.1993333333333","-122.364166666667","United States of America","9.2","9.18",,,,,"reviewed","0","0","earthquake","M 0.0 - 32 km N of Amboy, Washington","https://earthquake.usgs.gov/earthquakes/eventpage/uw714115941","https://earthquake.usgs.gov/fdsnws/event/1/query?eventid=uw714115941&format=geojson"
"nn00925282","2026-10-05T01:55:51Z","2026-10-04T21:55:51-04:00","2026-10-05T16:46:10Z","2.8","2.8","22 km NNE of Yerington, Nevada","39.1649","-119.0434","United States of America","6.4","6.445","1","2",,,"reviewed","0","121","earthquake","M 2.8 - 22 km NNE of Yerington, Nevada","https://earthquake.usgs.gov/earthquakes/eventpage/nn00925282","https://earthquake.usgs.gov/fdsnws/event/1/query?eventid=nn00925282&format=geojson"
"ci41343279","2026-10-05T01:41:53Z","2026-10-04T21:41:53-04:00","2026-10-05T13:32:42Z","1.0","0.41","20 km ESE of Anza, CA","33.509","-116.459833333333","United States of America","3.5","3.47",,,,,"reviewed","0","3","earthquake","M 0.4 - 20 km ESE of Anza, CA","https://earthquake.usgs.gov/earthquakes/eventpage/ci41343279","https://earthquake.usgs.gov/fdsnws/event/1/query?eventid=ci41343279&format=geojson"
"tx2026topbej","2026-10-05T01:27:30Z","2026-10-04T21:27:30-04:00","2026-10-05T07:53:36Z","1.9","1.9","60 km SSW of Whites City, New Mexico","31.642","-104.524","United States of America","6.5","6.4587",,,,,"reviewed","0","56","earthquake","M 1.9 - 60 km SSW of Whites City, New Mexico","https://earthquake.usgs.gov/earthquakes/eventpage/tx2026topbej","https://earthquake.usgs.gov/fdsnws/event/1/query?eventid=tx2026topbej&format=geojson"
"nc75444691","2026-10-05T01:26:02Z","2026-10-04T21:26:02-04:00","2026-10-05T01:57:25Z","1.8","1.84","7 km NW of North Lakeport, CA","39.123664855957","-122.972663879395","United States of America","2.2","2.15",,,,,"automatic","0","52","earthquake","M 1.8 - 7 km NW of North Lakeport, CA","https://earthquake.usgs.gov/earthquakes/eventpage/nc75444691","https://earthquake.usgs.gov/fdsnws/event/1/query?eventid=nc75444691&format=geojson"
"nm60628421","2026-10-05T01:24:07Z","2026-10-04T21:24:07-04:00","2026-10-05T13:59:10Z","1.9","1.85","1 km SSW of Howardville, Missouri","36.5548333333333","-89.6091666666667","United States of America","7.8","7.77",,,,,"reviewed","0","53","earthquake","M 1.9 - 1 km SSW of Howardville, Missouri","https://earthquake.usgs.gov/earthquakes/eventpage/nm60628421","https://earthquake.usgs.gov/fdsnws/event/1/query?eventid=nm60628421&format=geojson"
"ci41343271","2026-10-05T01:23:29Z","2026-10-04T21:23:29-04:00","2026-10-05T13:32:57Z","1.0","0.35","8 km SSW of Idyllwild, CA","33.6713333333333","-116.747333333333","United States of America","15.2","15.21",,,,,"reviewed","0","2","earthquake","M 0.4 - 8 km SSW of Idyllwild, CA","https://earthquake.usgs.gov/earthquakes/eventpage/ci41343271","https://earthquake.usgs.gov/fdsnws/event/1/query?eventid=ci41343271&format=geojson"
"uw714115931","2026-10-05T01:11:03Z","2026-10-04T21:11:03-04:00","2026-10-08T19:01:00Z","1.0","0.99","28 km ENE of Yacolt, Washington","46.0041666666667","-122.101333333333","United States of America","9.9","9.89",,,,,"reviewed","0","15","earthquake","M 1.0 - 28 km ENE of Yacolt, Washington","https://earthquake.usgs.gov/earthquakes/eventpage/uw714115931","https://earthquake.usgs.gov/fdsnws/event/1/query?eventid=uw714115931&format=geojson"
"uw714115921","2026-10-05T01:04:10Z","2026-10-04T21:04:10-04:00","2026-10-08T19:03:16Z","1.1","1.14","3 km NNE of Lyman, Washington","48.5596666666667","-122.0515","United States of America","5.2","5.19",,,,,"reviewed","0","20","earthquake","M 1.1 - 3 km NNE of Lyman, Washington","https://earthquake.usgs.gov/earthquakes/eventpage/uw714115921","https://earthquake.usgs.gov/fdsnws/event/1/query?eventid=uw714115921&format=geojson"
"nc75444656","2026-10-05T00:52:48Z","2026-10-04T20:52:48-04:00","2026-10-05T00:54:23Z","1.0","0.69","6 km W of Cobb, CA","38.8328323364258","-122.795166015625","United States of America","2.3","2.26",,,,,"automatic","0","7","earthquake","M 0.7 - 6 km W of Cobb, CA","https://earthquake.usgs.gov/earthquakes/eventpage/nc75444656","https://earthquake.usgs.gov/fdsnws/event/1/query?eventid=nc75444656&format=geojson"
"nc75444646","2026-10-05T00:44:35Z","2026-10-04T20:44:35-04:00","2026-10-05T00:46:13Z","1.0","0.73","8 km NW of The Geysers, CA","38.8294982910156","-122.814163208008","United States of America","1.8","1.81",,,,,"automatic","0","8","earthquake","M 0.7 - 8 km NW of The Geysers, CA","https://earthquake.usgs.gov/earthquakes/eventpage/nc75444646","https://earthquake.usgs.gov/fdsnws/event/1/query?eventid=nc75444646&format=geojson"
"tx2026tonoaf","2026-10-05T00:41:55Z","2026-10-04T20:41:55-04:00","2026-10-06T08:21:22Z","1.1","1.1","41 km ESE of Malaga, New Mexico","32.077","-103.671","United States of America","7.9","7.9456",,,,,"reviewed","0","19","earthquake","M 1.1 - 41 km ESE of Malaga, New Mexico","https://earthquake.usgs.gov/earthquakes/eventpage/tx2026tonoaf","https://earthquake.usgs.gov/fdsnws/event/1/query?eventid=tx2026tonoaf&format=geojson"
"tx2026tonhen","2026-10-05T00:34:03Z","2026-10-04T20:34:03-04:00","2026-10-05T11:16:04Z","1.9","1.9","15 km ESE of Pearsall, Texas","28.839","-98.944","United States of America","8.0","8.0363",,,,,"reviewed","0","56","earthquake","M 1.9 - 15 km ESE of Pearsall, Texas","https://earthquake.usgs.gov/earthquakes/eventpage/tx2026tonhen","https://earthquake.usgs.gov/fdsnws/event/1/query?eventid=tx2026tonhen&format=geojson"
"uu80158576","2026-10-05T00:28:27Z","2026-10-04T20:28:27-04:00","2026-10-05T13:55:45Z","1.0","0.55","58 km E of Warm River, Idaho","44.2155","-110.597333333333","United States of America","15.9","15.89",,,,,"reviewed","0","5","earthquake","M 0.6 - 58 km E of Warm River, Idaho","https://earthquake.usgs.gov/earthquakes/eventpage/uu80158576","https://earthquake.usgs.gov/fdsnws/event/1/query?eventid=uu80158576&format=geojson"
"nc75444626","2026-10-05T00:20:54Z","2026-10-04T20:20:54-04:00","2026-10-05T00:22:32Z","1.0","0.96","3 km NE of The Geysers, CA","38.7980003356934","-122.738502502441","United States of America","2.0","2.03",,,,,"automatic","0","14","earthquake","M 1.0 - 3 km NE of The Geysers, CA","https://earthquake.usgs.gov/earthquakes/eventpage/nc75444626","https://earthquake.usgs.gov/fdsnws/event/1/query?eventid=nc75444626&format=geojson"
"uu80158571","2026-10-04T23:49:53Z","2026-10-04T19:49:53-04:00","2026-10-05T14:43:48Z","1.0","1.02","8 km NE of West Yellowstone, Montana","44.7066666666667","-111.012666666667","United States of America","10.6","10.62",,,,,"reviewed","0","16","earthquake","M 1.0 - 8 km NE of West Yellowstone, Montana","https://earthquake.usgs.gov/earthquakes/eventpage/uu80158571","https://earthquake.usgs.gov/fdsnws/event/1/query?eventid=uu80158571&format=geojson"
"uw714115861","2026-10-04T23:36:17Z","2026-10-04T19:36:17-04:00","2026-10-05T19:56:44Z","2.0","1.96","8 km SSE of Princeton, Canada","49.38","-120.4825","Canada","-0.4","-0.36",,,,,"reviewed","0","59","explosion","M 2.0 Explosion - 8 km SSE of Princeton, Canada","https://earthquake.usgs.gov/earthquakes/eventpage/uw714115861","https://earthquake.usgs.gov/fdsnws/event/1/query?eventid=uw714115861&format=geojson"
"uu80158566","2026-10-04T23:32:30Z","2026-10-04T19:32:30-04:00","2026-10-05T15:31:11Z","2.0","1.95","58 km E of Warm River, Idaho","44.2058333333333","-110.600833333333","United States of America","12.3","12.28",,,,,"reviewed","0","58","earthquake","M 2.0 - 58 km E of Warm River, Idaho","https://earthquake.usgs.gov/earthquakes/eventpage/uu80158566","https://earthquake.usgs.gov/fdsnws/event/1/query?eventid=uu80158566&format=geojson"
"tx2026tolect","2026-10-04T23:30:12Z","2026-10-04T19:30:12-04:00","2026-10-06T21:10:13Z","1.0","0.5","17 km NE of Gardendale, Texas","32.116","-102.239","United States of America","5.9","5.8838",,,,,"reviewed","0","4","earthquake","M 0.5 - 17 km NE of Gardendale, Texas","https://earthquake.usgs.gov/earthquakes/eventpage/tx2026tolect","https://earthquake.usgs.gov/fdsnws/event/1/query?eventid=tx2026tolect&format=geojson"
"tx2026toldhx","2026-10-04T23:29:23Z","2026-10-04T19:29:23-04:00","2026-10-06T21:24:37Z","1.0","0.4","34 km SSW of Los Ybanez, Texas","32.445","-102.094","United States of America","5.5","5.542",,,,,"reviewed","0","2","earthquake","M 0.4 - 34 km SSW of Los Ybanez, Texas","https://earthquake.usgs.gov/earthquakes/eventpage/tx2026toldhx","https://earthquake.usgs.gov/fdsnws/event/1/query?eventid=tx2026toldhx&format=geojson"
"nc75444556","2026-10-04T23:06:04Z","2026-10-04T19:06:04-04:00","2026-10-04T23:07:43Z","2.3","2.28","5 km WSW of Redding, CA","40.5538330078125","-122.426330566406","United States of America","14.3","14.31",,,,,"automatic","0","80","earthquake","M 2.3 - 5 km WSW of Redding, CA","https://earthquake.usgs.gov/earthquakes/eventpage/nc75444556","https://earthquake.usgs.gov/fdsnws/event/1/query?eventid=nc75444556&format=geojson"
"ci41343255","2026-10-04T23:05:27Z","2026-10-04T19:05:27-04:00","2026-10-06T19:51:46Z","1.4","1.38","5 km NNW of Boron, CA","35.0418333333333","-117.676333333333","United States of America","-0.8","-0.82",,,,,"reviewed","0","29","quarry blast","M 1.4 Quarry Blast - 5 km NNW of Boron, CA","https://earthquake.usgs.gov/earthquakes/eventpage/ci41343255","https://earthquake.usgs.gov/fdsnws/event/1/query?eventid=ci41343255&format=geojson"
"ci41343239","2026-10-04T22:51:19Z","2026-10-04T18:51:19-04:00","2026-10-05T18:34:01Z","1.0","0.87","14 km NNW of Piru, CA","34.5355","-118.835833333333","United States of America","2.1","2.13",,,,,"reviewed","0","12","earthquake","M 0.9 - 14 km NNW of Piru, CA","https://earthquake.usgs.gov/earthquakes/eventpage/ci41343239","https://earthquake.usgs.gov/fdsnws/event/1/query?eventid=ci41343239&format=geojson"
"ci41343231","2026-10-04T22:42:22Z","2026-10-04T18:42:22-04:00","2026-10-05T13:33:28Z","1.0","0.66","27 km E of Coso Junction, CA","36.0846666666667","-117.655333333333","United States of America","1.3","1.34",,,,,"reviewed","0","7","earthquake","M 0.7 - 27 km E of Coso Junction, CA","https://earthquake.usgs.gov/earthquakes/eventpage/ci41343231","https://earthquake.usgs.gov/fdsnws/event/1/query?eventid=ci41343231&format=geojson"
"nc75444521","2026-10-04T22:39:57Z","2026-10-04T18:39:57-04:00","2026-10-04T22:41:33Z","1.3","1.27","12 km ESE of Mammoth Lakes, CA","37.5789985656738","-118.866500854492","United States of America","5.1","5.1",,,,,"automatic","0","25","earthquake","M 1.3 - 12 km ESE of Mammoth Lakes, CA","https://earthquake.usgs.gov/earthquakes/eventpage/nc75444521","https://earthquake.usgs.gov/fdsnws/event/1/query?eventid=nc75444521&format=geojson"
"nc75444511","2026-10-04T22:36:53Z","2026-10-04T18:36:53-04:00","2026-10-04T22:38:27Z","1.0","0.97","5 km NW of The Geysers, CA","38.8084983825684","-122.794502258301","United States of America","3.3","3.25",,,,,"automatic","0","14","earthquake","M 1.0 - 5 km NW of The Geysers, CA","https://earthquake.usgs.gov/earthquakes/eventpage/nc75444511","https://earthquake.usgs.gov/fdsnws/event/1/query?eventid=nc75444511&format=geojson"
"nc75444501","2026-10-04T22:29:43Z","2026-10-04T18:29:43-04:00","2026-10-04T22:31:18Z","1.0","1.02","6 km WNW of Cobb, CA","38.8370018005371","-122.791168212891","United States of America","1.8","1.81",,,,,"automatic","0","16","earthquake","M 1.0 - 6 km WNW of Cobb, CA","https://earthquake.usgs.gov/earthquakes/eventpage/nc75444501","https://earthquake.usgs.gov/fdsnws/event/1/query?eventid=nc75444501&format=geojson"
"us6000tzl0","2026-10-04T22:13:26Z","2026-10-04T18:13:26-04:00","2026-10-09T22:23:36Z","4.2","4.2","off the coast of Oregon","44.6317","-128.9457","Unknown","10.0","10","4","2.2",,,"reviewed","0","272","earthquake","M 4.2 - off the coast of Oregon","https://earthquake.usgs.gov/earthquakes/eventpage/us6000tzl0","https://earthquake.usgs.gov/fdsnws/event/1/query?eventid=us6000tzl0&format=geojson"
"uu80158556","2026-10-04T22:02:00Z","2026-10-04T18:02:00-04:00","2026-10-05T15:34:46Z","1.4","1.37","8 km NE of West Yellowstone, Montana","44.7073333333333","-111.0165","United States of America","11.0","11.01",,,,,"reviewed","0","29","earthquake","M 1.4 - 8 km NE of West Yellowstone, Montana","https://earthquake.usgs.gov/earthquakes/eventpage/uu80158556","https://earthquake.usgs.gov/fdsnws/event/1/query?eventid=uu80158556&format=geojson"
"uu80158551","2026-10-04T21:59:00Z","2026-10-04T17:59:00-04:00","2026-10-05T18:03:57Z","1.2","1.22","18 km NNE of Paragonah, Utah","38.0296666666667","-112.658666666667","United States of America","2.1","2.13",,,,,"reviewed","0","23","earthquake","M 1.2 - 18 km NNE of Paragonah, Utah","https://earthquake.usgs.gov/earthquakes/eventpage/uu80158551","https://earthquake.usgs.gov/fdsnws/event/1/query?eventid=uu80158551&format=geojson"
"ci41343207","2026-10-04T21:57:51Z","2026-10-04T17:57:51-04:00","2026-10-05T13:33:45Z","1.0","1.02","1 km NNE of Loma Linda, CA","34.0578333333333","-117.256166666667","United States of America","14.8","14.84",,,,,"reviewed","0","16","earthquake","M 1.0 - 1 km NNE of Loma Linda, CA","https://earthquake.usgs.gov/earthquakes/eventpage/ci41343207","https://earthquake.usgs.gov/fdsnws/event/1/query?eventid=ci41343207&format=geojson"
"nc75444456","2026-10-04T21:54:12Z","2026-10-04T17:54:12-04:00","2026-10-04T21:55:48Z","1.0","0.83","9 km NW of The Geysers, CA","38.8371658325195","-122.824333190918","United States of America","1.8","1.78",,,,,"automatic","0","11","earthquake","M 0.8 - 9 km NW of The Geysers, CA","https://earthquake.usgs.gov/earthquakes/eventpage/nc75444456","https://earthquake.usgs.gov/fdsnws/event/1/query?eventid=nc75444456&format=geojson"
"nc75444446","2026-10-04T21:50:15Z","2026-10-04T17:50:15-04:00","2026-10-04T22:17:28Z","2.5","2.48","5 km ENE of Pinnacles, CA","36.5508346557617","-121.091499328613","United States of America","8.0","8",,,,,"automatic","0","95","earthquake","M 2.5 - 5 km ENE of Pinnacles, CA","https://earthquake.usgs.gov/earthquakes/eventpage/nc75444446","https://earthquake.usgs.gov/fdsnws/event/1/query?eventid=nc75444446&format=geojson"
"ci41343199","2026-10-04T21:47:25Z","2026-10-04T17:47:25-04:00","2026-10-05T13:37:08Z","1.0","0.84","20 km ESE of Anza, CA","33.4748333333333","-116.485833333333","United States of America","13.0","13.02",,,,,"reviewed","0","11","earthquake","M 0.8 - 20 km ESE of Anza, CA","https://earthquake.usgs.gov/earthquakes/eventpage/ci41343199","https://earthquake.usgs.gov/fdsnws/event/1/query?eventid=ci41343199&format=geojson"
"uu80158546","2026-10-04T21:36:54Z","2026-10-04T17:36:54-04:00","2026-10-05T15:46:28Z","1.3","1.31","13 km NE of Milford, Utah","38.4818333333333","-112.894166666667","United States of America","3.6","3.62",,,,,"reviewed","0","26","earthquake","M 1.3 - 13 km NE of Milford, Utah","https://earthquake.usgs.gov/earthquakes/eventpage/uu80158546","https://earthquake.usgs.gov/fdsnws/event/1/query?eventid=uu80158546&format=geojson"
"uu80158541","2026-10-04T21:32:28Z","2026-10-04T17:32:28-04:00","2026-10-05T18:15:27Z","1.0","0.5","8 km E of Howell, Utah","41.7848333333333","-112.340333333333","United States of America","10.5","10.46",,,,,"reviewed","0","4","earthquake","M 0.5 - 8 km E of Howell, Utah","https://earthquake.usgs.gov/earthquakes/eventpage/uu80158541","https://earthquake.usgs.gov/fdsnws/event/1/query?eventid=uu80158541&format=geojson"
"nc75444421","2026-10-04T21:25:58Z","2026-10-04T17:25:58-04:00","2026-10-04T21:27:32Z","1.0","0.72","7 km NW of The Geysers, CA","38.8274993896484","-122.811836242676","United States of America","3.2","3.24",,,,,"automatic","0","8","earthquake","M 0.7 - 7 km NW of The Geysers, CA","https://earthquake.usgs.gov/earthquakes/eventpage/nc75444421","https://earthquake.usgs.gov/fdsnws/event/1/query?eventid=nc75444421&format=geojson"
"ci41343191","2026-10-04T21:23:36Z","2026-10-04T17:23:36-04:00","2026-10-06T19:04:28Z","1.0","0.79","11 km NE of Julian, CA","33.155","-116.529666666667","United States of America","6.5","6.53",,,,,"reviewed","0","10","earthquake","M 0.8 - 11 km NE of Julian, CA","https://earthquake.usgs.gov/earthquakes/eventpage/ci41343191","https://earthquake.usgs.gov/fdsnws/event/1/query?eventid=ci41343191&format=geojson"
"ci41343183","2026-10-04T21:17:49Z","2026-10-04T17:17:49-04:00","2026-10-05T13:37:21Z","1.0","0.34","11 km NW of Anza, CA","33.6271666666667","-116.761666666667","United States of America","14.3","14.25",,,,,"reviewed","0","2","earthquake","M 0.3 - 11 km NW of Anza, CA","https://earthquake.usgs.gov/earthquakes/eventpage/ci41343183","https://earthquake.usgs.gov/fdsnws/event/1/query?eventid=ci41343183&format=geojson"
"tx2026togszs","2026-10-04T21:16:36Z","2026-10-04T17:16:36-04:00","2026-10-06T20:22:37Z","1.0","0.9","13 km SSE of Stanton, Texas","32.017","-101.729","United States of America","8.2","8.2275",,,,,"reviewed","0","12","earthquake","M 0.9 - 13 km SSE of Stanton, Texas","https://earthquake.usgs.gov/earthquakes/eventpage/tx2026togszs","https://earthquake.usgs.gov/fdsnws/event/1/query?eventid=tx2026togszs&format=geojson"
"uu80158536","2026-10-04T21:15:35Z","2026-10-04T17:15:35-04:00","2026-10-05T19:14:49Z","1.8","1.8","13 km NE of Milford, Utah","38.4821666666667","-112.897333333333","United States of America","3.8","3.81",,,,,"reviewed","0","50","earthquake","M 1.8 - 13 km NE of Milford, Utah","https://earthquake.usgs.gov/earthquakes/eventpage/uu80158536","https://earthquake.usgs.gov/fdsnws/event/1/query?eventid=uu80158536&format=geojson"
"tx2026togovs","2026-10-04T21:14:24Z","2026-10-04T17:14:24-04:00","2026-10-06T20:49:42Z","1.3","1.3","36 km ESE of Malaga, New Mexico","32.074","-103.725","United States of America","6.9","6.9202",,,,,"reviewed","0","26","earthquake","M 1.3 - 36 km ESE of Malaga, New Mexico","https://earthquake.usgs.gov/earthquakes/eventpage/tx2026togovs","https://earthquake.usgs.gov/fdsnws/event/1/query?eventid=tx2026togovs&format=geojson"
"uu80158531","2026-10-04T21:14:11Z","2026-10-04T17:14:11-04:00","2026-10-05T18:52:39Z","1.5","1.51","13 km NE of Milford, Utah","38.4808333333333","-112.898","United States of America","3.7","3.72",,,,,"reviewed","0","35","earthquake","M 1.5 - 13 km NE of Milford, Utah","https://earthquake.usgs.gov/earthquakes/eventpage/uu80158531","https://earthquake.usgs.gov/fdsnws/event/1/query?eventid=uu80158531&format=geojson"
"ci41343175","2026-10-04T21:07:36Z","2026-10-04T17:07:36-04:00","2026-10-05T16:05:14Z","1.8","1.76","21 km E of Porterville, CA","36.0378333333333","-118.781","United States of America","1.1","1.14",,,,,"automatic","0","48","earthquake","M 1.8 - 21 km E of Porterville, CA","https://earthquake.usgs.gov/earthquakes/eventpage/ci41343175","https://earthquake.usgs.gov/fdsnws/event/1/query?eventid=ci41343175&format=geojson"
"ci41343167","2026-10-04T21:05:46Z","2026-10-04T17:05:46-04:00","2026-10-05T18:15:36Z","1.0","0.78","4 km SSW of Redlands, CA","34.0173333333333","-117.1955","United States of America","5.2","5.19",,,,,"reviewed","0","9","earthquake","M 0.8 - 4 km SSW of Redlands, CA","https://earthquake.usgs.gov/earthquakes/eventpage/ci41343167","https://earthquake.usgs.gov/fdsnws/event/1/query?eventid=ci41343167&format=geojson"
"nc75444401","2026-10-04T20:47:00Z","2026-10-04T16:47:00-04:00","2026-10-04T20:48:38Z","1.0","0.79","2 km NW of The Geysers, CA","38.787166595459","-122.768836975098","United States of America","4.1","4.08",,,,,"automatic","0","10","earthquake","M 0.8 - 2 km NW of The Geysers, CA","https://earthquake.usgs.gov/earthquakes/eventpage/nc75444401","https://earthquake.usgs.gov/fdsnws/event/1/query?eventid=nc75444401&format=geojson"
"tx2026toemyv","2026-10-04T20:09:15Z","2026-10-04T16:09:15-04:00","2026-10-05T15:25:03Z","2.0","2","57 km S of Whites City, New Mexico","31.657","-104.447","United States of America","6.1","6.0999",,,,,"reviewed","0","62","earthquake","M 2.0 - 57 km S of Whites City, New Mexico","https://earthquake.usgs.gov/earthquakes/eventpage/tx2026toemyv","https://earthquake.usgs.gov/fdsnws/event/1/query?eventid=tx2026toemyv&format=geojson"
"uw714115721","2026-10-04T19:59:10Z","2026-10-04T15:59:10-04:00","2026-10-05T19:50:54Z","1.4","1.36","9 km SSE of Scappoose, Oregon","45.6716666666667","-122.8335","United States of America","23.4","23.37",,,,,"reviewed","0","28","earthquake","M 1.4 - 9 km SSE of Scappoose, Oregon","https://earthquake.usgs.gov/earthquakes/eventpage/uw714115721","https://earthquake.usgs.gov/fdsnws/event/1/query?eventid=uw714115721&format=geojson"
"nc75444371","2026-10-04T19:56:04Z","2026-10-04T15:56:04-04:00","2026-10-04T19:57:42Z","1.0","0.27","8 km WNW of Cobb, CA","38.8396682739258","-122.807830810547","United States of America","2.4","2.42",,,,,"automatic","0","1","earthquake","M 0.3 - 8 km WNW of Cobb, CA","https://earthquake.usgs.gov/earthquakes/eventpage/nc75444371","https://earthquake.usgs.gov/fdsnws/event/1/query?eventid=nc75444371&format=geojson"
"nc75444366","2026-10-04T19:53:21Z","2026-10-04T15:53:21-04:00","2026-10-04T19:54:57Z","1.0","0.94","2 km NW of Anderson Springs, CA","38.7879981994629","-122.710166931152","United States of America","-0.6","-0.56",,,,,"automatic","0","14","earthquake","M 0.9 - 2 km NW of Anderson Springs, CA","https://earthquake.usgs.gov/earthquakes/eventpage/nc75444366","https://earthquake.usgs.gov/fdsnws/event/1/query?eventid=nc75444366&format=geojson"
"ci41343151","2026-10-04T19:44:43Z","2026-10-04T15:44:43-04:00","2026-10-04T19:54:40Z","1.0","0.81","20 km ESE of Little Lake, CA","35.8903333333333","-117.6895","United States of America","4.8","4.78",,,,,"reviewed","0","10","earthquake","M 0.8 - 20 km ESE of Little Lake, CA","https://earthquake.usgs.gov/earthquakes/eventpage/ci41343151","https://earthquake.usgs.gov/fdsnws/event/1/query?eventid=ci41343151&format=geojson"
"tx2026todcsd","2026-10-04T19:27:12Z","2026-10-04T15:27:12-04:00","2026-10-06T21:06:10Z","1.0","0.5","35 km SSW of Los Ybanez, Texas","32.442","-102.098","United States of America","6.7","6.7139",,,,,"reviewed","0","4","earthquake","M 0.5 - 35 km SSW of Los Ybanez, Texas","https://earthquake.usgs.gov/earthquakes/eventpage/tx2026todcsd","https://earthquake.usgs.gov/fdsnws/event/1/query?eventid=tx2026todcsd&format=geojson"
"ci41343119","2026-10-04T19:13:32Z","2026-10-04T15:13:32-04:00","2026-10-04T19:47:21Z","1.1","1.05","8 km SSW of Idyllwild, CA","33.6683333333333","-116.75","United States of America","14.6","14.64",,,,,"reviewed","0","17","earthquake","M 1.1 - 8 km SSW of Idyllwild, CA","https://earthquake.usgs.gov/earthquakes/eventpage/ci41343119","https://earthquake.usgs.gov/fdsnws/event/1/query?eventid=ci41343119&format=geojson"
"tx2026tocpwz","2026-10-04T19:12:21Z","2026-10-04T15:12:21-04:00","2026-10-06T21:20:58Z","1.0","0.5","8 km ESE of Midland, Texas","31.977","-101.993","United States of America","6.0","5.9814",,,,,"reviewed","0","4","earthquake","M 0.5 - 8 km ESE of Midland, Texas","https://earthquake.usgs.gov/earthquakes/eventpage/tx2026tocpwz","https://earthquake.usgs.gov/fdsnws/event/1/query?eventid=tx2026tocpwz&format=geojson"
"ci41343111","2026-10-04T19:11:25Z","2026-10-04T15:11:25-04:00","2026-10-04T19:33:00Z","1.0","0.42","7 km NW of Little Lake, CA","35.9725","-117.970333333333","United States of America","3.0","2.96",,,,,"reviewed","0","3","earthquake","M 0.4 - 7 km NW of Little Lake, CA","https://earthquake.usgs.gov/earthquakes/eventpage/ci41343111","https://earthquake.usgs.gov/fdsnws/event/1/query?eventid=ci41343111&format=geojson"
"nc75444336","2026-10-04T19:08:45Z","2026-10-04T15:08:45-04:00","2026-10-04T19:47:29Z","1.1","1.1","3 km SSW of Anderson Springs, CA","38.7501678466797","-122.704170227051","United States of America","1.9","1.91",,,,,"automatic","0","19","earthquake","M 1.1 - 3 km SSW of Anderson Springs, CA","https://earthquake.usgs.gov/earthquakes/eventpage/nc75444336","https://earthquake.usgs.gov/fdsnws/event/1/query?eventid=nc75444336&format=geojson"
"nc75444326","2026-10-04T18:59:36Z","2026-10-04T14:59:36-04:00","2026-10-04T19:01:13Z","1.0","0.76","8 km NW of The Geysers, CA","38.8219985961914","-122.821662902832","United States of America","6.6","6.62",,,,,"automatic","0","9","earthquake","M 0.8 - 8 km NW of The Geysers, CA","https://earthquake.usgs.gov/earthquakes/eventpage/nc75444326","https://earthquake.usgs.gov/fdsnws/event/1/query?eventid=nc75444326&format=geojson"
"us6000tzka","2026-10-04T18:56:14Z","2026-10-04T14:56:14-04:00","2026-10-04T22:20:53Z","3.2","3.2","off the coast of Oregon","44.2452","-129.1453","Unknown","10.0","10","2","1",,,"reviewed","0","158","earthquake","M 3.2 - off the coast of Oregon","https://earthquake.usgs.gov/earthquakes/eventpage/us6000tzka","https://earthquake.usgs.gov/fdsnws/event/1/query?eventid=us6000tzka&format=geojson"
"nc75444321","2026-10-04T18:51:40Z","2026-10-04T14:51:40-04:00","2026-10-04T19:17:27Z","2.0","2.03","2 km NE of Almanor, CA","40.2270011901855","-121.160835266113","United States of America","7.2","7.23",,,,,"automatic","0","63","earthquake","M 2.0 - 2 km NE of Almanor, CA","https://earthquake.usgs.gov/earthquakes/eventpage/nc75444321","https://earthquake.usgs.gov/fdsnws/event/1/query?eventid=nc75444321&format=geojson"
"nn00925278","2026-10-04T18:49:21Z","2026-10-04T14:49:21-04:00","2026-10-06T01:05:23Z","2.2","2.23","24 km W of Preston, Nevada","38.9395","-115.3428","United States of America","1.0","0.9541",,,,,"reviewed","0","77","earthquake","M 2.2 - 24 km W of Preston, Nevada","https://earthquake.usgs.gov/earthquakes/eventpage/nn00925278","https://earthquake.usgs.gov/fdsnws/event/1/query?eventid=nn00925278&format=geojson"
"mb90210073","2026-10-04T18:36:13Z","2026-10-04T14:36:13-04:00","2026-10-05T18:55:09Z","2.2","2.21","45 km NNE of Spencer, Idaho","44.739","-111.964","United States of America","3.2","3.17",,,,,"reviewed","0","75","earthquake","M 2.2 - 45 km NNE of Spencer, Idaho","https://earthquake.usgs.gov/earthquakes/eventpage/mb90210073","https://earthquake.usgs.gov/fdsnws/event/1/query?eventid=mb90210073&format=geojson"
"nc75444306","2026-10-04T18:22:37Z","2026-10-04T14:22:37-04:00","2026-10-04T19:07:25Z","1.9","1.94","3 km NE of Almanor, CA","40.2358322143555","-121.15950012207","United States of America","6.9","6.86",,,,,"automatic","0","58","earthquake","M 1.9 - 3 km NE of Almanor, CA","https://earthquake.usgs.gov/earthquakes/eventpage/nc75444306","https://earthquake.usgs.gov/fdsnws/event/1/query?eventid=nc75444306&format=geojson"
"ci41343095","2026-10-04T18:15:34Z","2026-10-04T14:15:34-04:00","2026-10-04T18:35:08Z","1.6","1.61","10 km NE of Coso Junction, CA","36.1025","-117.865166666667","United States of America","2.6","2.62",,,,,"reviewed","0","40","earthquake","M 1.6 - 10 km NE of Coso Junction, CA","https://earthquake.usgs.gov/earthquakes/eventpage/ci41343095","https://earthquake.usgs.gov/fdsnws/event/1/query?eventid=ci41343095&format=geojson"
"ci41343087","2026-10-04T18:13:42Z","2026-10-04T14:13:42-04:00","2026-10-04T18:56:29Z","1.0","0.89","15 km N of California City, CA","35.2636666666667","-118.0095","United States of America","7.1","7.13",,,,,"reviewed","0","12","earthquake","M 0.9 - 15 km N of California City, CA","https://earthquake.usgs.gov/earthquakes/eventpage/ci41343087","https://earthquake.usgs.gov/fdsnws/event/1/query?eventid=ci41343087&format=geojson"
"nc75444271","2026-10-04T18:05:52Z","2026-10-04T14:05:52-04:00","2026-10-04T18:07:27Z","1.0","0.78","5 km NW of The Geysers, CA","38.8071670532227","-122.798164367676","United States of America","3.4","3.43",,,,,"automatic","0","9","earthquake","M 0.8 - 5 km NW of The Geysers, CA","https://earthquake.usgs.gov/earthquakes/eventpage/nc75444271","https://earthquake.usgs.gov/fdsnws/event/1/query?eventid=nc75444271&format=geojson"
"nc75444261","2026-10-04T17:57:07Z","2026-10-04T13:57:07-04:00","2026-10-04T18:37:23Z","1.5","1.53","2 km NW of The Geysers, CA","38.7866668701172","-122.771667480469","United States of America","3.5","3.46",,,,,"automatic","0","36","earthquake","M 1.5 - 2 km NW of The Geysers, CA","https://earthquake.usgs.gov/earthquakes/eventpage/nc75444261","https://earthquake.usgs.gov/fdsnws/event/1/query?eventid=nc75444261&format=geojson"
"tx2026tnzyim","2026-10-04T17:51:47Z","2026-10-04T13:51:47-04:00","2026-10-05T16:42:00Z","1.3","1.3","7 km ESE of Midland, Texas","31.975","-101.999","United States of America","6.9","6.9092",,,,,"reviewed","0","26","earthquake","M 1.3 - 7 km ESE of Midland, Texas","https://earthquake.usgs.gov/earthquakes/eventpage/tx2026tnzyim","https://earthquake.usgs.gov/fdsnws/event/1/query?eventid=tx2026tnzyim&format=geojson"
"ci10255934","2026-10-04T17:44:25Z","2026-10-04T13:44:25-04:00","2026-10-04T18:16:11Z","1.0","0.33","13 km NNE of Coso Junction, CA","36.1608333333333","-117.908666666667","United States of America","7.6","7.56",,,,,"reviewed","0","2","earthquake","M 0.3 - 13 km NNE of Coso Junction, CA","https://earthquake.usgs.gov/earthquakes/eventpage/ci10255934","https://earthquake.usgs.gov/fdsnws/event/1/query?eventid=ci10255934&format=geojson"
"ci41343079","2026-10-04T17:44:22Z","2026-10-04T13:44:22-04:00","2026-10-04T18:13:39Z","1.0","0.36","15 km WSW of Searles Valley, CA","35.7225","-117.561666666667","United States of America","4.4","4.42",,,,,"reviewed","0","2","earthquake","M 0.4 - 15 km WSW of Searles Valley, CA","https://earthquake.usgs.gov/earthquakes/eventpage/ci41343079","https://earthquake.usgs.gov/fdsnws/event/1/query?eventid=ci41343079&format=geojson"
"uu80158516","2026-10-04T17:35:40Z","2026-10-04T13:35:40-04:00","2026-10-05T18:18:45Z","1.0","0.13","13 km E of Snowville, Utah","41.9853333333333","-112.550333333333","United States of America","1.4","1.44",,,,,"reviewed","0","0","earthquake","M 0.1 - 13 km E of Snowville, Utah","https://earthquake.usgs.gov/earthquakes/eventpage/uu80158516","https://earthquake.usgs.gov/fdsnws/event/1/query?eventid=uu80158516&format=geojson"
"nn00925271","2026-10-04T17:35:09Z","2026-10-04T13:35:09-04:00","2026-10-06T23:41:19Z","1.6","1.59","29 km S of Alamo, Nevada","37.097","-115.1312","United States of America","11.5","11.5484",,,,,"reviewed","0","39","earthquake","M 1.6 - 29 km S of Alamo, Nevada","https://earthquake.usgs.gov/earthquakes/eventpage/nn00925271","https://earthquake.usgs.gov/fdsnws/event/1/query?eventid=nn00925271&format=geojson"
"ci41343071","2026-10-04T16:55:55Z","2026-10-04T12:55:55-04:00","2026-10-04T18:10:07Z","1.0","0.84","15 km NE of Little Lake, CA","36.0193333333333","-117.768833333333","United States of America","1.5","1.49",,,,,"reviewed","0","11","earthquake","M 0.8 - 15 km NE of Little Lake, CA","https://earthquake.usgs.gov/earthquakes/eventpage/ci41343071","https://earthquake.usgs.gov/fdsnws/event/1/query?eventid=ci41343071&format=geojson"
"nn00925269","2026-10-04T16:47:27Z","2026-10-04T12:47:27-04:00","2026-10-05T23:42:54Z","2.6","2.6","35 km SE of Mina, Nevada","38.1717","-117.8162","United States of America","7.8","7.7888",,,,,"reviewed","0","104","earthquake","M 2.6 - 35 km SE of Mina, Nevada","https://earthquake.usgs.gov/earthquakes/eventpage/nn00925269","https://earthquake.usgs.gov/fdsnws/event/1/query?eventid=nn00925269&format=geojson"
"ok2026tlnu","2026-10-04T16:38:16Z","2026-10-04T12:38:16-04:00","2026-10-05T13:40:51Z","1.8","1.82","3 km ESE of Aline, Oklahoma","36.49783333","-98.41633333","United States of America","7.9","7.89",,,,,"reviewed","0","51","earthquake","M 1.8 - 3 km ESE of Aline, Oklahoma","https://earthquake.usgs.gov/earthquakes/eventpage/ok2026tlnu","https://earthquake.usgs.gov/fdsnws/event/1/query?eventid=ok2026tlnu&format=geojson"
"mb90210068","2026-10-04T15:59:39Z","2026-10-04T11:59:39-04:00","2026-10-05T18:43:38Z","1.0","0.27","46 km NW of Island Park, Idaho","44.7146666666667","-111.794666666667","United States of America","14.0","14.01",,,,,"reviewed","0","1","earthquake","M 0.3 - 46 km NW of Island Park, Idaho","https://earthquake.usgs.gov/earthquakes/eventpage/mb90210068","https://earthquake.usgs.gov/fdsnws/event/1/query?eventid=mb90210068&format=geojson"
"tx2026tnvxpc","2026-10-04T15:50:12Z","2026-10-04T11:50:12-04:00","2026-10-05T22:05:40Z","1.8","1.8","35 km NW of Toyah, Texas","31.547","-104.054","United States of America","6.1","6.087",,,,,"reviewed","0","50","earthquake","M 1.8 - 35 km NW of Toyah, Texas","https://earthquake.usgs.gov/earthquakes/eventpage/tx2026tnvxpc","https://earthquake.usgs.gov/fdsnws/event/1/query?eventid=tx2026tnvxpc&format=geojson"
"ci41343047","2026-10-04T15:34:21Z","2026-10-04T11:34:21-04:00","2026-10-04T16:41:43Z","1.0","1.04","16 km WSW of Johannesburg, CA","35.3095","-117.795833333333","United States of America","5.9","5.88",,,,,"reviewed","0","17","earthquake","M 1.0 - 16 km WSW of Johannesburg, CA","https://earthquake.usgs.gov/earthquakes/eventpage/ci41343047","https://earthquake.usgs.gov/fdsnws/event/1/query?eventid=ci41343047&format=geojson"
"ci41343039","2026-10-04T15:30:52Z","2026-10-04T11:30:52-04:00","2026-10-04T17:42:27Z","1.0","0.5","7 km WSW of Idyllwild, CA","33.7251666666667","-116.7955","United States of America","15.3","15.33",,,,,"reviewed","0","4","earthquake","M 0.5 - 7 km WSW of Idyllwild, CA","https://earthquake.usgs.gov/earthquakes/eventpage/ci41343039","https://earthquake.usgs.gov/fdsnws/event/1/query?eventid=ci41343039&format=geojson"
"ci41343023","2026-10-04T15:28:27Z","2026-10-04T11:28:27-04:00","2026-10-04T16:46:45Z","2.2","2.23","21 km N of Kernville, CA","35.9453333333333","-118.416","United States of America","3.3","3.25",,,,,"reviewed","0","77","earthquake","M 2.2 - 21 km N of Kernville, CA","https://earthquake.usgs.gov/earthquakes/eventpage/ci41343023","https://earthquake.usgs.gov/fdsnws/event/1/query?eventid=ci41343023&format=geojson"
"ci41343015","2026-10-04T15:07:24Z","2026-10-04T11:07:24-04:00","2026-10-04T16:42:18Z","1.0","0.7","14 km ENE of Borrego Springs, CA","33.3196666666667","-116.244833333333","United States of America","10.1","10.05",,,,,"reviewed","0","8","earthquake","M 0.7 - 14 km ENE of Borrego Springs, CA","https://earthquake.usgs.gov/earthquakes/eventpage/ci41343015","https://earthquake.usgs.gov/fdsnws/event/1/query?eventid=ci41343015&format=geojson"
"tx2026tntyma","2026-10-04T14:50:43Z","2026-10-04T10:50:43-04:00","2026-10-05T22:13:58Z","1.5","1.5","40 km NW of Toyah, Texas","31.549","-104.115","United States of America","6.5","6.5356",,,,,"reviewed","0","35","earthquake","M 1.5 - 40 km NW of Toyah, Texas","https://earthquake.usgs.gov/earthquakes/eventpage/tx2026tntyma","https://earthquake.usgs.gov/fdsnws/event/1/query?eventid=tx2026tntyma&format=geojson"
"nn00925263","2026-10-04T14:48:06Z","2026-10-04T10:48:06-04:00","2026-10-06T23:54:06Z","1.6","1.58","28 km W of Gerlach, Nevada","40.6174","-119.6866","United States of America","10.5","10.5029",,,,,"reviewed","0","38","earthquake","M 1.6 - 28 km W of Gerlach, Nevada","https://earthquake.usgs.gov/earthquakes/eventpage/nn00925263","https://earthquake.usgs.gov/fdsnws/event/1/query?eventid=nn00925263&format=geojson"
"pr71535723","2026-10-04T14:36:59Z","2026-10-04T10:36:59-04:00","2026-10-04T14:59:08Z","2.1","2.13","2 km NNE of Guayanilla, Puerto Rico","18.0421666666667","-66.7848333333333","Puerto Rico","14.0","14.02",,,,,"reviewed","0","70","earthquake","M 2.1 - 2 km NNE of Guayanilla, Puerto Rico","https://earthquake.usgs.gov/earthquakes/eventpage/pr71535723","https://earthquake.usgs.gov/fdsnws/event/1/query?eventid=pr71535723&format=geojson"
"nn00925260","2026-10-04T14:23:32Z","2026-10-04T10:23:32-04:00","2026-10-04T14:27:48Z","1.7","1.68","85 km NE of Tonopah, Nevada","38.5285","-116.4503","United States of America","0.0","0.0198",,,,,"automatic","0","43","earthquake","M 1.7 - 85 km NE of Tonopah, Nevada","https://earthquake.usgs.gov/earthquakes/eventpage/nn00925260","https://earthquake.usgs.gov/fdsnws/event/1/query?eventid=nn00925260&format=geojson"
"mb90210063","2026-10-04T14:17:15Z","2026-10-04T10:17:15-04:00","2026-10-05T18:40:08Z","1.0","0.05","41 km W of Hebgen Lake Estates, Montana","44.8268333333333","-111.710833333333","United States of America","14.5","14.47",,,,,"reviewed","0","0","earthquake","M 0.1 - 41 km W of Hebgen Lake Estates, Montana","https://earthquake.usgs.gov/earthquakes/eventpage/mb90210063","https://earthquake.usgs.gov/fdsnws/event/1/query?eventid=mb90210063&format=geojson"
"us6000tzj9","2026-10-04T14:09:56Z","2026-10-04T10:09:56-04:00","2026-10-04T15:47:54Z","2.9","2.9","31 km SSE of Hope, New Mexico","32.5442","-104.6295","United States of America","5.0","5",,,,,"reviewed","0","129","earthquake","M 2.9 - 31 km SSE of Hope, New Mexico","https://earthquake.usgs.gov/earthquakes/eventpage/us6000tzj9","https://earthquake.usgs.gov/fdsnws/event/1/query?eventid=us6000tzj9&format=geojson"
"nc75444151","2026-10-04T13:54:50Z","2026-10-04T09:54:50-04:00","2026-10-04T13:56:26Z","1.0","1.02","6 km W of Cobb, CA","38.8253326416016","-122.796501159668","United States of America","2.2","2.15",,,,,"automatic","0","16","earthquake","M 1.0 - 6 km W of Cobb, CA","https://earthquake.usgs.gov/earthquakes/eventpage/nc75444151","https://earthquake.usgs.gov/fdsnws/event/1/query?eventid=nc75444151&format=geojson"
"ci41343007","2026-10-04T13:54:05Z","2026-10-04T09:54:05-04:00","2026-10-04T15:22:43Z","1.0","0.36","21 km ESE of Anza, CA","33.5136666666667","-116.453166666667","United States of America","6.3","6.25",,,,,"reviewed","0","2","earthquake","M 0.4 - 21 km ESE of Anza, CA","https://earthquake.usgs.gov/earthquakes/eventpage/ci41343007","https://earthquake.usgs.gov/fdsnws/event/1/query?eventid=ci41343007&format=geojson"
"ci41342999","2026-10-04T13:33:33Z","2026-10-04T09:33:33-04:00","2026-10-04T14:41:55Z","1.0","0.33","14 km SE of Anza, CA","33.4671666666667","-116.566166666667","United States of America","10.1","10.14",,,,,"reviewed","0","2","earthquake","M 0.3 - 14 km SE of Anza, CA","https://earthquake.usgs.gov/earthquakes/eventpage/ci41342999","https://earthquake.usgs.gov/fdsnws/event/1/query?eventid=ci41342999&format=geojson"
"ci41342991","2026-10-04T13:24:02Z","2026-10-04T09:24:02-04:00","2026-10-04T19:04:02Z","1.0","0.28","9 km SW of Beaumont, CA","33.8675","-117.039333333333","United States of America","8.7","8.72",,,,,"reviewed","0","1","earthquake","M 0.3 - 9 km SW of Beaumont, CA","https://earthquake.usgs.gov/earthquakes/eventpage/ci41342991","https://earthquake.usgs.gov/fdsnws/event/1/query?eventid=ci41342991&format=geojson"
"nc75444146","2026-10-04T13:05:54Z","2026-10-04T09:05:54-04:00","2026-10-04T13:07:32Z","1.0","0.76","8 km NW of The Geysers, CA","38.8308334350586","-122.817337036133","United States of America","1.7","1.68",,,,,"automatic","0","9","earthquake","M 0.8 - 8 km NW of The Geysers, CA","https://earthquake.usgs.gov/earthquakes/eventpage/nc75444146","https://earthquake.usgs.gov/fdsnws/event/1/query?eventid=nc75444146&format=geojson"
"nc75444141","2026-10-04T12:57:32Z","2026-10-04T08:57:32-04:00","2026-10-04T12:59:06Z","1.0","0.23","8 km W of Cobb, CA","38.8341674804688","-122.811996459961","United States of America","2.3","2.25",,,,,"automatic","0","1","earthquake","M 0.2 - 8 km W of Cobb, CA","https://earthquake.usgs.gov/earthquakes/eventpage/nc75444141","https://earthquake.usgs.gov/fdsnws/event/1/query?eventid=nc75444141&format=geojson"
"nc75444136","2026-10-04T12:49:44Z","2026-10-04T08:49:44-04:00","2026-10-04T13:22:24Z","1.6","1.62","9 km NNE of Milpitas, CA","37.4983329772949","-121.859664916992","United States of America","5.7","5.65",,,,,"automatic","0","40","earthquake","M 1.6 - 9 km NNE of Milpitas, CA","https://earthquake.usgs.gov/earthquakes/eventpage/nc75444136","https://earthquake.usgs.gov/fdsnws/event/1/query?eventid=nc75444136&format=geojson"
"tx2026tnpagu","2026-10-04T12:22:13Z","2026-10-04T08:22:13-04:00","2026-10-05T16:13:59Z","1.5","1.5","49 km NW of Toyah, Texas","31.602","-104.193","United States of America","6.1","6.0999",,,,,"reviewed","0","35","earthquake","M 1.5 - 49 km NW of Toyah, Texas","https://earthquake.usgs.gov/earthquakes/eventpage/tx2026tnpagu","https://earthquake.usgs.gov/fdsnws/event/1/query?eventid=tx2026tnpagu&format=geojson"
"tx2026tnoxdd","2026-10-04T12:18:15Z","2026-10-04T08:18:15-04:00","2026-10-05T15:53:19Z","1.8","1.8","13 km ESE of Pearsall, Texas","28.847","-98.965","United States of America","7.1","7.1431",,,,,"reviewed","0","50","earthquake","M 1.8 - 13 km ESE of Pearsall, Texas","https://earthquake.usgs.gov/earthquakes/eventpage/tx2026tnoxdd","https://earthquake.usgs.gov/fdsnws/event/1/query?eventid=tx2026tnoxdd&format=geojson"
"ci41342975","2026-10-04T12:18:15Z","2026-10-04T08:18:15-04:00","2026-10-04T15:05:45Z","2.7","2.7","48 km SW of Primo Tapia, B.C., MX","31.8803333333333","-117.2305","Mexico","16.0","16.02",,,,,"reviewed","0","112","earthquake","M 2.7 - 48 km SW of Primo Tapia, B.C., MX","https://earthquake.usgs.gov/earthquakes/eventpage/ci41342975","https://earthquake.usgs.gov/fdsnws/event/1/query?eventid=ci41342975&format=geojson"
"nc75444126","2026-10-04T12:16:01Z","2026-10-04T08:16:01-04:00","2026-10-04T12:17:36Z","1.0","0.66","7 km NW of The Geysers, CA","38.8183326721191","-122.813667297363","United States of America","3.1","3.08",,,,,"automatic","0","7","earthquake","M 0.7 - 7 km NW of The Geysers, CA","https://earthquake.usgs.gov/earthquakes/eventpage/nc75444126","https://earthquake.usgs.gov/fdsnws/event/1/query?eventid=nc75444126&format=geojson"
"uu80158511","2026-10-04T12:03:16Z","2026-10-04T08:03:16-04:00","2026-10-05T18:12:05Z","1.0","0.5","24 km ENE of West Yellowstone, Montana","44.711","-110.802666666667","United States of America","2.2","2.15",,,,,"reviewed","0","4","earthquake","M 0.5 - 24 km ENE of West Yellowstone, Montana","https://earthquake.usgs.gov/earthquakes/eventpage/uu80158511","https://earthquake.usgs.gov/fdsnws/event/1/query?eventid=uu80158511&format=geojson"
"ci41342967","2026-10-04T11:53:20Z","2026-10-04T07:53:20-04:00","2026-10-04T13:31:05Z","1.0","0.64","9 km WNW of Anza, CA","33.5833333333333","-116.761","United States of America","11.6","11.63",,,,,"reviewed","0","6","earthquake","M 0.6 - 9 km WNW of Anza, CA","https://earthquake.usgs.gov/earthquakes/eventpage/ci41342967","https://earthquake.usgs.gov/fdsnws/event/1/query?eventid=ci41342967&format=geojson"
"nc75444116","2026-10-04T11:26:51Z","2026-10-04T07:26:51-04:00","2026-10-04T11:28:26Z","1.0","0.76","6 km NW of The Geysers, CA","38.8183326721191","-122.793830871582","United States of America","2.5","2.45",,,,,"automatic","0","9","earthquake","M 0.8 - 6 km NW of The Geysers, CA","https://earthquake.usgs.gov/earthquakes/eventpage/nc75444116","https://earthquake.usgs.gov/fdsnws/event/1/query?eventid=nc75444116&format=geojson"
"tx2026tnndtu","2026-10-04T11:25:40Z","2026-10-04T07:25:40-04:00","2026-10-05T15:13:19Z","1.9","1.9","19 km NW of Westbrook, Texas","32.474","-101.171","United States of America","6.9","6.8848",,,,,"reviewed","0","56","earthquake","M 1.9 - 19 km NW of Westbrook, Texas","https://earthquake.usgs.gov/earthquakes/eventpage/tx2026tnndtu","https://earthquake.usgs.gov/fdsnws/event/1/query?eventid=tx2026tnndtu&format=geojson"
"nn00925253","2026-10-04T11:13:40Z","2026-10-04T07:13:40-04:00","2026-10-06T23:47:38Z","1.8","1.84","25 km NNE of Yerington, Nevada","39.1766","-119.0064","United States of America","8.4","8.3989",,,,,"reviewed","0","52","earthquake","M 1.8 - 25 km NNE of Yerington, Nevada","https://earthquake.usgs.gov/earthquakes/eventpage/nn00925253","https://earthquake.usgs.gov/fdsnws/event/1/query?eventid=nn00925253&format=geojson"
"tx2026tnlwpv","2026-10-04T10:47:09Z","2026-10-04T06:47:09-04:00","2026-10-05T16:44:23Z","1.8","1.8","58 km S of Whites City, New Mexico","31.649","-104.436","United States of America","7.8","7.843",,,,,"reviewed","0","50","earthquake","M 1.8 - 58 km S of Whites City, New Mexico","https://earthquake.usgs.gov/earthquakes/eventpage/tx2026tnlwpv","https://earthquake.usgs.gov/fdsnws/event/1/query?eventid=tx2026tnlwpv&format=geojson"
"ci41342959","2026-10-04T10:40:06Z","2026-10-04T06:40:06-04:00","2026-10-04T19:07:20Z","1.0","0.68","21 km E of Little Lake, CA","35.9191666666667","-117.675","United States of America","8.2","8.2",,,,,"reviewed","0","7","earthquake","M 0.7 - 21 km E of Little Lake, CA","https://earthquake.usgs.gov/earthquakes/eventpage/ci41342959","https://earthquake.usgs.gov/fdsnws/event/1/query?eventid=ci41342959&format=geojson"
"ok2026tlby","2026-10-04T10:39:24Z","2026-10-04T06:39:24-04:00","2026-10-05T16:41:20Z","1.0","0.75","8 km SE of Vici, Oklahoma","36.091","-99.23166667","United States of America","11.7","11.65",,,,,"reviewed","0","9","earthquake","M 0.8 - 8 km SE of Vici, Oklahoma","https://earthquake.usgs.gov/earthquakes/eventpage/ok2026tlby","https://earthquake.usgs.gov/fdsnws/event/1/query?eventid=ok2026tlby&format=geojson"
"tx2026tnlfjv","2026-10-04T10:27:15Z","2026-10-04T06:27:15-04:00","2026-10-06T22:24:44Z","1.3","1.3","10 km E of Coahoma, Texas","32.282","-101.193","United States of America","7.8","7.7881",,,,,"reviewed","0","26","earthquake","M 1.3 - 10 km E of Coahoma, Texas","https://earthquake.usgs.gov/earthquakes/eventpage/tx2026tnlfjv","https://earthquake.usgs.gov/fdsnws/event/1/query?eventid=tx2026tnlfjv&format=geojson"
"uu80158501","2026-10-04T10:13:41Z","2026-10-04T06:13:41-04:00","2026-10-05T18:04:19Z","1.0","0.54","15 km NE of Milford, Utah","38.51","-112.907","United States of America","3.0","3.03",,,,,"reviewed","0","4","earthquake","M 0.5 - 15 km NE of Milford, Utah","https://earthquake.usgs.gov/earthquakes/eventpage/uu80158501","https://earthquake.usgs.gov/fdsnws/event/1/query?eventid=uu80158501&format=geojson"
"ci41342951","2026-10-04T10:03:29Z","2026-10-04T06:03:29-04:00","2026-10-04T13:31:00Z","1.0","1.03","9 km SW of Idyllwild, CA","33.679","-116.786666666667","United States of America","16.0","15.96",,,,,"reviewed","0","16","earthquake","M 1.0 - 9 km SW of Idyllwild, CA","https://earthquake.usgs.gov/earthquakes/eventpage/ci41342951","https://earthquake.usgs.gov/fdsnws/event/1/query?eventid=ci41342951&format=geojson"
"ci41342943","2026-10-04T09:56:40Z","2026-10-04T05:56:40-04:00","2026-10-04T18:25:18Z","1.0","0.81","16 km WSW of Johannesburg, CA","35.318","-117.795833333333","United States of America","6.9","6.87",,,,,"reviewed","0","10","earthquake","M 0.8 - 16 km WSW of Johannesburg, CA","https://earthquake.usgs.gov/earthquakes/eventpage/ci41342943","https://earthquake.usgs.gov/fdsnws/event/1/query?eventid=ci41342943&format=geojson"
"ci10255942","2026-10-04T09:56:12Z","2026-10-04T05:56:12-04:00","2026-10-04T18:29:21Z","1.0","0.71","16 km WSW of Johannesburg, CA","35.3238333333333","-117.806166666667","United States of America","4.9","4.92",,,,,"reviewed","0","8","earthquake","M 0.7 - 16 km WSW of Johannesburg, CA","https://earthquake.usgs.gov/earthquakes/eventpage/ci10255942","https://earthquake.usgs.gov/fdsnws/event/1/query?eventid=ci10255942&format=geojson"
"tx2026tnjyzg","2026-10-04T09:49:33Z","2026-10-04T05:49:33-04:00","2026-10-05T22:18:52Z","1.8","1.8","14 km ESE of Pearsall, Texas","28.864","-98.951","United States of America","9.2","9.233",,,,,"reviewed","0","50","earthquake","M 1.8 - 14 km ESE of Pearsall, Texas","https://earthquake.usgs.gov/earthquakes/eventpage/tx2026tnjyzg","https://earthquake.usgs.gov/fdsnws/event/1/query?eventid=tx2026tnjyzg&format=geojson"
"nc75444101","2026-10-04T09:48:27Z","2026-10-04T05:48:27-04:00","2026-10-04T10:22:22Z","1.2","1.15","8 km SW of Loyola, CA","37.2949981689453","-122.15283203125","United States of America","7.0","6.96",,,,,"automatic","0","20","earthquake","M 1.2 - 8 km SW of Loyola, CA","https://earthquake.usgs.gov/earthquakes/eventpage/nc75444101","https://earthquake.usgs.gov/fdsnws/event/1/query?eventid=nc75444101&format=geojson"
"ci10255926","2026-10-04T09:47:41Z","2026-10-04T05:47:41-04:00","2026-10-04T17:39:41Z","1.0","0.17","8 km N of Cabazon, CA","33.9888333333333","-116.785","United States of America","17.8","17.79",,,,,"reviewed","0","0","earthquake","M 0.2 - 8 km N of Cabazon, CA","https://earthquake.usgs.gov/earthquakes/eventpage/ci10255926","https://earthquake.usgs.gov/fdsnws/event/1/query?eventid=ci10255926&format=geojson"
"ci41342935","2026-10-04T09:47:08Z","2026-10-04T05:47:08-04:00","2026-10-04T16:56:23Z","1.0","0.18","4 km SSW of Idyllwild, CA","33.7031666666667","-116.733","United States of America","16.7","16.66",,,,,"reviewed","0","0","earthquake","M 0.2 - 4 km SSW of Idyllwild, CA","https://earthquake.usgs.gov/earthquakes/eventpage/ci41342935","https://earthquake.usgs.gov/fdsnws/event/1/query?eventid=ci41342935&format=geojson"
"ci41342927","2026-10-04T09:41:23Z","2026-10-04T05:41:23-04:00","2026-10-04T19:23:42Z","1.0","0.89","0 km SW of Charter Oak, CA","34.1008333333333","-117.849666666667","United States of America","2.8","2.8",,,,,"reviewed","0","12","earthquake","M 0.9 - 0 km SW of Charter Oak, CA","https://earthquake.usgs.gov/earthquakes/eventpage/ci41342927","https://earthquake.usgs.gov/fdsnws/event/1/query?eventid=ci41342927&format=geojson"
"nc75444096","2026-10-04T09:38:59Z","2026-10-04T05:38:59-04:00","2026-10-04T09:40:35Z","1.1","1.08","8 km NW of The Geysers, CA","38.8301658630371","-122.816833496094","United States of America","1.8","1.82",,,,,"automatic","0","18","earthquake","M 1.1 - 8 km NW of The Geysers, CA","https://earthquake.usgs.gov/earthquakes/eventpage/nc75444096","https://earthquake.usgs.gov/fdsnws/event/1/query?eventid=nc75444096&format=geojson"
"uw714115561","2026-10-04T09:32:15Z","2026-10-04T05:32:15-04:00","2026-10-05T19:09:57Z","1.0","0.14","7 km NNE of Brinnon, Washington","47.7398333333333","-122.854166666667","United States of America","14.0","13.97",,,,,"reviewed","0","0","earthquake","M 0.1 - 7 km NNE of Brinnon, Washington","https://earthquake.usgs.gov/earthquakes/eventpage/uw714115561","https://earthquake.usgs.gov/fdsnws/event/1/query?eventid=uw714115561&format=geojson"
"nc75444091","2026-10-04T09:29:26Z","2026-10-04T05:29:26-04:00","2026-10-04T09:31:00Z","1.0","0.77","10 km WNW of The Geysers, CA","38.8278350830078","-122.856002807617","United States of America","2.2","2.23",,,,,"automatic","0","9","earthquake","M 0.8 - 10 km WNW of The Geysers, CA","https://earthquake.usgs.gov/earthquakes/eventpage/nc75444091","https://earthquake.usgs.gov/fdsnws/event/1/query?eventid=nc75444091&format=geojson"
"uw714115551","2026-10-04T09:25:50Z","2026-10-04T05:25:50-04:00","2026-10-05T19:04:49Z","1.0","0.61","21 km ESE of Castle Rock, Washington","46.2341666666667","-122.639833333333","United States of America","17.2","17.2",,,,,"reviewed","0","6","earthquake","M 0.6 - 21 km ESE of Castle Rock, Washington","https://earthquake.usgs.gov/earthquakes/eventpage/uw714115551","https://earthquake.usgs.gov/fdsnws/event/1/query?eventid=uw714115551&format=geojson"
"tx2026tnjdzg","2026-10-04T09:25:37Z","2026-10-04T05:25:37-04:00","2026-10-05T22:25:17Z","1.1","1.1","15 km W of Stanton, Texas","32.105","-101.954","United States of America","9.0","8.96",,,,,"reviewed","0","19","earthquake","M 1.1 - 15 km W of Stanton, Texas","https://earthquake.usgs.gov/earthquakes/eventpage/tx2026tnjdzg","https://earthquake.usgs.gov/fdsnws/event/1/query?eventid=tx2026tnjdzg&format=geojson"
"mb90210048","2026-10-04T09:18:38Z","2026-10-04T05:18:38-04:00","2026-10-05T18:36:38Z","1.6","1.57","23 km SSE of Augusta, Montana","47.3041666666667","-112.243","United States of America","14.6","14.6",,,,,"reviewed","0","38","earthquake","M 1.6 - 23 km SSE of Augusta, Montana","https://earthquake.usgs.gov/earthquakes/eventpage/mb90210048","https://earthquake.usgs.gov/fdsnws/event/1/query?eventid=mb90210048&format=geojson"
"ci41342919","2026-10-04T08:59:31Z","2026-10-04T04:59:31-04:00","2026-10-04T13:31:05Z","1.0","0.64","9 km WNW of Anza, CA","33.5808333333333","-116.762333333333","United States of America","12.1","12.08",,,,,"reviewed","0","6","earthquake","M 0.6 - 9 km WNW of Anza, CA","https://earthquake.usgs.gov/earthquakes/eventpage/ci41342919","https://earthquake.usgs.gov/fdsnws/event/1/query?eventid=ci41342919&format=geojson"
"pr2026277001","2026-10-04T08:59:26Z","2026-10-04T04:59:26-04:00","2026-10-04T11:38:15Z","4.0","3.99","3 km SW of Punta Cana, Dominican Republic","18.5571","-68.4311","Dominican Republic","141.0","141",,,,,"reviewed","0","245","earthquake","M 4.0 - 3 km SW of Punta Cana, Dominican Republic","https://earthquake.usgs.gov/earthquakes/eventpage/pr2026277001","https://earthquake.usgs.gov/fdsnws/event/1/query?eventid=pr2026277001&format=geojson"
"ci41342911","2026-10-04T08:52:15Z","2026-10-04T04:52:15-04:00","2026-10-04T14:39:18Z","1.0","0.36","9 km WNW of Anza, CA","33.5838333333333","-116.759","United States of America","12.6","12.6",,,,,"reviewed","0","2","earthquake","M 0.4 - 9 km WNW of Anza, CA","https://earthquake.usgs.gov/earthquakes/eventpage/ci41342911","https://earthquake.usgs.gov/fdsnws/event/1/query?eventid=ci41342911&format=geojson"
"uu80008158","2026-10-04T08:50:39Z","2026-10-04T04:50:39-04:00","2026-10-05T17:57:17Z","1.3","1.3","6 km W of Sterling, Utah","39.2041666666667","-111.766833333333","United States of America","5.0","4.96",,,,,"reviewed","0","26","earthquake","M 1.3 - 6 km W of Sterling, Utah","https://earthquake.usgs.gov/earthquakes/eventpage/uu80008158","https://earthquake.usgs.gov/fdsnws/event/1/query?eventid=uu80008158&format=geojson"
"nc75444081","2026-10-04T08:44:08Z","2026-10-04T04:44:08-04:00","2026-10-04T09:12:24Z","2.3","2.32","4 km SE of Coalinga, CA","36.1111679077148","-120.331832885742","United States of America","12.2","12.16",,,,,"automatic","0","83","earthquake","M 2.3 - 4 km SE of Coalinga, CA","https://earthquake.usgs.gov/earthquakes/eventpage/nc75444081","https://earthquake.usgs.gov/fdsnws/event/1/query?eventid=nc75444081&format=geojson"
"ci41342895","2026-10-04T08:39:03Z","2026-10-04T04:39:03-04:00","2026-10-04T13:31:52Z","1.0","0.62","16 km WSW of Johannesburg, CA","35.3115","-117.796","United States of America","6.2","6.23",,,,,"reviewed","0","6","earthquake","M 0.6 - 16 km WSW of Johannesburg, CA","https://earthquake.usgs.gov/earthquakes/eventpage/ci41342895","https://earthquake.usgs.gov/fdsnws/event/1/query?eventid=ci41342895&format=geojson"
"ci41342887","2026-10-04T08:29:08Z","2026-10-04T04:29:08-04:00","2026-10-04T13:33:11Z","1.0","1.04","16 km WSW of Johannesburg, CA","35.3118333333333","-117.793833333333","United States of America","6.6","6.58",,,,,"reviewed","0","17","earthquake","M 1.0 - 16 km WSW of Johannesburg, CA","https://earthquake.usgs.gov/earthquakes/eventpage/ci41342887","https://earthquake.usgs.gov/fdsnws/event/1/query?eventid=ci41342887&format=geojson"
"tx2026tnheqg","2026-10-04T08:25:46Z","2026-10-04T04:25:46-04:00","2026-10-05T22:35:17Z","1.3","1.3","35 km SE of Malaga, New Mexico","32.039","-103.765","United States of America","7.8","7.843",,,,,"reviewed","0","26","earthquake","M 1.3 - 35 km SE of Malaga, New Mexico","https://earthquake.usgs.gov/earthquakes/eventpage/tx2026tnheqg","https://earthquake.usgs.gov/fdsnws/event/1/query?eventid=tx2026tnheqg&format=geojson"
"ci41342879","2026-10-04T08:24:03Z","2026-10-04T04:24:03-04:00","2026-10-04T13:45:13Z","1.2","1.16","27 km NNE of Montecito, CA","34.6626666666667","-119.54","United States of America","3.6","3.62",,,,,"reviewed","0","21","earthquake","M 1.2 - 27 km NNE of Montecito, CA","https://earthquake.usgs.gov/earthquakes/eventpage/ci41342879","https://earthquake.usgs.gov/fdsnws/event/1/query?eventid=ci41342879&format=geojson"
"pr71535688","2026-10-04T08:20:24Z","2026-10-04T04:20:24-04:00","2026-10-04T12:27:17Z","3.0","3.01","68 km N of Charlotte Amalie, U.S. Virgin Islands","18.9618333333333","-64.924","U.S. Virgin Islands","21.7","21.74",,,,,"reviewed","0","139","earthquake","M 3.0 - 68 km N of Charlotte Amalie, U.S. Virgin Islands","https://earthquake.usgs.gov/earthquakes/eventpage/pr71535688","https://earthquake.usgs.gov/fdsnws/event/1/query?eventid=pr71535688&format=geojson"
"tx2026tngwwa","2026-10-04T08:16:32Z","2026-10-04T04:16:32-04:00","2026-10-05T15:24:44Z","1.8","1.8","35 km SE of Malaga, New Mexico","32.036","-103.772","United States of America","8.6","8.5992",,,,,"reviewed","0","50","earthquake","M 1.8 - 35 km SE of Malaga, New Mexico","https://earthquake.usgs.gov/earthquakes/eventpage/tx2026tngwwa","https://earthquake.usgs.gov/fdsnws/event/1/query?eventid=tx2026tngwwa&format=geojson"
"tx2026tnguox","2026-10-04T08:13:58Z","2026-10-04T04:13:58-04:00","2026-10-05T22:31:00Z","1.5","1.5","64 km S of Whites City, New Mexico","31.601","-104.511","United States of America","8.8","8.7659",,,,,"reviewed","0","35","earthquake","M 1.5 - 64 km S of Whites City, New Mexico","https://earthquake.usgs.gov/earthquakes/eventpage/tx2026tnguox","https://earthquake.usgs.gov/fdsnws/event/1/query?eventid=tx2026tnguox&format=geojson"
"pr71535683","2026-10-04T08:11:21Z","2026-10-04T04:11:21-04:00","2026-10-04T08:53:40Z","3.4","3.38","89 km NNE of Cruz Bay, U.S. Virgin Islands","19.0931666666667","-64.5201666666667","U.S. Virgin Islands","9.5","9.46",,,,,"reviewed","0","176","earthquake","M 3.4 - 89 km NNE of Cruz Bay, U.S. Virgin Islands","https://earthquake.usgs.gov/earthquakes/eventpage/pr71535683","https://earthquake.usgs.gov/fdsnws/event/1/query?eventid=pr71535683&format=geojson"
"uw714115541","2026-10-04T08:09:42Z","2026-10-04T04:09:42-04:00","2026-10-05T20:05:58Z","2.1","2.13","4 km NW of Waterville, Washington","47.6728333333333","-120.116","United States of America","4.0","3.98","3","2.2",,,"reviewed","0","70","earthquake","M 2.1 - 4 km NW of Waterville, Washington","https://earthquake.usgs.gov/earthquakes/eventpage/uw714115541","https://earthquake.usgs.gov/fdsnws/event/1/query?eventid=uw714115541&format=geojson"
"pr71535673","2026-10-04T08:08:16Z","2026-10-04T04:08:16-04:00","2026-10-04T08:43:49Z","2.2","2.17","4 km SSW of Guánica, Puerto Rico","17.9385","-66.9301666666667","Puerto Rico","9.5","9.47",,,,,"reviewed","0","72","earthquake","M 2.2 - 4 km SSW of Guánica, Puerto Rico","https://earthquake.usgs.gov/earthquakes/eventpage/pr71535673","https://earthquake.usgs.gov/fdsnws/event/1/query?eventid=pr71535673&format=geojson"
"ci41342871","2026-10-04T08:06:53Z","2026-10-04T04:06:53-04:00","2026-10-04T14:39:23Z","1.0","0.53","12 km NE of Cabazon, CA","33.9988333333333","-116.699833333333","United States of America","11.6","11.6",,,,,"reviewed","0","4","earthquake","M 0.5 - 12 km NE of Cabazon, CA","https://earthquake.usgs.gov/earthquakes/eventpage/ci41342871","https://earthquake.usgs.gov/fdsnws/event/1/query?eventid=ci41342871&format=geojson"
"uw714115531","2026-10-04T07:59:01Z","2026-10-04T03:59:01-04:00","2026-10-05T18:44:38Z","1.0","0.82","4 km SSW of Lake Morton-Berrydale, Washington","47.2923333333333","-122.116166666667","United States of America","19.5","19.48",,,,,"reviewed","0","10","earthquake","M 0.8 - 4 km SSW of Lake Morton-Berrydale, Washington","https://earthquake.usgs.gov/earthquakes/eventpage/uw714115531","https://earthquake.usgs.gov/fdsnws/event/1/query?eventid=uw714115531&format=geojson"
"tx2026tnfxgz","2026-10-04T07:46:53Z","2026-10-04T03:46:53-04:00","2026-10-05T10:05:46Z","1.4","1.4","14 km ESE of Pearsall, Texas","28.862","-98.95","United States of America","8.0","7.9644",,,,,"reviewed","0","30","earthquake","M 1.4 - 14 km ESE of Pearsall, Texas","https://earthquake.usgs.gov/earthquakes/eventpage/tx2026tnfxgz","https://earthquake.usgs.gov/fdsnws/event/1/query?eventid=tx2026tnfxgz&format=geojson"
"us6000u0my","2026-10-04T07:46:31Z","2026-10-04T03:46:31-04:00","2026-10-07T00:59:20Z","1.9","1.9","12 km SE of Baie-Saint-Paul, Canada","47.3532","-70.3923","Canada","24.4","24.41",,,,,"reviewed","0","56","earthquake","M 1.9 - 12 km SE of Baie-Saint-Paul, Canada","https://earthquake.usgs.gov/earthquakes/eventpage/us6000u0my","https://earthquake.usgs.gov/fdsnws/event/1/query?eventid=us6000u0my&format=geojson"
"ci41342863","2026-10-04T07:26:36Z","2026-10-04T03:26:36-04:00","2026-10-04T14:39:35Z","1.0","0.67","16 km WSW of Johannesburg, CA","35.3133333333333","-117.797166666667","United States of America","6.2","6.22",,,,,"reviewed","0","7","earthquake","M 0.7 - 16 km WSW of Johannesburg, CA","https://earthquake.usgs.gov/earthquakes/eventpage/ci41342863","https://earthquake.usgs.gov/fdsnws/event/1/query?eventid=ci41342863&format=geojson"
"nc75444061","2026-10-04T07:23:50Z","2026-10-04T03:23:50-04:00","2026-10-06T01:14:53Z","2.3","2.3","1 km NNE of Almanor, CA","40.2278327941895","-121.171165466309","United States of America","5.5","5.54","1","2.2",,,"automatic","0","82","earthquake","M 2.3 - 1 km NNE of Almanor, CA","https://earthquake.usgs.gov/earthquakes/eventpage/nc75444061","https://earthquake.usgs.gov/fdsnws/event/1/query?eventid=nc75444061&format=geojson"
"ci41342855","2026-10-04T07:20:09Z","2026-10-04T03:20:09-04:00","2026-10-04T14:39:51Z","1.0","0.95","3 km NE of Montebello, CA","34.0295","-118.084666666667","United States of America","16.8","16.78",,,,,"reviewed","0","14","earthquake","M 1.0 - 3 km NE of Montebello, CA","https://earthquake.usgs.gov/earthquakes/eventpage/ci41342855","https://earthquake.usgs.gov/fdsnws/event/1/query?eventid=ci41342855&format=geojson"
"ci41342847","2026-10-04T07:16:23Z","2026-10-04T03:16:23-04:00","2026-10-04T14:39:55Z","1.0","0.68","10 km NE of Coso Junction, CA","36.1045","-117.867333333333","United States of America","1.4","1.44",,,,,"reviewed","0","7","earthquake","M 0.7 - 10 km NE of Coso Junction, CA","https://earthquake.usgs.gov/earthquakes/eventpage/ci41342847","https://earthquake.usgs.gov/fdsnws/event/1/query?eventid=ci41342847&format=geojson"
"ci41342839","2026-10-04T07:14:00Z","2026-10-04T03:14:00-04:00","2026-10-08T22:24:57Z","1.0","0.67","12 km SE of Bodfish, CA","35.5165","-118.395833333333","United States of America","3.6","3.57",,,,,"reviewed","0","7","earthquake","M 0.7 - 12 km SE of Bodfish, CA","https://earthquake.usgs.gov/earthquakes/eventpage/ci41342839","https://earthquake.usgs.gov/fdsnws/event/1/query?eventid=ci41342839&format=geojson"
"nc75444051","2026-10-04T07:11:17Z","2026-10-04T03:11:17-04:00","2026-10-04T07:47:28Z","1.6","1.55","10 km WNW of Cobb, CA","38.8653335571289","-122.822334289551","United States of America","1.4","1.41",,,,,"automatic","0","37","earthquake","M 1.6 - 10 km WNW of Cobb, CA","https://earthquake.usgs.gov/earthquakes/eventpage/nc75444051","https://earthquake.usgs.gov/fdsnws/event/1/query?eventid=nc75444051&format=geojson"
"ci41342831","2026-10-04T07:08:54Z","2026-10-04T03:08:54-04:00","2026-10-04T14:40:16Z","1.0","0.26","9 km WNW of Anza, CA","33.5855","-116.759833333333","United States of America","11.6","11.61",,,,,"reviewed","0","1","earthquake","M 0.3 - 9 km WNW of Anza, CA","https://earthquake.usgs.gov/earthquakes/eventpage/ci41342831","https://earthquake.usgs.gov/fdsnws/event/1/query?eventid=ci41342831&format=geojson"
"nc75444046","2026-10-04T06:55:01Z","2026-10-04T02:55:01-04:00","2026-10-04T06:56:36Z","1.0","0.72","10 km NW of The Geysers, CA","38.8375015258789","-122.835334777832","United States of America","1.5","1.52",,,,,"automatic","0","8","earthquake","M 0.7 - 10 km NW of The Geysers, CA","https://earthquake.usgs.gov/earthquakes/eventpage/nc75444046","https://earthquake.usgs.gov/fdsnws/event/1/query?eventid=nc75444046&format=geojson"
"nn00925245","2026-10-04T06:34:50Z","2026-10-04T02:34:50-04:00","2026-10-05T23:52:29Z","2.0","1.98","26 km WNW of Preston, Nevada","39.0181","-115.334","United States of America","8.2","8.2345",,,,,"reviewed","0","60","earthquake","M 2.0 - 26 km WNW of Preston, Nevada","https://earthquake.usgs.gov/earthquakes/eventpage/nn00925245","https://earthquake.usgs.gov/fdsnws/event/1/query?eventid=nn00925245&format=geojson"
"ci41342823","2026-10-04T06:30:43Z","2026-10-04T02:30:43-04:00","2026-10-04T13:55:21Z","1.8","1.84","17 km WSW of Johannesburg, CA","35.314","-117.801833333333","United States of America","6.0","6",,,,,"reviewed","0","52","earthquake","M 1.8 - 17 km WSW of Johannesburg, CA","https://earthquake.usgs.gov/earthquakes/eventpage/ci41342823","https://earthquake.usgs.gov/fdsnws/event/1/query?eventid=ci41342823&format=geojson"
"uu80158491","2026-10-04T06:29:22Z","2026-10-04T02:29:22-04:00","2026-10-05T17:41:21Z","1.5","1.52","14 km NE of Milford, Utah","38.4985","-112.906333333333","United States of America","4.1","4.05",,,,,"reviewed","0","36","earthquake","M 1.5 - 14 km NE of Milford, Utah","https://earthquake.usgs.gov/earthquakes/eventpage/uu80158491","https://earthquake.usgs.gov/fdsnws/event/1/query?eventid=uu80158491&format=geojson"
"ok2026tksq","2026-10-04T05:57:40Z","2026-10-04T01:57:40-04:00","2026-10-05T16:23:03Z","1.0","0.65","8 km WNW of Prague, Oklahoma","35.52983333","-96.7645","United States of America","6.7","6.69",,,,,"reviewed","0","6","earthquake","M 0.7 - 8 km WNW of Prague, Oklahoma","https://earthquake.usgs.gov/earthquakes/eventpage/ok2026tksq","https://earthquake.usgs.gov/fdsnws/event/1/query?eventid=ok2026tksq&format=geojson"
"nc75444026","2026-10-04T05:48:03Z","2026-10-04T01:48:03-04:00","2026-10-04T05:49:40Z","1.0","0.71","7 km NW of The Geysers, CA","38.8216667175293","-122.807998657227","United States of America","2.0","2.03",,,,,"automatic","0","8","earthquake","M 0.7 - 7 km NW of The Geysers, CA","https://earthquake.usgs.gov/earthquakes/eventpage/nc75444026","https://earthquake.usgs.gov/fdsnws/event/1/query?eventid=nc75444026&format=geojson"
"nc75444021","2026-10-04T05:46:12Z","2026-10-04T01:46:12-04:00","2026-10-04T05:47:51Z","1.1","1.06","1 km ENE of The Geysers, CA","38.7803344726562","-122.74649810791","United States of America","0.0","-0.03",,,,,"automatic","0","17","earthquake","M 1.1 - 1 km ENE of The Geysers, CA","https://earthquake.usgs.gov/earthquakes/eventpage/nc75444021","https://earthquake.usgs.gov/fdsnws/event/1/query?eventid=nc75444021&format=geojson"
"pr71535653","2026-10-04T05:20:50Z","2026-10-04T01:20:50-04:00","2026-10-04T05:44:15Z","2.2","2.19","5 km SW of Guánica, Puerto Rico","17.937","-66.9406666666667","Puerto Rico","7.6","7.58",,,,,"reviewed","0","74","earthquake","M 2.2 - 5 km SW of Guánica, Puerto Rico","https://earthquake.usgs.gov/earthquakes/eventpage/pr71535653","https://earthquake.usgs.gov/fdsnws/event/1/query?eventid=pr71535653&format=geojson"
"ci41342815","2026-10-04T05:20:26Z","2026-10-04T01:20:26-04:00","2026-10-04T14:40:12Z","1.0","0.02","4 km SW of Anza, CA","33.5361666666667","-116.706","United States of America","6.7","6.69",,,,,"reviewed","0","0","earthquake","M 0.0 - 4 km SW of Anza, CA","https://earthquake.usgs.gov/earthquakes/eventpage/ci41342815","https://earthquake.usgs.gov/fdsnws/event/1/query?eventid=ci41342815&format=geojson"
"ci41342807","2026-10-04T05:18:45Z","2026-10-04T01:18:45-04:00","2026-10-04T13:55:33Z","1.0","0.9","29 km E of Little Lake, CA","35.9748333333333","-117.592333333333","United States of America","4.6","4.6",,,,,"reviewed","0","12","earthquake","M 0.9 - 29 km E of Little Lake, CA","https://earthquake.usgs.gov/earthquakes/eventpage/ci41342807","https://earthquake.usgs.gov/fdsnws/event/1/query?eventid=ci41342807&format=geojson"
"nc75444006","2026-10-04T05:14:06Z","2026-10-04T01:14:06-04:00","2026-10-04T05:15:40Z","1.0","0.77","7 km NW of The Geysers, CA","38.8221664428711","-122.810668945312","United States of America","2.8","2.8",,,,,"automatic","0","9","earthquake","M 0.8 - 7 km NW of The Geysers, CA","https://earthquake.usgs.gov/earthquakes/eventpage/nc75444006","https://earthquake.usgs.gov/fdsnws/event/1/query?eventid=nc75444006&format=geojson"
"tx2026tnavmq","2026-10-04T05:13:59Z","2026-10-04T01:13:59-04:00","2026-10-06T09:57:27Z","1.0","0.9","16 km W of Stanton, Texas","32.106","-101.957","United States of America","8.9","8.8867",,,,,"reviewed","0","12","earthquake","M 0.9 - 16 km W of Stanton, Texas","https://earthquake.usgs.gov/earthquakes/eventpage/tx2026tnavmq","https://earthquake.usgs.gov/fdsnws/event/1/query?eventid=tx2026tnavmq&format=geojson"
"ci41342799","2026-10-04T05:11:55Z","2026-10-04T01:11:55-04:00","2026-10-04T13:55:50Z","1.0","0.86","16 km SE of Julian, CA","32.9745","-116.490833333333","United States of America","9.3","9.34",,,,,"reviewed","0","11","earthquake","M 0.9 - 16 km SE of Julian, CA","https://earthquake.usgs.gov/earthquakes/eventpage/ci41342799","https://earthquake.usgs.gov/fdsnws/event/1/query?eventid=ci41342799&format=geojson"
"ci41342791","2026-10-04T05:10:29Z","2026-10-04T01:10:29-04:00","2026-10-04T13:55:54Z","1.0","0.56","29 km NW of Searles Valley, CA","35.9731666666667","-117.592666666667","United States of America","4.9","4.94",,,,,"reviewed","0","5","earthquake","M 0.6 - 29 km NW of Searles Valley, CA","https://earthquake.usgs.gov/earthquakes/eventpage/ci41342791","https://earthquake.usgs.gov/fdsnws/event/1/query?eventid=ci41342791&format=geojson"
"nc75443996","2026-10-04T04:55:46Z","2026-10-04T00:55:46-04:00","2026-10-04T05:32:22Z","1.5","1.49","10 km ENE of Morgan Hill, CA","37.1681671142578","-121.547164916992","United States of America","6.3","6.25",,,,,"automatic","0","34","earthquake","M 1.5 - 10 km ENE of Morgan Hill, CA","https://earthquake.usgs.gov/earthquakes/eventpage/nc75443996","https://earthquake.usgs.gov/fdsnws/event/1/query?eventid=nc75443996&format=geojson"
"pr71535648","2026-10-04T04:47:10Z","2026-10-04T00:47:10-04:00","2026-10-04T05:29:38Z","1.9","1.88","5 km SSW of Indios, Puerto Rico","17.9505","-66.835","Puerto Rico","16.0","16.01",,,,,"reviewed","0","54","earthquake","M 1.9 - 5 km SSW of Indios, Puerto Rico","https://earthquake.usgs.gov/earthquakes/eventpage/pr71535648","https://earthquake.usgs.gov/fdsnws/event/1/query?eventid=pr71535648&format=geojson"
"uw714115521","2026-10-04T04:47:05Z","2026-10-04T00:47:05-04:00","2026-10-05T18:21:54Z","1.0","1.04","33 km S of Morton, Washington","46.2616666666667","-122.198833333333","United States of America","3.8","3.82",,,,,"reviewed","0","17","earthquake","M 1.0 - 33 km S of Morton, Washington","https://earthquake.usgs.gov/earthquakes/eventpage/uw714115521","https://earthquake.usgs.gov/fdsnws/event/1/query?eventid=uw714115521&format=geojson"
"mb90210043","2026-10-04T04:46:02Z","2026-10-04T00:46:02-04:00","2026-10-05T18:27:07Z","1.0","0.06","28 km NNE of Spencer, Idaho","44.6126666666667","-112.114333333333","United States of America","4.6","4.58",,,,,"reviewed","0","0","earthquake","M 0.1 - 28 km NNE of Spencer, Idaho","https://earthquake.usgs.gov/earthquakes/eventpage/mb90210043","https://earthquake.usgs.gov/fdsnws/event/1/query?eventid=mb90210043&format=geojson"
"ci41342775","2026-10-04T04:38:08Z","2026-10-04T00:38:08-04:00","2026-10-04T14:40:50Z","2.1","2.08","16 km WSW of Johannesburg, CA","35.3135","-117.797166666667","United States of America","6.8","6.8",,,,,"reviewed","0","67","earthquake","M 2.1 - 16 km WSW of Johannesburg, CA","https://earthquake.usgs.gov/earthquakes/eventpage/ci41342775","https://earthquake.usgs.gov/fdsnws/event/1/query?eventid=ci41342775&format=geojson"
"uw714115511","2026-10-04T04:34:11Z","2026-10-04T00:34:11-04:00","2026-10-05T18:15:09Z","1.0","0.45","38 km NNE of Amboy, Washington","46.2006666666667","-122.1865","United States of America","2.7","2.71",,,,,"reviewed","0","3","earthquake","M 0.5 - 38 km NNE of Amboy, Washington","https://earthquake.usgs.gov/earthquakes/eventpage/uw714115511","https://earthquake.usgs.gov/fdsnws/event/1/query?eventid=uw714115511&format=geojson"
"ci41342767","2026-10-04T04:17:02Z","2026-10-04T00:17:02-04:00","2026-10-04T14:08:33Z","1.0","0.59","8 km SSW of Idyllwild, CA","33.6731666666667","-116.761666666667","United States of America","12.4","12.4",,,,,"reviewed","0","5","earthquake","M 0.6 - 8 km SSW of Idyllwild, CA","https://earthquake.usgs.gov/earthquakes/eventpage/ci41342767","https://earthquake.usgs.gov/fdsnws/event/1/query?eventid=ci41342767&format=geojson"
"nc75443986","2026-10-04T04:14:48Z","2026-10-04T00:14:48-04:00","2026-10-04T04:16:26Z","1.1","1.06","3 km W of Cobb, CA","38.8256683349609","-122.762496948242","United States of America","1.6","1.63",,,,,"automatic","0","17","earthquake","M 1.1 - 3 km W of Cobb, CA","https://earthquake.usgs.gov/earthquakes/eventpage/nc75443986","https://earthquake.usgs.gov/fdsnws/event/1/query?eventid=nc75443986&format=geojson"
"tx2026tmxlrf","2026-10-04T03:32:22Z","2026-10-03T23:32:22-04:00","2026-10-05T08:54:21Z","1.6","1.6","36 km NW of Toyah, Texas","31.551","-104.055","United States of America","6.2","6.2024",,,,,"reviewed","0","39","earthquake","M 1.6 - 36 km NW of Toyah, Texas","https://earthquake.usgs.gov/earthquakes/eventpage/tx2026tmxlrf","https://earthquake.usgs.gov/fdsnws/event/1/query?eventid=tx2026tmxlrf&format=geojson"
"ci41342759","2026-10-04T03:27:44Z","2026-10-03T23:27:44-04:00","2026-10-04T14:08:12Z","1.0","0.81","16 km WSW of Johannesburg, CA","35.3093333333333","-117.792666666667","United States of America","5.9","5.94",,,,,"reviewed","0","10","earthquake","M 0.8 - 16 km WSW of Johannesburg, CA","https://earthquake.usgs.gov/earthquakes/eventpage/ci41342759","https://earthquake.usgs.gov/fdsnws/event/1/query?eventid=ci41342759&format=geojson"
"ci41342751","2026-10-04T03:17:40Z","2026-10-03T23:17:40-04:00","2026-10-04T14:08:29Z","1.0","0.66","9 km N of Claremont, CA","34.1778333333333","-117.722666666667","United States of America","6.6","6.6",,,,,"reviewed","0","7","earthquake","M 0.7 - 9 km N of Claremont, CA","https://earthquake.usgs.gov/earthquakes/eventpage/ci41342751","https://earthquake.usgs.gov/fdsnws/event/1/query?eventid=ci41342751&format=geojson"
"pr71535643","2026-10-04T03:14:44Z","2026-10-03T23:14:44-04:00","2026-10-04T04:27:25Z","2.5","2.51","5 km WSW of Guánica, Puerto Rico","17.9581666666667","-66.9531666666667","Puerto Rico","7.6","7.6",,,,,"reviewed","0","97","earthquake","M 2.5 - 5 km WSW of Guánica, Puerto Rico","https://earthquake.usgs.gov/earthquakes/eventpage/pr71535643","https://earthquake.usgs.gov/fdsnws/event/1/query?eventid=pr71535643&format=geojson"
"pr71535638","2026-10-04T03:10:56Z","2026-10-03T23:10:56-04:00","2026-10-04T04:41:22Z","3.3","3.25","64 km NNE of Cruz Bay, U.S. Virgin Islands","18.816","-64.4615","U.S. Virgin Islands","16.9","16.89",,,,,"reviewed","0","162","earthquake","M 3.3 - 64 km NNE of Cruz Bay, U.S. Virgin Islands","https://earthquake.usgs.gov/earthquakes/eventpage/pr71535638","https://earthquake.usgs.gov/fdsnws/event/1/query?eventid=pr71535638&format=geojson"
"pr71535613","2026-10-04T03:08:37Z","2026-10-03T23:08:37-04:00","2026-10-04T03:45:13Z","3.3","3.33","65 km NNE of Cruz Bay, U.S. Virgin Islands","18.8438333333333","-64.487","U.S. Virgin Islands","9.6","9.64",,,,,"reviewed","0","171","earthquake","M 3.3 - 65 km NNE of Cruz Bay, U.S. Virgin Islands","https://earthquake.usgs.gov/earthquakes/eventpage/pr71535613","https://earthquake.usgs.gov/fdsnws/event/1/query?eventid=pr71535613&format=geojson"
"us6000u0mv","2026-10-04T02:59:53Z","2026-10-03T22:59:53-04:00","2026-10-07T00:48:15Z","1.6","1.6","7 km S of Sebec, Maine","45.2009","-69.1287","United States of America","6.4","6.387",,,,,"reviewed","0","39","earthquake","M 1.6 - 7 km S of Sebec, Maine","https://earthquake.usgs.gov/earthquakes/eventpage/us6000u0mv","https://earthquake.usgs.gov/fdsnws/event/1/query?eventid=us6000u0mv&format=geojson"
"nc75443961","2026-10-04T02:49:33Z","2026-10-03T22:49:33-04:00","2026-10-04T02:51:09Z","1.0","1.04","3 km NW of The Geysers, CA","38.7953338623047","-122.774833679199","United States of America","3.1","3.12",,,,,"automatic","0","17","earthquake","M 1.0 - 3 km NW of The Geysers, CA","https://earthquake.usgs.gov/earthquakes/eventpage/nc75443961","https://earthquake.usgs.gov/fdsnws/event/1/query?eventid=nc75443961&format=geojson"
"nc75443956","2026-10-04T02:46:00Z","2026-10-03T22:46:00-04:00","2026-10-04T02:47:34Z","1.1","1.09","7 km W of Cobb, CA","38.8325004577637","-122.808502197266","United States of America","2.3","2.32",,,,,"automatic","0","18","earthquake","M 1.1 - 7 km W of Cobb, CA","https://earthquake.usgs.gov/earthquakes/eventpage/nc75443956","https://earthquake.usgs.gov/fdsnws/event/1/query?eventid=nc75443956&format=geojson"
"us6000u0mt","2026-10-04T02:23:29Z","2026-10-03T22:23:29-04:00","2026-10-07T00:39:13Z","1.5","1.5","2 km WSW of Jackson, Maine","44.6089","-69.147","United States of America","10.0","10.01",,,,,"reviewed","0","35","earthquake","M 1.5 - 2 km WSW of Jackson, Maine","https://earthquake.usgs.gov/earthquakes/eventpage/us6000u0mt","https://earthquake.usgs.gov/fdsnws/event/1/query?eventid=us6000u0mt&format=geojson"
"tx2026tmuwgn","2026-10-04T02:13:52Z","2026-10-03T22:13:52-04:00","2026-10-05T09:44:53Z","1.6","1.6","26 km SW of Jal, New Mexico","31.936","-103.385","United States of America","7.8","7.843",,,,,"reviewed","0","39","earthquake","M 1.6 - 26 km SW of Jal, New Mexico","https://earthquake.usgs.gov/earthquakes/eventpage/tx2026tmuwgn","https://earthquake.usgs.gov/fdsnws/event/1/query?eventid=tx2026tmuwgn&format=geojson"
"ok2026tkkx","2026-10-04T02:03:05Z","2026-10-03T22:03:05-04:00","2026-10-05T16:13:04Z","1.0","1.02","5 km ESE of Chickasha, Oklahoma","35.03","-97.879","United States of America","8.8","8.77",,,,,"reviewed","0","16","earthquake","M 1.0 - 5 km ESE of Chickasha, Oklahoma","https://earthquake.usgs.gov/earthquakes/eventpage/ok2026tkkx","https://earthquake.usgs.gov/fdsnws/event/1/query?eventid=ok2026tkkx&format=geojson"
"uw714115461","2026-10-04T02:01:38Z","2026-10-03T22:01:38-04:00","2026-10-05T18:03:05Z","-0.4","-0.35","23 km ENE of Ashford, Washington","46.856","-121.757666666667","United States of America","1.0","1.04",,,,,"reviewed","0","0","earthquake","M -0.4 - 23 km ENE of Ashford, Washington","https://earthquake.usgs.gov/earthquakes/eventpage/uw714115461","https://earthquake.usgs.gov/fdsnws/event/1/query?eventid=uw714115461&format=geojson"
"nc75443921","2026-10-04T02:01:08Z","2026-10-03T22:01:08-04:00","2026-10-04T02:32:21Z","1.9","1.93","14 km WSW of Almanor, CA","40.1766662597656","-121.337333679199","United States of America","4.4","4.43",,,,,"automatic","0","57","earthquake","M 1.9 - 14 km WSW of Almanor, CA","https://earthquake.usgs.gov/earthquakes/eventpage/nc75443921","https://earthquake.usgs.gov/fdsnws/event/1/query?eventid=nc75443921&format=geojson"
"ci41342743","2026-10-04T01:57:42Z","2026-10-03T21:57:42-04:00","2026-10-04T14:08:33Z","1.0","0.29","9 km WNW of Anza, CA","33.5878333333333","-116.758166666667","United States of America","12.3","12.31",,,,,"reviewed","0","1","earthquake","M 0.3 - 9 km WNW of Anza, CA","https://earthquake.usgs.gov/earthquakes/eventpage/ci41342743","https://earthquake.usgs.gov/fdsnws/event/1/query?eventid=ci41342743&format=geojson"
"pr71535603","2026-10-04T01:49:57Z","2026-10-03T21:49:57-04:00","2026-10-04T02:22:03Z","2.1","2.08","3 km WSW of Fuig, Puerto Rico","17.9803333333333","-66.9528333333333","Puerto Rico","5.0","4.95",,,,,"reviewed","0","67","earthquake","M 2.1 - 3 km WSW of Fuig, Puerto Rico","https://earthquake.usgs.gov/earthquakes/eventpage/pr71535603","https://earthquake.usgs.gov/fdsnws/event/1/query?eventid=pr71535603&format=geojson"
"tx2026tmtyrm","2026-10-04T01:46:34Z","2026-10-03T21:46:34-04:00","2026-10-06T10:15:52Z","1.2","1.2","19 km NNW of Goldsmith, Texas","32.148","-102.693","United States of America","8.2","8.1543",,,,,"reviewed","0","22","earthquake","M 1.2 - 19 km NNW of Goldsmith, Texas","https://earthquake.usgs.gov/earthquakes/eventpage/tx2026tmtyrm","https://earthquake.usgs.gov/fdsnws/event/1/query?eventid=tx2026tmtyrm&format=geojson"
"ok2026tkke","2026-10-04T01:40:34Z","2026-10-03T21:40:34-04:00","2026-10-05T13:32:32Z","1.0","1.01","6 km NE of Ninnekah, Oklahoma","34.982","-97.87033333","United States of America","7.6","7.62",,,,,"reviewed","0","16","earthquake","M 1.0 - 6 km NE of Ninnekah, Oklahoma","https://earthquake.usgs.gov/earthquakes/eventpage/ok2026tkke","https://earthquake.usgs.gov/fdsnws/event/1/query?eventid=ok2026tkke&format=geojson"
"tx2026tmtsvr","2026-10-04T01:39:37Z","2026-10-03T21:39:37-04:00","2026-10-05T08:44:41Z","1.7","1.7","27 km SW of Jal, New Mexico","31.929","-103.395","United States of America","6.6","6.6125",,,,,"reviewed","0","44","earthquake","M 1.7 - 27 km SW of Jal, New Mexico","https://earthquake.usgs.gov/earthquakes/eventpage/tx2026tmtsvr","https://earthquake.usgs.gov/fdsnws/event/1/query?eventid=tx2026tmtsvr&format=geojson"
"tx2026tmtopz","2026-10-04T01:34:49Z","2026-10-03T21:34:49-04:00","2026-10-05T08:36:52Z","2.2","2.2","28 km SW of Jal, New Mexico","31.927","-103.398","United States of America","5.9","5.946",,,,,"reviewed","0","74","earthquake","M 2.2 - 28 km SW of Jal, New Mexico","https://earthquake.usgs.gov/earthquakes/eventpage/tx2026tmtopz","https://earthquake.usgs.gov/fdsnws/event/1/query?eventid=tx2026tmtopz&format=geojson"
"nc75443906","2026-10-04T01:32:04Z","2026-10-03T21:32:04-04:00","2026-10-04T01:33:40Z","1.0","0.69","5 km WNW of Cobb, CA","38.835334777832","-122.783332824707","United States of America","1.9","1.92",,,,,"automatic","0","7","earthquake","M 0.7 - 5 km WNW of Cobb, CA","https://earthquake.usgs.gov/earthquakes/eventpage/nc75443906","https://earthquake.usgs.gov/fdsnws/event/1/query?eventid=nc75443906&format=geojson"
"nc75443881","2026-10-04T01:14:22Z","2026-10-03T21:14:22-04:00","2026-10-04T01:16:00Z","1.0","0.23","3 km NNW of The Geysers, CA","38.7988319396973","-122.768836975098","United States of America","3.8","3.78",,,,,"automatic","0","1","earthquake","M 0.2 - 3 km NNW of The Geysers, CA","https://earthquake.usgs.gov/earthquakes/eventpage/nc75443881","https://earthquake.usgs.gov/fdsnws/event/1/query?eventid=nc75443881&format=geojson"
"nc75443871","2026-10-04T01:10:25Z","2026-10-03T21:10:25-04:00","2026-10-04T01:12:01Z","1.1","1.08","7 km NW of The Geysers, CA","38.8269996643066","-122.809501647949","United States of America","1.6","1.62",,,,,"automatic","0","18","earthquake","M 1.1 - 7 km NW of The Geysers, CA","https://earthquake.usgs.gov/earthquakes/eventpage/nc75443871","https://earthquake.usgs.gov/fdsnws/event/1/query?eventid=nc75443871&format=geojson"
"ci41342735","2026-10-04T01:04:14Z","2026-10-03T21:04:14-04:00","2026-10-04T14:08:45Z","1.0","0.42","14 km ENE of Ridgecrest, CA","35.6733333333333","-117.536666666667","United States of America","4.9","4.88",,,,,"reviewed","0","3","earthquake","M 0.4 - 14 km ENE of Ridgecrest, CA","https://earthquake.usgs.gov/earthquakes/eventpage/ci41342735","https://earthquake.usgs.gov/fdsnws/event/1/query?eventid=ci41342735&format=geojson"
"tx2026tmsgeb","2026-10-04T00:54:49Z","2026-10-03T20:54:49-04:00","2026-10-06T10:42:14Z","1.2","1.2","11 km SSW of Jal, New Mexico","32.016","-103.234","United States of America","5.6","5.6128",,,,,"reviewed","0","22","earthquake","M 1.2 - 11 km SSW of Jal, New Mexico","https://earthquake.usgs.gov/earthquakes/eventpage/tx2026tmsgeb","https://earthquake.usgs.gov/fdsnws/event/1/query?eventid=tx2026tmsgeb&format=geojson"
"ci41342719","2026-10-04T00:31:28Z","2026-10-03T20:31:28-04:00","2026-10-04T15:56:45Z","1.7","1.69","16 km WSW of Johannesburg, CA","35.3113333333333","-117.799333333333","United States of America","6.4","6.4",,,,,"reviewed","0","44","earthquake","M 1.7 - 16 km WSW of Johannesburg, CA","https://earthquake.usgs.gov/earthquakes/eventpage/ci41342719","https://earthquake.usgs.gov/fdsnws/event/1/query?eventid=ci41342719&format=geojson"
"ci41342711","2026-10-04T00:30:36Z","2026-10-03T20:30:36-04:00","2026-10-04T14:40:38Z","1.0","0.23","12 km W of Anza, CA","33.5666666666667","-116.806","United States of America","5.4","5.4",,,,,"reviewed","0","1","earthquake","M 0.2 - 12 km W of Anza, CA","https://earthquake.usgs.gov/earthquakes/eventpage/ci41342711","https://earthquake.usgs.gov/fdsnws/event/1/query?eventid=ci41342711&format=geojson"
"tx2026tmrhhc","2026-10-04T00:26:07Z","2026-10-03T20:26:07-04:00","2026-10-06T10:22:14Z","1.0","0.9","12 km SSW of Jal, New Mexico","32.004","-103.234","United States of America","5.9","5.9326",,,,,"reviewed","0","12","earthquake","M 0.9 - 12 km SSW of Jal, New Mexico","https://earthquake.usgs.gov/earthquakes/eventpage/tx2026tmrhhc","https://earthquake.usgs.gov/fdsnws/event/1/query?eventid=tx2026tmrhhc&format=geojson"
"ci41342703","2026-10-04T00:14:12Z","2026-10-03T20:14:12-04:00","2026-10-04T14:11:48Z","1.0","0.85","18 km ESE of Julian, CA","33.0328333333333","-116.415","United States of America","8.9","8.87",,,,,"reviewed","0","11","earthquake","M 0.9 - 18 km ESE of Julian, CA","https://earthquake.usgs.gov/earthquakes/eventpage/ci41342703","https://earthquake.usgs.gov/fdsnws/event/1/query?eventid=ci41342703&format=geojson"
"ci41342695","2026-10-04T00:00:09Z","2026-10-03T20:00:09-04:00","2026-10-04T14:12:19Z","1.0","0.79","5 km NW of Rialto, CA","34.1398333333333","-117.401666666667","United States of America","6.8","6.79",,,,,"reviewed","0","10","earthquake","M 0.8 - 5 km NW of Rialto, CA","https://earthquake.usgs.gov/earthquakes/eventpage/ci41342695","https://earthquake.usgs.gov/fdsnws/event/1/query?eventid=ci41342695&format=geojson"
"uw714115431","2026-10-03T23:46:48Z","2026-10-03T19:46:48-04:00","2026-10-05T17:48:11Z","-0.1","-0.13","23 km ENE of Ashford, Washington","46.8536666666667","-121.76","United States of America","0.4","0.37",,,,,"reviewed","0","0","earthquake","M -0.1 - 23 km ENE of Ashford, Washington","https://earthquake.usgs.gov/earthquakes/eventpage/uw714115431","https://earthquake.usgs.gov/fdsnws/event/1/query?eventid=uw714115431&format=geojson"
"ci41342679","2026-10-03T23:40:14Z","2026-10-03T19:40:14-04:00","2026-10-04T14:13:36Z","1.0","0.76","10 km ENE of Coso Junction, CA","36.0723333333333","-117.843333333333","United States of America","2.7","2.68",,,,,"reviewed","0","9","earthquake","M 0.8 - 10 km ENE of Coso Junction, CA","https://earthquake.usgs.gov/earthquakes/eventpage/ci41342679","https://earthquake.usgs.gov/fdsnws/event/1/query?eventid=ci41342679&format=geojson"
"ci41342671","2026-10-03T23:29:07Z","2026-10-03T19:29:07-04:00","2026-10-04T14:14:07Z","1.1","1.05","20 km E of Julian, CA","33.0568333333333","-116.3905","United States of America","13.2","13.22",,,,,"reviewed","0","17","earthquake","M 1.1 - 20 km E of Julian, CA","https://earthquake.usgs.gov/earthquakes/eventpage/ci41342671","https://earthquake.usgs.gov/fdsnws/event/1/query?eventid=ci41342671&format=geojson"
"tx2026tmpdyi","2026-10-03T23:23:39Z","2026-10-03T19:23:39-04:00","2026-10-05T16:50:05Z","1.7","1.7","55 km SSW of Whites City, New Mexico","31.696","-104.544","United States of America","5.2","5.2283",,,,,"reviewed","0","44","earthquake","M 1.7 - 55 km SSW of Whites City, New Mexico","https://earthquake.usgs.gov/earthquakes/eventpage/tx2026tmpdyi","https://earthquake.usgs.gov/fdsnws/event/1/query?eventid=tx2026tmpdyi&format=geojson"
"nc75443846","2026-10-03T23:18:44Z","2026-10-03T19:18:44-04:00","2026-10-03T23:20:23Z","1.0","0.68","8 km WNW of Cobb, CA","38.8361663818359","-122.812164306641","United States of America","1.7","1.72",,,,,"automatic","0","7","earthquake","M 0.7 - 8 km WNW of Cobb, CA","https://earthquake.usgs.gov/earthquakes/eventpage/nc75443846","https://earthquake.usgs.gov/fdsnws/event/1/query?eventid=nc75443846&format=geojson"
"nc75443826","2026-10-03T22:47:19Z","2026-10-03T18:47:19-04:00","2026-10-03T22:48:58Z","1.0","1.03","12 km SE of Livermore, CA","37.6023330688477","-121.675331115723","United States of America","0.4","0.41",,,,,"automatic","0","16","earthquake","M 1.0 - 12 km SE of Livermore, CA","https://earthquake.usgs.gov/earthquakes/eventpage/nc75443826","https://earthquake.usgs.gov/fdsnws/event/1/query?eventid=nc75443826&format=geojson"
"ok2026tkee","2026-10-03T22:38:41Z","2026-10-03T18:38:41-04:00","2026-10-05T14:54:23Z","1.0","0.97","4 km N of Tatums, Oklahoma","34.52216667","-97.47083333","United States of America","4.4","4.44",,,,,"reviewed","0","14","earthquake","M 1.0 - 4 km N of Tatums, Oklahoma","https://earthquake.usgs.gov/earthquakes/eventpage/ok2026tkee","https://earthquake.usgs.gov/fdsnws/event/1/query?eventid=ok2026tkee&format=geojson"
"nn00925236","2026-10-03T22:24:04Z","2026-10-03T18:24:04-04:00","2026-10-03T22:26:36Z","1.6","1.58","79 km NE of Tonopah, Nevada","38.4801","-116.4856","United States of America","9.1","9.0929",,,,,"automatic","0","38","earthquake","M 1.6 - 79 km NE of Tonopah, Nevada","https://earthquake.usgs.gov/earthquakes/eventpage/nn00925236","https://earthquake.usgs.gov/fdsnws/event/1/query?eventid=nn00925236&format=geojson"
"uu80008153","2026-10-03T22:17:28Z","2026-10-03T18:17:28-04:00","2026-10-05T17:16:25Z","1.7","1.66","15 km WSW of Panguitch, Utah","37.7521666666667","-112.592166666667","United States of America","8.3","8.27",,,,,"reviewed","0","42","earthquake","M 1.7 - 15 km WSW of Panguitch, Utah","https://earthquake.usgs.gov/earthquakes/eventpage/uu80008153","https://earthquake.usgs.gov/fdsnws/event/1/query?eventid=uu80008153&format=geojson"
"nc75443796","2026-10-03T22:15:15Z","2026-10-03T18:15:15-04:00","2026-10-03T22:16:52Z","1.2","1.22","7 km NW of The Geysers, CA","38.813835144043","-122.818000793457","United States of America","1.6","1.64",,,,,"automatic","0","23","earthquake","M 1.2 - 7 km NW of The Geysers, CA","https://earthquake.usgs.gov/earthquakes/eventpage/nc75443796","https://earthquake.usgs.gov/fdsnws/event/1/query?eventid=nc75443796&format=geojson"
"tx2026tmmxgs","2026-10-03T22:13:39Z","2026-10-03T18:13:39-04:00","2026-10-05T16:52:57Z","1.7","1.7","43 km NW of Toyah, Texas","31.613","-104.093","United States of America","7.0","6.9586",,,,,"reviewed","0","44","earthquake","M 1.7 - 43 km NW of Toyah, Texas","https://earthquake.usgs.gov/earthquakes/eventpage/tx2026tmmxgs","https://earthquake.usgs.gov/fdsnws/event/1/query?eventid=tx2026tmmxgs&format=geojson"
"ci41342663","2026-10-03T22:11:00Z","2026-10-03T18:11:00-04:00","2026-10-04T14:40:35Z","1.0","0.69","15 km NE of Little Lake, CA","36.0233333333333","-117.778","United States of America","1.3","1.27",,,,,"reviewed","0","7","earthquake","M 0.7 - 15 km NE of Little Lake, CA","https://earthquake.usgs.gov/earthquakes/eventpage/ci41342663","https://earthquake.usgs.gov/fdsnws/event/1/query?eventid=ci41342663&format=geojson"
"tx2026tmmsdt","2026-10-03T22:07:42Z","2026-10-03T18:07:42-04:00","2026-10-06T20:41:54Z","1.0","0.9","17 km SSE of Ackerly, Texas","32.381","-101.654","United States of America","6.1","6.0791",,,,,"reviewed","0","12","earthquake","M 0.9 - 17 km SSE of Ackerly, Texas","https://earthquake.usgs.gov/earthquakes/eventpage/tx2026tmmsdt","https://earthquake.usgs.gov/fdsnws/event/1/query?eventid=tx2026tmmsdt&format=geojson"
"uu80008148","2026-10-03T22:04:51Z","2026-10-03T18:04:51-04:00","2026-10-05T17:00:54Z","1.7","1.69","15 km WNW of Paris, Idaho","42.2791666666667","-111.575666666667","United States of America","8.9","8.89",,,,,"reviewed","0","44","earthquake","M 1.7 - 15 km WNW of Paris, Idaho","https://earthquake.usgs.gov/earthquakes/eventpage/uu80008148","https://earthquake.usgs.gov/fdsnws/event/1/query?eventid=uu80008148&format=geojson"
"uw714115411","2026-10-03T21:33:05Z","2026-10-03T17:33:05-04:00","2026-10-05T18:09:36Z","2.0","1.99","13 km S of Princeton, Canada","49.3396666666667","-120.485","Canada","-0.4","-0.36",,,,,"reviewed","0","61","explosion","M 2.0 Explosion - 13 km S of Princeton, Canada","https://earthquake.usgs.gov/earthquakes/eventpage/uw714115411","https://earthquake.usgs.gov/fdsnws/event/1/query?eventid=uw714115411&format=geojson"
"ci41342655","2026-10-03T21:28:54Z","2026-10-03T17:28:54-04:00","2026-10-04T14:15:09Z","1.0","0.52","24 km W of Inyokern, CA","35.6591666666667","-118.079","United States of America","1.9","1.88",,,,,"reviewed","0","4","earthquake","M 0.5 - 24 km W of Inyokern, CA","https://earthquake.usgs.gov/earthquakes/eventpage/ci41342655","https://earthquake.usgs.gov/fdsnws/event/1/query?eventid=ci41342655&format=geojson"
"ci41342647","2026-10-03T21:27:42Z","2026-10-03T17:27:42-04:00","2026-10-04T14:15:14Z","1.0","0.84","24 km W of Inyokern, CA","35.6586666666667","-118.0805","United States of America","1.9","1.88",,,,,"reviewed","0","11","earthquake","M 0.8 - 24 km W of Inyokern, CA","https://earthquake.usgs.gov/earthquakes/eventpage/ci41342647","https://earthquake.usgs.gov/fdsnws/event/1/query?eventid=ci41342647&format=geojson"
"nc75443706","2026-10-03T21:27:38Z","2026-10-03T17:27:38-04:00","2026-10-03T22:32:24Z","1.5","1.47","8 km ESE of Cloverdale, CA","38.7788314819336","-122.935165405273","United States of America","6.4","6.44",,,,,"automatic","0","33","earthquake","M 1.5 - 8 km ESE of Cloverdale, CA","https://earthquake.usgs.gov/earthquakes/eventpage/nc75443706","https://earthquake.usgs.gov/fdsnws/event/1/query?eventid=nc75443706&format=geojson"
"nc75443696","2026-10-03T21:19:05Z","2026-10-03T17:19:05-04:00","2026-10-03T21:20:43Z","1.1","1.09","6 km W of Cobb, CA","38.8253326416016","-122.794830322266","United States of America","2.8","2.78",,,,,"automatic","0","18","earthquake","M 1.1 - 6 km W of Cobb, CA","https://earthquake.usgs.gov/earthquakes/eventpage/nc75443696","https://earthquake.usgs.gov/fdsnws/event/1/query?eventid=nc75443696&format=geojson"
"nc75443691","2026-10-03T21:13:09Z","2026-10-03T17:13:09-04:00","2026-10-03T22:07:20Z","1.3","1.31","8 km ESE of Cloverdale, CA","38.7755012512207","-122.937835693359","United States of America","6.2","6.19",,,,,"automatic","0","26","earthquake","M 1.3 - 8 km ESE of Cloverdale, CA","https://earthquake.usgs.gov/earthquakes/eventpage/nc75443691","https://earthquake.usgs.gov/fdsnws/event/1/query?eventid=nc75443691&format=geojson"
"tx2026tmkezz","2026-10-03T20:52:05Z","2026-10-03T16:52:05-04:00","2026-10-05T15:14:39Z","1.9","1.9","59 km S of Whites City, New Mexico","31.65","-104.277","United States of America","7.4","7.4329",,,,,"reviewed","0","56","earthquake","M 1.9 - 59 km S of Whites City, New Mexico","https://earthquake.usgs.gov/earthquakes/eventpage/tx2026tmkezz","https://earthquake.usgs.gov/fdsnws/event/1/query?eventid=tx2026tmkezz&format=geojson"
"nc75443681","2026-10-03T20:48:15Z","2026-10-03T16:48:15-04:00","2026-10-03T21:37:27Z","1.8","1.82","6 km NNW of The Geysers, CA","38.8233337402344","-122.795501708984","United States of America","2.7","2.7",,,,,"automatic","0","51","earthquake","M 1.8 - 6 km NNW of The Geysers, CA","https://earthquake.usgs.gov/earthquakes/eventpage/nc75443681","https://earthquake.usgs.gov/fdsnws/event/1/query?eventid=nc75443681&format=geojson"
"tx2026tmkahp","2026-10-03T20:46:39Z","2026-10-03T16:46:39-04:00","2026-10-05T16:57:28Z","2.5","2.5","58 km S of Whites City, New Mexico","31.655","-104.283","United States of America","7.8","7.843",,,,,"reviewed","0","96","earthquake","M 2.5 - 58 km S of Whites City, New Mexico","https://earthquake.usgs.gov/earthquakes/eventpage/tx2026tmkahp","https://earthquake.usgs.gov/fdsnws/event/1/query?eventid=tx2026tmkahp&format=geojson"
"nc75443676","2026-10-03T20:45:59Z","2026-10-03T16:45:59-04:00","2026-10-03T21:07:20Z","2.4","2.4","9 km E of Alum Rock, CA","37.359001159668","-121.720336914062","United States of America","5.6","5.59",,,,,"automatic","0","89","earthquake","M 2.4 - 9 km E of Alum Rock, CA","https://earthquake.usgs.gov/earthquakes/eventpage/nc75443676","https://earthquake.usgs.gov/fdsnws/event/1/query?eventid=nc75443676&format=geojson"
"tx2026tmjyno","2026-10-03T20:45:19Z","2026-10-03T16:45:19-04:00","2026-10-05T16:58:04Z","1.7","1.7","57 km S of Whites City, New Mexico","31.656","-104.362","United States of America","6.8","6.8433",,,,,"reviewed","0","44","earthquake","M 1.7 - 57 km S of Whites City, New Mexico","https://earthquake.usgs.gov/earthquakes/eventpage/tx2026tmjyno","https://earthquake.usgs.gov/fdsnws/event/1/query?eventid=tx2026tmjyno&format=geojson"
"tx2026tmjpcl","2026-10-03T20:36:33Z","2026-10-03T16:36:33-04:00","2026-10-05T17:04:30Z","2.0","2","57 km S of Whites City, New Mexico","31.661","-104.466","United States of America","4.5","4.5105",,,,,"reviewed","0","62","earthquake","M 2.0 - 57 km S of Whites City, New Mexico","https://earthquake.usgs.gov/earthquakes/eventpage/tx2026tmjpcl","https://earthquake.usgs.gov/fdsnws/event/1/query?eventid=tx2026tmjpcl&format=geojson"
"nc75443661","2026-10-03T20:20:34Z","2026-10-03T16:20:34-04:00","2026-10-03T20:22:12Z","1.0","0.48","5 km NW of The Geysers, CA","38.8133316040039","-122.789329528809","United States of America","3.2","3.17",,,,,"automatic","0","4","earthquake","M 0.5 - 5 km NW of The Geysers, CA","https://earthquake.usgs.gov/earthquakes/eventpage/nc75443661","https://earthquake.usgs.gov/fdsnws/event/1/query?eventid=nc75443661&format=geojson"
"tx2026tmiyfx","2026-10-03T20:14:05Z","2026-10-03T16:14:05-04:00","2026-10-06T17:08:24Z","1.2","1.2","40 km ESE of Malaga, New Mexico","32.08","-103.673","United States of America","8.9","8.8684",,,,,"reviewed","0","22","earthquake","M 1.2 - 40 km ESE of Malaga, New Mexico","https://earthquake.usgs.gov/earthquakes/eventpage/tx2026tmiyfx","https://earthquake.usgs.gov/fdsnws/event/1/query?eventid=tx2026tmiyfx&format=geojson"
"tx2026tmitvt","2026-10-03T20:09:29Z","2026-10-03T16:09:29-04:00","2026-10-05T17:08:36Z","1.6","1.6","59 km S of Whites City, New Mexico","31.649","-104.279","United States of America","7.4","7.4329",,,,,"reviewed","0","39","earthquake","M 1.6 - 59 km S of Whites City, New Mexico","https://earthquake.usgs.gov/earthquakes/eventpage/tx2026tmitvt","https://earthquake.usgs.gov/fdsnws/event/1/query?eventid=tx2026tmitvt&format=geojson"
"ci41342631","2026-10-03T20:09:07Z","2026-10-03T16:09:07-04:00","2026-10-04T14:15:25Z","1.0","1","10 km WSW of Corona, CA","33.8218333333333","-117.658166666667","United States of America","6.9","6.93",,,,,"reviewed","0","15","earthquake","M 1.0 - 10 km WSW of Corona, CA","https://earthquake.usgs.gov/earthquakes/eventpage/ci41342631","https://earthquake.usgs.gov/fdsnws/event/1/query?eventid=ci41342631&format=geojson"
"tx2026tmiqax","2026-10-03T20:04:34Z","2026-10-03T16:04:34-04:00","2026-10-05T17:12:29Z","1.5","1.5","58 km NW of Toyah, Texas","31.651","-104.273","United States of America","7.6","7.6379",,,,,"reviewed","0","35","earthquake","M 1.5 - 58 km NW of Toyah, Texas","https://earthquake.usgs.gov/earthquakes/eventpage/tx2026tmiqax","https://earthquake.usgs.gov/fdsnws/event/1/query?eventid=tx2026tmiqax&format=geojson"
"tx2026tmihny","2026-10-03T19:54:42Z","2026-10-03T15:54:42-04:00","2026-10-05T17:19:27Z","1.0","0.7","21 km SSE of Midland, Texas","31.821","-101.995","United States of America","4.1","4.126",,,,,"reviewed","0","8","earthquake","M 0.7 - 21 km SSE of Midland, Texas","https://earthquake.usgs.gov/earthquakes/eventpage/tx2026tmihny","https://earthquake.usgs.gov/fdsnws/event/1/query?eventid=tx2026tmihny&format=geojson"
"ci41342615","2026-10-03T19:52:05Z","2026-10-03T15:52:05-04:00","2026-10-04T14:40:55Z","1.7","1.74","6 km SE of Ontario, CA","34.0175","-117.582166666667","United States of America","4.7","4.66",,,,,"reviewed","0","47","earthquake","M 1.7 - 6 km SE of Ontario, CA","https://earthquake.usgs.gov/earthquakes/eventpage/ci41342615","https://earthquake.usgs.gov/fdsnws/event/1/query?eventid=ci41342615&format=geojson"
"ci41342623","2026-10-03T19:52:05Z","2026-10-03T15:52:05-04:00","2026-10-04T14:41:01Z","1.9","1.87","6 km SE of Ontario, CA","34.015","-117.585333333333","United States of America","5.1","5.1",,,,,"reviewed","0","54","earthquake","M 1.9 - 6 km SE of Ontario, CA","https://earthquake.usgs.gov/earthquakes/eventpage/ci41342623","https://earthquake.usgs.gov/fdsnws/event/1/query?eventid=ci41342623&format=geojson"
"uu80158456","2026-10-03T19:47:07Z","2026-10-03T15:47:07-04:00","2026-10-05T16:39:54Z","1.9","1.93","9 km SSW of Kanosh, Utah","38.7168333333333","-112.4665","United States of America","9.9","9.88",,,,,"reviewed","0","57","earthquake","M 1.9 - 9 km SSW of Kanosh, Utah","https://earthquake.usgs.gov/earthquakes/eventpage/uu80158456","https://earthquake.usgs.gov/fdsnws/event/1/query?eventid=uu80158456&format=geojson"
"ci41342607","2026-10-03T19:42:04Z","2026-10-03T15:42:04-04:00","2026-10-04T14:22:13Z","1.0","0.82","16 km ESE of Anza, CA","33.5151666666667","-116.505833333333","United States of America","10.9","10.89",,,,,"reviewed","0","10","earthquake","M 0.8 - 16 km ESE of Anza, CA","https://earthquake.usgs.gov/earthquakes/eventpage/ci41342607","https://earthquake.usgs.gov/fdsnws/event/1/query?eventid=ci41342607&format=geojson"
"ok2026tjyh","2026-10-03T19:40:43Z","2026-10-03T15:40:43-04:00","2026-10-05T14:48:41Z","1.0","0.69","3 km N of Alex, Oklahoma","34.94916667","-97.772","United States of America","9.2","9.16",,,,,"reviewed","0","7","earthquake","M 0.7 - 3 km N of Alex, Oklahoma","https://earthquake.usgs.gov/earthquakes/eventpage/ok2026tjyh","https://earthquake.usgs.gov/fdsnws/event/1/query?eventid=ok2026tjyh&format=geojson"
"uu80158451","2026-10-03T19:29:40Z","2026-10-03T15:29:40-04:00","2026-10-05T14:01:55Z","1.1","1.13","4 km ENE of Huntsville, Utah","41.2728333333333","-111.716166666667","United States of America","12.3","12.34",,,,,"reviewed","0","20","earthquake","M 1.1 - 4 km ENE of Huntsville, Utah","https://earthquake.usgs.gov/earthquakes/eventpage/uu80158451","https://earthquake.usgs.gov/fdsnws/event/1/query?eventid=uu80158451&format=geojson"
"uu80158446","2026-10-03T19:27:39Z","2026-10-03T15:27:39-04:00","2026-10-05T16:25:49Z","1.0","0.92","14 km NE of Milford, Utah","38.4935","-112.898333333333","United States of America","4.6","4.61",,,,,"reviewed","0","13","earthquake","M 0.9 - 14 km NE of Milford, Utah","https://earthquake.usgs.gov/earthquakes/eventpage/uu80158446","https://earthquake.usgs.gov/fdsnws/event/1/query?eventid=uu80158446&format=geojson"
"ci41342591","2026-10-03T19:24:43Z","2026-10-03T15:24:43-04:00","2026-10-04T14:22:29Z","1.0","0.49","14 km NE of Ridgecrest, CA","35.7135","-117.564666666667","United States of America","1.9","1.91",,,,,"reviewed","0","4","earthquake","M 0.5 - 14 km NE of Ridgecrest, CA","https://earthquake.usgs.gov/earthquakes/eventpage/ci41342591","https://earthquake.usgs.gov/fdsnws/event/1/query?eventid=ci41342591&format=geojson"
"ci41342583","2026-10-03T19:23:10Z","2026-10-03T15:23:10-04:00","2026-10-04T14:24:16Z","1.0","0.55","15 km WSW of Searles Valley, CA","35.7205","-117.558833333333","United States of America","1.6","1.6",,,,,"reviewed","0","5","earthquake","M 0.6 - 15 km WSW of Searles Valley, CA","https://earthquake.usgs.gov/earthquakes/eventpage/ci41342583","https://earthquake.usgs.gov/fdsnws/event/1/query?eventid=ci41342583&format=geojson"
