"id","time_utc","time_et","updated_utc","magnitude","magnitude_raw","place","latitude","longitude","country","depth_km","depth_km_raw","felt_reports","cdi","mmi","alert","status","tsunami","significance","event_type","title","detail_url","detail_api"
"ci41342239","2026-10-02T18:38:08Z","2026-10-02T14:38:08-04:00","2026-10-02T18:41:38Z","1.0","1.01","8 km ESE of Valle Vista, CA","33.7115","-116.819666666667","United States of America","16.6","16.57",,,,,"automatic","0","16","earthquake","M 1.0 - 8 km ESE of Valle Vista, CA","https://earthquake.usgs.gov/earthquakes/eventpage/ci41342239","https://earthquake.usgs.gov/fdsnws/event/1/query?eventid=ci41342239&format=geojson"
"ci41342231","2026-10-02T18:37:12Z","2026-10-02T14:37:12-04:00","2026-10-02T18:40:38Z","1.0","0.47","4 km E of Anza, CA","33.5541666666667","-116.631666666667","United States of America","13.0","12.98",,,,,"automatic","0","3","earthquake","M 0.5 - 4 km E of Anza, CA","https://earthquake.usgs.gov/earthquakes/eventpage/ci41342231","https://earthquake.usgs.gov/fdsnws/event/1/query?eventid=ci41342231&format=geojson"
"nc75442936","2026-10-02T18:18:42Z","2026-10-02T14:18:42-04:00","2026-10-02T18:20:19Z","1.0","0.98","7 km NW of The Geysers, CA","38.8143348693848","-122.814666748047","United States of America","2.9","2.92",,,,,"automatic","0","15","earthquake","M 1.0 - 7 km NW of The Geysers, CA","https://earthquake.usgs.gov/earthquakes/eventpage/nc75442936","https://earthquake.usgs.gov/fdsnws/event/1/query?eventid=nc75442936&format=geojson"
"nc75442911","2026-10-02T17:20:15Z","2026-10-02T13:20:15-04:00","2026-10-02T17:57:20Z","1.1","1.12","7 km NW of The Geysers, CA","38.8273315429688","-122.814331054688","United States of America","2.2","2.2",,,,,"automatic","0","19","earthquake","M 1.1 - 7 km NW of The Geysers, CA","https://earthquake.usgs.gov/earthquakes/eventpage/nc75442911","https://earthquake.usgs.gov/fdsnws/event/1/query?eventid=nc75442911&format=geojson"
"uw714114621","2026-10-02T17:14:51Z","2026-10-02T13:14:51-04:00","2026-10-02T18:39:03Z","1.8","1.78","8 km S of Princeton, Canada","49.3823333333333","-120.500666666667","Canada","-0.4","-0.36",,,,,"reviewed","0","49","explosion","M 1.8 Explosion - 8 km S of Princeton, Canada","https://earthquake.usgs.gov/earthquakes/eventpage/uw714114621","https://earthquake.usgs.gov/fdsnws/event/1/query?eventid=uw714114621&format=geojson"
"ci41342199","2026-10-02T17:14:15Z","2026-10-02T13:14:15-04:00","2026-10-02T17:17:43Z","1.1","1.12","24 km SW of Pine Mountain Club, CA","34.7218333333333","-119.367166666667","United States of America","7.2","7.15",,,,,"automatic","0","19","earthquake","M 1.1 - 24 km SW of Pine Mountain Club, CA","https://earthquake.usgs.gov/earthquakes/eventpage/ci41342199","https://earthquake.usgs.gov/fdsnws/event/1/query?eventid=ci41342199&format=geojson"
"ci41342191","2026-10-02T17:05:02Z","2026-10-02T13:05:02-04:00","2026-10-02T18:21:58Z","1.4","1.41","7 km N of Big Bear City, CA","34.3275","-116.838166666667","United States of America","3.4","3.4",,,,,"reviewed","0","31","earthquake","M 1.4 - 7 km N of Big Bear City, CA","https://earthquake.usgs.gov/earthquakes/eventpage/ci41342191","https://earthquake.usgs.gov/fdsnws/event/1/query?eventid=ci41342191&format=geojson"
"ci41342183","2026-10-02T16:53:43Z","2026-10-02T12:53:43-04:00","2026-10-02T16:57:05Z","1.0","0.26","15 km SSE of Anza, CA","33.4211666666667","-116.641","United States of America","6.4","6.4",,,,,"automatic","0","1","earthquake","M 0.3 - 15 km SSE of Anza, CA","https://earthquake.usgs.gov/earthquakes/eventpage/ci41342183","https://earthquake.usgs.gov/fdsnws/event/1/query?eventid=ci41342183&format=geojson"
"nc75442896","2026-10-02T16:49:52Z","2026-10-02T12:49:52-04:00","2026-10-02T16:51:29Z","1.0","1.04","8 km ESE of Cloverdale, CA","38.7773323059082","-122.93766784668","United States of America","4.0","3.99",,,,,"automatic","0","17","earthquake","M 1.0 - 8 km ESE of Cloverdale, CA","https://earthquake.usgs.gov/earthquakes/eventpage/nc75442896","https://earthquake.usgs.gov/fdsnws/event/1/query?eventid=nc75442896&format=geojson"
"nc75442881","2026-10-02T16:41:46Z","2026-10-02T12:41:46-04:00","2026-10-02T16:43:23Z","1.0","0.38","9 km NW of The Geysers, CA","38.8246650695801","-122.846664428711","United States of America","2.0","2.02",,,,,"automatic","0","2","earthquake","M 0.4 - 9 km NW of The Geysers, CA","https://earthquake.usgs.gov/earthquakes/eventpage/nc75442881","https://earthquake.usgs.gov/fdsnws/event/1/query?eventid=nc75442881&format=geojson"
"pr71535373","2026-10-02T16:32:13Z","2026-10-02T12:32:13-04:00","2026-10-02T16:54:17Z","2.2","2.16","0 km SSW of Maria Antonia, Puerto Rico","17.9726666666667","-66.8928333333333","Puerto Rico","16.1","16.12",,,,,"reviewed","0","72","earthquake","M 2.2 - 0 km SSW of Maria Antonia, Puerto Rico","https://earthquake.usgs.gov/earthquakes/eventpage/pr71535373","https://earthquake.usgs.gov/fdsnws/event/1/query?eventid=pr71535373&format=geojson"
"uw714114581","2026-10-02T16:26:46Z","2026-10-02T12:26:46-04:00","2026-10-02T18:34:52Z","1.0","0.89","2 km SW of Ashford, Washington","46.743","-122.048166666667","United States of America","8.0","8.02",,,,,"reviewed","0","12","earthquake","M 0.9 - 2 km SW of Ashford, Washington","https://earthquake.usgs.gov/earthquakes/eventpage/uw714114581","https://earthquake.usgs.gov/fdsnws/event/1/query?eventid=uw714114581&format=geojson"
"ci41342167","2026-10-02T16:09:59Z","2026-10-02T12:09:59-04:00","2026-10-02T16:13:20Z","1.0","0.79","21 km W of Searles Valley, CA","35.8028333333333","-117.6285","United States of America","6.3","6.31",,,,,"automatic","0","10","earthquake","M 0.8 - 21 km W of Searles Valley, CA","https://earthquake.usgs.gov/earthquakes/eventpage/ci41342167","https://earthquake.usgs.gov/fdsnws/event/1/query?eventid=ci41342167&format=geojson"
"pr71535363","2026-10-02T16:06:25Z","2026-10-02T12:06:25-04:00","2026-10-02T16:24:07Z","2.3","2.27","5 km WSW of Guánica, Puerto Rico","17.9538333333333","-66.9526666666667","Puerto Rico","8.0","7.99",,,,,"reviewed","0","79","earthquake","M 2.3 - 5 km WSW of Guánica, Puerto Rico","https://earthquake.usgs.gov/earthquakes/eventpage/pr71535363","https://earthquake.usgs.gov/fdsnws/event/1/query?eventid=pr71535363&format=geojson"
"ci41342159","2026-10-02T16:01:22Z","2026-10-02T12:01:22-04:00","2026-10-02T16:04:48Z","1.0","0.84","21 km ESE of Anza, CA","33.5133333333333","-116.454","United States of America","2.5","2.5",,,,,"automatic","0","11","earthquake","M 0.8 - 21 km ESE of Anza, CA","https://earthquake.usgs.gov/earthquakes/eventpage/ci41342159","https://earthquake.usgs.gov/fdsnws/event/1/query?eventid=ci41342159&format=geojson"
"nc75442861","2026-10-02T15:53:55Z","2026-10-02T11:53:55-04:00","2026-10-02T15:55:33Z","1.0","0.75","8 km NW of The Geysers, CA","38.828498840332","-122.814834594727","United States of America","2.2","2.16",,,,,"automatic","0","9","earthquake","M 0.8 - 8 km NW of The Geysers, CA","https://earthquake.usgs.gov/earthquakes/eventpage/nc75442861","https://earthquake.usgs.gov/fdsnws/event/1/query?eventid=nc75442861&format=geojson"
"nc75442856","2026-10-02T15:48:01Z","2026-10-02T11:48:01-04:00","2026-10-02T15:49:38Z","1.1","1.06","6 km WNW of The Geysers, CA","38.8089981079102","-122.818000793457","United States of America","2.8","2.79",,,,,"automatic","0","17","earthquake","M 1.1 - 6 km WNW of The Geysers, CA","https://earthquake.usgs.gov/earthquakes/eventpage/nc75442856","https://earthquake.usgs.gov/fdsnws/event/1/query?eventid=nc75442856&format=geojson"
"tx2026tkdwmk","2026-10-02T15:32:11Z","2026-10-02T11:32:11-04:00","2026-10-02T18:10:21Z","1.7","1.7","11 km ESE of Pearsall, Texas","28.865","-98.981","United States of America","8.3","8.3211",,,,,"reviewed","0","44","earthquake","M 1.7 - 11 km ESE of Pearsall, Texas","https://earthquake.usgs.gov/earthquakes/eventpage/tx2026tkdwmk","https://earthquake.usgs.gov/fdsnws/event/1/query?eventid=tx2026tkdwmk&format=geojson"
"nm60628371","2026-10-02T14:52:25Z","2026-10-02T10:52:25-04:00","2026-10-02T15:18:11Z","2.2","2.19","6 km ENE of Steele, Missouri","36.1016666666667","-89.7641666666667","United States of America","8.8","8.77",,,,,"reviewed","0","74","earthquake","M 2.2 - 6 km ENE of Steele, Missouri","https://earthquake.usgs.gov/earthquakes/eventpage/nm60628371","https://earthquake.usgs.gov/fdsnws/event/1/query?eventid=nm60628371&format=geojson"
"ci41342143","2026-10-02T14:37:13Z","2026-10-02T10:37:13-04:00","2026-10-02T14:40:38Z","1.0","0.3","10 km SSW of Idyllwild, CA","33.6671666666667","-116.774666666667","United States of America","11.0","10.98",,,,,"automatic","0","1","earthquake","M 0.3 - 10 km SSW of Idyllwild, CA","https://earthquake.usgs.gov/earthquakes/eventpage/ci41342143","https://earthquake.usgs.gov/fdsnws/event/1/query?eventid=ci41342143&format=geojson"
"ci41342127","2026-10-02T14:17:15Z","2026-10-02T10:17:15-04:00","2026-10-02T14:20:50Z","1.2","1.23","7 km N of Beaumont, CA","33.9931666666667","-116.972833333333","United States of America","8.4","8.43",,,,,"automatic","0","23","earthquake","M 1.2 - 7 km N of Beaumont, CA","https://earthquake.usgs.gov/earthquakes/eventpage/ci41342127","https://earthquake.usgs.gov/fdsnws/event/1/query?eventid=ci41342127&format=geojson"
"ci41342119","2026-10-02T14:16:57Z","2026-10-02T10:16:57-04:00","2026-10-02T14:20:46Z","1.2","1.17","12 km WNW of Calipatria, CA","33.1645","-115.6345","United States of America","2.8","2.83",,,,,"automatic","0","21","earthquake","M 1.2 - 12 km WNW of Calipatria, CA","https://earthquake.usgs.gov/earthquakes/eventpage/ci41342119","https://earthquake.usgs.gov/fdsnws/event/1/query?eventid=ci41342119&format=geojson"
"ci41342111","2026-10-02T13:40:28Z","2026-10-02T09:40:28-04:00","2026-10-02T13:43:49Z","1.0","0.33","15 km N of Warner Springs, CA","33.4196666666667","-116.641166666667","United States of America","7.6","7.62",,,,,"automatic","0","2","earthquake","M 0.3 - 15 km N of Warner Springs, CA","https://earthquake.usgs.gov/earthquakes/eventpage/ci41342111","https://earthquake.usgs.gov/fdsnws/event/1/query?eventid=ci41342111&format=geojson"
"pr71535348","2026-10-02T13:29:01Z","2026-10-02T09:29:01-04:00","2026-10-02T13:59:36Z","3.3","3.28","65 km NE of Punta Cana, Dominican Republic","18.954","-67.9175","Dominican Republic","31.6","31.57",,,,,"reviewed","0","166","earthquake","M 3.3 - 65 km NE of Punta Cana, Dominican Republic","https://earthquake.usgs.gov/earthquakes/eventpage/pr71535348","https://earthquake.usgs.gov/fdsnws/event/1/query?eventid=pr71535348&format=geojson"
"tx2026tjzdma","2026-10-02T13:09:26Z","2026-10-02T09:09:26-04:00","2026-10-02T18:04:44Z","1.9","1.9","12 km E of Pearsall, Texas","28.904","-98.967","United States of America","6.1","6.1038",,,,,"reviewed","0","56","earthquake","M 1.9 - 12 km E of Pearsall, Texas","https://earthquake.usgs.gov/earthquakes/eventpage/tx2026tjzdma","https://earthquake.usgs.gov/fdsnws/event/1/query?eventid=tx2026tjzdma&format=geojson"
"nc75442836","2026-10-02T13:06:33Z","2026-10-02T09:06:33-04:00","2026-10-02T13:08:08Z","1.0","0.71","4 km W of Cobb, CA","38.8248329162598","-122.765998840332","United States of America","2.2","2.16",,,,,"automatic","0","8","earthquake","M 0.7 - 4 km W of Cobb, CA","https://earthquake.usgs.gov/earthquakes/eventpage/nc75442836","https://earthquake.usgs.gov/fdsnws/event/1/query?eventid=nc75442836&format=geojson"
"nm60628366","2026-10-02T13:06:23Z","2026-10-02T09:06:23-04:00","2026-10-02T14:53:53Z","1.8","1.77","9 km N of New Madrid, Missouri","36.6733333333333","-89.5295","United States of America","11.8","11.76",,,,,"reviewed","0","48","earthquake","M 1.8 - 9 km N of New Madrid, Missouri","https://earthquake.usgs.gov/earthquakes/eventpage/nm60628366","https://earthquake.usgs.gov/fdsnws/event/1/query?eventid=nm60628366&format=geojson"
"tx2026tjymmx","2026-10-02T12:49:47Z","2026-10-02T08:49:47-04:00","2026-10-02T17:57:09Z","1.5","1.5","58 km S of Whites City, New Mexico","31.655","-104.291","United States of America","7.8","7.7917",,,,,"reviewed","0","35","earthquake","M 1.5 - 58 km S of Whites City, New Mexico","https://earthquake.usgs.gov/earthquakes/eventpage/tx2026tjymmx","https://earthquake.usgs.gov/fdsnws/event/1/query?eventid=tx2026tjymmx&format=geojson"
"tx2026tjyhnr","2026-10-02T12:47:30Z","2026-10-02T08:47:30-04:00","2026-10-02T17:38:31Z","1.7","1.7","58 km S of Whites City, New Mexico","31.652","-104.292","United States of America","9.5","9.5349",,,,,"reviewed","0","44","earthquake","M 1.7 - 58 km S of Whites City, New Mexico","https://earthquake.usgs.gov/earthquakes/eventpage/tx2026tjyhnr","https://earthquake.usgs.gov/fdsnws/event/1/query?eventid=tx2026tjyhnr&format=geojson"
"ci41342087","2026-10-02T12:15:18Z","2026-10-02T08:15:18-04:00","2026-10-02T15:01:16Z","1.0","0.47","10 km SE of Winchester, CA","33.6396666666667","-117.005666666667","United States of America","11.8","11.84",,,,,"reviewed","0","3","earthquake","M 0.5 - 10 km SE of Winchester, CA","https://earthquake.usgs.gov/earthquakes/eventpage/ci41342087","https://earthquake.usgs.gov/fdsnws/event/1/query?eventid=ci41342087&format=geojson"
"ci41342079","2026-10-02T12:11:06Z","2026-10-02T08:11:06-04:00","2026-10-02T12:14:33Z","1.3","1.29","5 km NNE of Progreso, B.C., MX","32.6183333333333","-115.566333333333","Mexico","2.9","2.91",,,,,"automatic","0","26","earthquake","M 1.3 - 5 km NNE of Progreso, B.C., MX","https://earthquake.usgs.gov/earthquakes/eventpage/ci41342079","https://earthquake.usgs.gov/fdsnws/event/1/query?eventid=ci41342079&format=geojson"
"pr2026275000","2026-10-02T12:07:39Z","2026-10-02T08:07:39-04:00","2026-10-02T12:58:14Z","3.0","2.96","68 km ENE of Punta Cana, Dominican Republic","18.8971","-67.8431","Dominican Republic","5.0","5",,,,,"reviewed","0","135","earthquake","M 3.0 - 68 km ENE of Punta Cana, Dominican Republic","https://earthquake.usgs.gov/earthquakes/eventpage/pr2026275000","https://earthquake.usgs.gov/fdsnws/event/1/query?eventid=pr2026275000&format=geojson"
"pr71535328","2026-10-02T12:06:12Z","2026-10-02T08:06:12-04:00","2026-10-02T12:32:40Z","3.1","3.13","66 km NE of Punta Cana, Dominican Republic","19","-67.9471666666667","Dominican Republic","7.9","7.94",,,,,"reviewed","0","151","earthquake","M 3.1 - 66 km NE of Punta Cana, Dominican Republic","https://earthquake.usgs.gov/earthquakes/eventpage/pr71535328","https://earthquake.usgs.gov/fdsnws/event/1/query?eventid=pr71535328&format=geojson"
"ci41342071","2026-10-02T11:59:57Z","2026-10-02T07:59:57-04:00","2026-10-02T12:03:28Z","1.0","0.94","22 km ESE of Anza, CA","33.4645","-116.467","United States of America","2.7","2.66",,,,,"automatic","0","14","earthquake","M 0.9 - 22 km ESE of Anza, CA","https://earthquake.usgs.gov/earthquakes/eventpage/ci41342071","https://earthquake.usgs.gov/fdsnws/event/1/query?eventid=ci41342071&format=geojson"
"ci41342063","2026-10-02T11:58:28Z","2026-10-02T07:58:28-04:00","2026-10-02T15:01:28Z","1.0","0.66","22 km ESE of Anza, CA","33.4673333333333","-116.461833333333","United States of America","5.2","5.18",,,,,"reviewed","0","7","earthquake","M 0.7 - 22 km ESE of Anza, CA","https://earthquake.usgs.gov/earthquakes/eventpage/ci41342063","https://earthquake.usgs.gov/fdsnws/event/1/query?eventid=ci41342063&format=geojson"
"nc75442826","2026-10-02T11:57:20Z","2026-10-02T07:57:20-04:00","2026-10-02T11:58:58Z","1.0","0.26","6 km NW of The Geysers, CA","38.8194999694824","-122.792831420898","United States of America","2.9","2.89",,,,,"automatic","0","1","earthquake","M 0.3 - 6 km NW of The Geysers, CA","https://earthquake.usgs.gov/earthquakes/eventpage/nc75442826","https://earthquake.usgs.gov/fdsnws/event/1/query?eventid=nc75442826&format=geojson"
"uu80008138","2026-10-02T11:24:32Z","2026-10-02T07:24:32-04:00","2026-10-02T16:51:10Z","1.0","0.68","10 km SE of Snowville, Utah","41.9076666666667","-112.602666666667","United States of America","1.8","1.77",,,,,"reviewed","0","7","earthquake","M 0.7 - 10 km SE of Snowville, Utah","https://earthquake.usgs.gov/earthquakes/eventpage/uu80008138","https://earthquake.usgs.gov/fdsnws/event/1/query?eventid=uu80008138&format=geojson"
"ci41342047","2026-10-02T11:15:04Z","2026-10-02T07:15:04-04:00","2026-10-02T11:18:28Z","1.0","1.04","11 km S of Joshua Tree, CA","34.0333333333333","-116.319333333333","United States of America","8.1","8.14",,,,,"automatic","0","17","earthquake","M 1.0 - 11 km S of Joshua Tree, CA","https://earthquake.usgs.gov/earthquakes/eventpage/ci41342047","https://earthquake.usgs.gov/fdsnws/event/1/query?eventid=ci41342047&format=geojson"
"nn00925165","2026-10-02T11:13:37Z","2026-10-02T07:13:37-04:00","2026-10-02T16:04:27Z","2.3","2.26","12 km NE of Walker Lake, Nevada","38.7313","-118.6609","United States of America","8.5","8.5387",,,,,"reviewed","0","79","earthquake","M 2.3 - 12 km NE of Walker Lake, Nevada","https://earthquake.usgs.gov/earthquakes/eventpage/nn00925165","https://earthquake.usgs.gov/fdsnws/event/1/query?eventid=nn00925165&format=geojson"
"tx2026tjvcla","2026-10-02T11:07:32Z","2026-10-02T07:07:32-04:00","2026-10-02T18:13:30Z","1.5","1.5","12 km ESE of Pearsall, Texas","28.849","-98.98","United States of America","7.5","7.5208",,,,,"reviewed","0","35","earthquake","M 1.5 - 12 km ESE of Pearsall, Texas","https://earthquake.usgs.gov/earthquakes/eventpage/tx2026tjvcla","https://earthquake.usgs.gov/fdsnws/event/1/query?eventid=tx2026tjvcla&format=geojson"
"ci41342039","2026-10-02T10:50:43Z","2026-10-02T06:50:43-04:00","2026-10-02T15:01:24Z","1.0","0.58","21 km ESE of Anza, CA","33.5135","-116.454333333333","United States of America","5.5","5.49",,,,,"reviewed","0","5","earthquake","M 0.6 - 21 km ESE of Anza, CA","https://earthquake.usgs.gov/earthquakes/eventpage/ci41342039","https://earthquake.usgs.gov/fdsnws/event/1/query?eventid=ci41342039&format=geojson"
"nc75442811","2026-10-02T10:49:16Z","2026-10-02T06:49:16-04:00","2026-10-02T10:50:53Z","1.0","0.7","4 km W of Cobb, CA","38.8264999389648","-122.764503479004","United States of America","2.7","2.71",,,,,"automatic","0","8","earthquake","M 0.7 - 4 km W of Cobb, CA","https://earthquake.usgs.gov/earthquakes/eventpage/nc75442811","https://earthquake.usgs.gov/fdsnws/event/1/query?eventid=nc75442811&format=geojson"
"ci41342031","2026-10-02T10:43:01Z","2026-10-02T06:43:01-04:00","2026-10-02T15:01:20Z","1.0","0.74","10 km SE of Winchester, CA","33.6413333333333","-117.010666666667","United States of America","12.7","12.66",,,,,"reviewed","0","8","earthquake","M 0.7 - 10 km SE of Winchester, CA","https://earthquake.usgs.gov/earthquakes/eventpage/ci41342031","https://earthquake.usgs.gov/fdsnws/event/1/query?eventid=ci41342031&format=geojson"
"nc75442806","2026-10-02T10:40:34Z","2026-10-02T06:40:34-04:00","2026-10-02T10:42:13Z","1.5","1.45","2 km NE of The Geysers, CA","38.7878341674805","-122.738502502441","United States of America","1.1","1.12",,,,,"automatic","0","32","earthquake","M 1.5 - 2 km NE of The Geysers, CA","https://earthquake.usgs.gov/earthquakes/eventpage/nc75442806","https://earthquake.usgs.gov/fdsnws/event/1/query?eventid=nc75442806&format=geojson"
"tx2026tjuexc","2026-10-02T10:40:16Z","2026-10-02T06:40:16-04:00","2026-10-02T17:21:14Z","1.6","1.6","57 km S of Whites City, New Mexico","31.661","-104.29","United States of America","9.3","9.2786",,,,,"reviewed","0","39","earthquake","M 1.6 - 57 km S of Whites City, New Mexico","https://earthquake.usgs.gov/earthquakes/eventpage/tx2026tjuexc","https://earthquake.usgs.gov/fdsnws/event/1/query?eventid=tx2026tjuexc&format=geojson"
"nc75442801","2026-10-02T10:05:49Z","2026-10-02T06:05:49-04:00","2026-10-02T10:07:23Z","1.0","0.67","6 km NW of The Geysers, CA","38.8213348388672","-122.804000854492","United States of America","2.8","2.77",,,,,"automatic","0","7","earthquake","M 0.7 - 6 km NW of The Geysers, CA","https://earthquake.usgs.gov/earthquakes/eventpage/nc75442801","https://earthquake.usgs.gov/fdsnws/event/1/query?eventid=nc75442801&format=geojson"
"nc75442791","2026-10-02T10:00:11Z","2026-10-02T06:00:11-04:00","2026-10-02T18:45:22Z","3.3","3.27","9 km WSW of South Lake Tahoe, CA","38.8935","-120.080666666667","United States of America","10.9","10.9","497","3.9","3.576",,"reviewed","0","358","earthquake","M 3.3 - 9 km WSW of South Lake Tahoe, CA","https://earthquake.usgs.gov/earthquakes/eventpage/nc75442791","https://earthquake.usgs.gov/fdsnws/event/1/query?eventid=nc75442791&format=geojson"
"tx2026tjswfq","2026-10-02T10:00:01Z","2026-10-02T06:00:01-04:00","2026-10-02T18:07:51Z","1.6","1.6","12 km ESE of Pearsall, Texas","28.852","-98.979","United States of America","8.1","8.0886",,,,,"reviewed","0","39","earthquake","M 1.6 - 12 km ESE of Pearsall, Texas","https://earthquake.usgs.gov/earthquakes/eventpage/tx2026tjswfq","https://earthquake.usgs.gov/fdsnws/event/1/query?eventid=tx2026tjswfq&format=geojson"
"nc75442786","2026-10-02T09:58:07Z","2026-10-02T05:58:07-04:00","2026-10-02T17:05:42Z","2.3","2.33","10 km SSE of Pinnacles, CA","36.4568328857422","-121.082832336426","United States of America","0.2","0.21","2","0",,,"automatic","0","84","earthquake","M 2.3 - 10 km SSE of Pinnacles, CA","https://earthquake.usgs.gov/earthquakes/eventpage/nc75442786","https://earthquake.usgs.gov/fdsnws/event/1/query?eventid=nc75442786&format=geojson"
"tx2026tjssxd","2026-10-02T09:56:08Z","2026-10-02T05:56:08-04:00","2026-10-02T18:02:00Z","1.6","1.6","13 km E of Pearsall, Texas","28.901","-98.961","United States of America","9.7","9.7248",,,,,"reviewed","0","39","earthquake","M 1.6 - 13 km E of Pearsall, Texas","https://earthquake.usgs.gov/earthquakes/eventpage/tx2026tjssxd","https://earthquake.usgs.gov/fdsnws/event/1/query?eventid=tx2026tjssxd&format=geojson"
"nc75442781","2026-10-02T09:55:12Z","2026-10-02T05:55:12-04:00","2026-10-02T10:32:23Z","1.5","1.47","5 km N of Pinnacles, CA","36.5756683349609","-121.153831481934","United States of America","3.0","2.99",,,,,"automatic","0","33","earthquake","M 1.5 - 5 km N of Pinnacles, CA","https://earthquake.usgs.gov/earthquakes/eventpage/nc75442781","https://earthquake.usgs.gov/fdsnws/event/1/query?eventid=nc75442781&format=geojson"
"tx2026tjshuj","2026-10-02T09:43:16Z","2026-10-02T05:43:16-04:00","2026-10-02T17:11:08Z","2.7","2.7","53 km NW of Toyah, Texas","31.635","-104.215","United States of America","5.3","5.2667",,,,,"reviewed","0","112","earthquake","M 2.7 - 53 km NW of Toyah, Texas","https://earthquake.usgs.gov/earthquakes/eventpage/tx2026tjshuj","https://earthquake.usgs.gov/fdsnws/event/1/query?eventid=tx2026tjshuj&format=geojson"
"tx2026tjscxk","2026-10-02T09:37:34Z","2026-10-02T05:37:34-04:00","2026-10-02T17:48:26Z","1.7","1.7","11 km E of Pearsall, Texas","28.882","-98.974","United States of America","9.0","9.0064",,,,,"reviewed","0","44","earthquake","M 1.7 - 11 km E of Pearsall, Texas","https://earthquake.usgs.gov/earthquakes/eventpage/tx2026tjscxk","https://earthquake.usgs.gov/fdsnws/event/1/query?eventid=tx2026tjscxk&format=geojson"
"nc75442776","2026-10-02T09:35:55Z","2026-10-02T05:35:55-04:00","2026-10-02T09:37:32Z","1.0","0.7","7 km WNW of Cobb, CA","38.8358345031738","-122.801002502441","United States of America","2.0","2.04",,,,,"automatic","0","8","earthquake","M 0.7 - 7 km WNW of Cobb, CA","https://earthquake.usgs.gov/earthquakes/eventpage/nc75442776","https://earthquake.usgs.gov/fdsnws/event/1/query?eventid=nc75442776&format=geojson"
"tx2026tjsawg","2026-10-02T09:35:12Z","2026-10-02T05:35:12-04:00","2026-10-02T17:51:03Z","1.6","1.6","13 km E of Pearsall, Texas","28.871","-98.963","United States of America","8.5","8.5414",,,,,"reviewed","0","39","earthquake","M 1.6 - 13 km E of Pearsall, Texas","https://earthquake.usgs.gov/earthquakes/eventpage/tx2026tjsawg","https://earthquake.usgs.gov/fdsnws/event/1/query?eventid=tx2026tjsawg&format=geojson"
"ci41342015","2026-10-02T09:29:26Z","2026-10-02T05:29:26-04:00","2026-10-02T18:11:54Z","1.0","0.9","1 km SSW of Pasadena, CA","34.1488333333333","-118.135166666667","United States of America","17.3","17.3",,,,,"reviewed","0","12","earthquake","M 0.9 - 1 km SSW of Pasadena, CA","https://earthquake.usgs.gov/earthquakes/eventpage/ci41342015","https://earthquake.usgs.gov/fdsnws/event/1/query?eventid=ci41342015&format=geojson"
"uw714114381","2026-10-02T09:24:31Z","2026-10-02T05:24:31-04:00","2026-10-02T18:22:05Z","1.0","0.54","13 km SE of Carbonado, Washington","46.9841666666667","-121.951","United States of America","11.5","11.51",,,,,"reviewed","0","4","earthquake","M 0.5 - 13 km SE of Carbonado, Washington","https://earthquake.usgs.gov/earthquakes/eventpage/uw714114381","https://earthquake.usgs.gov/fdsnws/event/1/query?eventid=uw714114381&format=geojson"
"nn00925155","2026-10-02T09:13:41Z","2026-10-02T05:13:41-04:00","2026-10-02T17:05:11Z","3.0","2.97","19 km W of Preston, Nevada","38.9073","-115.2897","United States of America","3.4","3.4406","2","0",,,"reviewed","0","136","earthquake","M 3.0 - 19 km W of Preston, Nevada","https://earthquake.usgs.gov/earthquakes/eventpage/nn00925155","https://earthquake.usgs.gov/fdsnws/event/1/query?eventid=nn00925155&format=geojson"
"ci41342007","2026-10-02T09:05:27Z","2026-10-02T05:05:27-04:00","2026-10-02T09:09:00Z","1.1","1.11","11 km E of Yucaipa, CA","34.0323333333333","-116.928833333333","United States of America","12.7","12.74",,,,,"automatic","0","19","earthquake","M 1.1 - 11 km E of Yucaipa, CA","https://earthquake.usgs.gov/earthquakes/eventpage/ci41342007","https://earthquake.usgs.gov/fdsnws/event/1/query?eventid=ci41342007&format=geojson"
"uu80158351","2026-10-02T09:00:24Z","2026-10-02T05:00:24-04:00","2026-10-02T14:28:49Z","1.5","1.45","14 km SW of Panguitch, Utah","37.7445","-112.573","United States of America","6.0","5.97",,,,,"reviewed","0","32","earthquake","M 1.5 - 14 km SW of Panguitch, Utah","https://earthquake.usgs.gov/earthquakes/eventpage/uu80158351","https://earthquake.usgs.gov/fdsnws/event/1/query?eventid=uu80158351&format=geojson"
"ci41341999","2026-10-02T08:59:26Z","2026-10-02T04:59:26-04:00","2026-10-02T15:02:27Z","1.0","0.62","22 km ESE of Anza, CA","33.4671666666667","-116.458833333333","United States of America","2.8","2.76",,,,,"reviewed","0","6","earthquake","M 0.6 - 22 km ESE of Anza, CA","https://earthquake.usgs.gov/earthquakes/eventpage/ci41341999","https://earthquake.usgs.gov/fdsnws/event/1/query?eventid=ci41341999&format=geojson"
"tx2026tjqvat","2026-10-02T08:58:18Z","2026-10-02T04:58:18-04:00","2026-10-02T17:44:52Z","1.7","1.7","62 km S of Whites City, New Mexico","31.609","-104.364","United States of America","8.3","8.3429",,,,,"reviewed","0","44","earthquake","M 1.7 - 62 km S of Whites City, New Mexico","https://earthquake.usgs.gov/earthquakes/eventpage/tx2026tjqvat","https://earthquake.usgs.gov/fdsnws/event/1/query?eventid=tx2026tjqvat&format=geojson"
"ci41341991","2026-10-02T08:56:02Z","2026-10-02T04:56:02-04:00","2026-10-02T17:04:20Z","2.0","1.96","22 km ESE of Anza, CA","33.4615","-116.469333333333","United States of America","2.9","2.87","0","1",,,"reviewed","0","59","earthquake","M 2.0 - 22 km ESE of Anza, CA","https://earthquake.usgs.gov/earthquakes/eventpage/ci41341991","https://earthquake.usgs.gov/fdsnws/event/1/query?eventid=ci41341991&format=geojson"
"tx2026tjqemy","2026-10-02T08:39:10Z","2026-10-02T04:39:10-04:00","2026-10-02T18:18:06Z","1.5","1.5","19 km NW of Westbrook, Texas","32.478","-101.163","United States of America","6.6","6.5674",,,,,"reviewed","0","35","earthquake","M 1.5 - 19 km NW of Westbrook, Texas","https://earthquake.usgs.gov/earthquakes/eventpage/tx2026tjqemy","https://earthquake.usgs.gov/fdsnws/event/1/query?eventid=tx2026tjqemy&format=geojson"
"ci41341983","2026-10-02T08:37:08Z","2026-10-02T04:37:08-04:00","2026-10-02T08:40:35Z","1.0","0.41","18 km ESE of Anza, CA","33.5093333333333","-116.4925","United States of America","13.1","13.07",,,,,"automatic","0","3","earthquake","M 0.4 - 18 km ESE of Anza, CA","https://earthquake.usgs.gov/earthquakes/eventpage/ci41341983","https://earthquake.usgs.gov/fdsnws/event/1/query?eventid=ci41341983&format=geojson"
"nc75442766","2026-10-02T08:24:14Z","2026-10-02T04:24:14-04:00","2026-10-02T09:07:23Z","1.6","1.56","7 km WNW of Cobb, CA","38.8356666564941","-122.804496765137","United States of America","2.1","2.12",,,,,"automatic","0","37","earthquake","M 1.6 - 7 km WNW of Cobb, CA","https://earthquake.usgs.gov/earthquakes/eventpage/nc75442766","https://earthquake.usgs.gov/fdsnws/event/1/query?eventid=nc75442766&format=geojson"
"uw714114371","2026-10-02T08:16:38Z","2026-10-02T04:16:38-04:00","2026-10-02T17:46:44Z","1.0","0.48","38 km NNE of Amboy, Washington","46.2038333333333","-122.186166666667","United States of America","1.8","1.79",,,,,"reviewed","0","4","earthquake","M 0.5 - 38 km NNE of Amboy, Washington","https://earthquake.usgs.gov/earthquakes/eventpage/uw714114371","https://earthquake.usgs.gov/fdsnws/event/1/query?eventid=uw714114371&format=geojson"
"nc75442756","2026-10-02T08:08:20Z","2026-10-02T04:08:20-04:00","2026-10-02T08:09:57Z","1.0","0.77","8 km NW of The Geysers, CA","38.8293342590332","-122.814331054688","United States of America","2.1","2.12",,,,,"automatic","0","9","earthquake","M 0.8 - 8 km NW of The Geysers, CA","https://earthquake.usgs.gov/earthquakes/eventpage/nc75442756","https://earthquake.usgs.gov/fdsnws/event/1/query?eventid=nc75442756&format=geojson"
"nc75442751","2026-10-02T08:04:55Z","2026-10-02T04:04:55-04:00","2026-10-02T08:37:20Z","1.1","1.12","6 km WNW of Cobb, CA","38.8373336791992","-122.786499023438","United States of America","1.7","1.73",,,,,"automatic","0","19","earthquake","M 1.1 - 6 km WNW of Cobb, CA","https://earthquake.usgs.gov/earthquakes/eventpage/nc75442751","https://earthquake.usgs.gov/fdsnws/event/1/query?eventid=nc75442751&format=geojson"
"nc75442741","2026-10-02T07:42:05Z","2026-10-02T03:42:05-04:00","2026-10-02T07:43:41Z","1.0","0.71","7 km W of Cobb, CA","38.8288345336914","-122.798500061035","United States of America","1.8","1.75",,,,,"automatic","0","8","earthquake","M 0.7 - 7 km W of Cobb, CA","https://earthquake.usgs.gov/earthquakes/eventpage/nc75442741","https://earthquake.usgs.gov/fdsnws/event/1/query?eventid=nc75442741&format=geojson"
"ci41341975","2026-10-02T07:28:37Z","2026-10-02T03:28:37-04:00","2026-10-02T07:31:59Z","1.0","0.56","20 km E of Little Lake, CA","35.912","-117.681666666667","United States of America","8.8","8.77",,,,,"automatic","0","5","earthquake","M 0.6 - 20 km E of Little Lake, CA","https://earthquake.usgs.gov/earthquakes/eventpage/ci41341975","https://earthquake.usgs.gov/fdsnws/event/1/query?eventid=ci41341975&format=geojson"
"ci41341967","2026-10-02T07:14:55Z","2026-10-02T03:14:55-04:00","2026-10-02T07:18:23Z","1.0","0.47","8 km SW of Idyllwild, CA","33.6856666666667","-116.7835","United States of America","17.5","17.51",,,,,"automatic","0","3","earthquake","M 0.5 - 8 km SW of Idyllwild, CA","https://earthquake.usgs.gov/earthquakes/eventpage/ci41341967","https://earthquake.usgs.gov/fdsnws/event/1/query?eventid=ci41341967&format=geojson"
"nc75442731","2026-10-02T07:14:32Z","2026-10-02T03:14:32-04:00","2026-10-02T07:47:26Z","2.0","1.96","11 km NW of Parkfield, CA","35.9673347473145","-120.52466583252","United States of America","10.7","10.68",,,,,"automatic","0","59","earthquake","M 2.0 - 11 km NW of Parkfield, CA","https://earthquake.usgs.gov/earthquakes/eventpage/nc75442731","https://earthquake.usgs.gov/fdsnws/event/1/query?eventid=nc75442731&format=geojson"
"us6000tyzx","2026-10-02T06:53:35Z","2026-10-02T02:53:35-04:00","2026-10-02T07:11:55Z","4.8","4.8","35 km SSW of El Colomo, Mexico","18.7561","-104.3753","Mexico","24.0","23.972",,,,,"reviewed","0","354","earthquake","M 4.8 - 35 km SSW of El Colomo, Mexico","https://earthquake.usgs.gov/earthquakes/eventpage/us6000tyzx","https://earthquake.usgs.gov/fdsnws/event/1/query?eventid=us6000tyzx&format=geojson"
"nc75442726","2026-10-02T06:35:25Z","2026-10-02T02:35:25-04:00","2026-10-02T06:37:01Z","1.0","0.73","8 km NW of The Geysers, CA","38.8288345336914","-122.814498901367","United States of America","2.0","1.98",,,,,"automatic","0","8","earthquake","M 0.7 - 8 km NW of The Geysers, CA","https://earthquake.usgs.gov/earthquakes/eventpage/nc75442726","https://earthquake.usgs.gov/fdsnws/event/1/query?eventid=nc75442726&format=geojson"
"ci41341951","2026-10-02T06:11:03Z","2026-10-02T02:11:03-04:00","2026-10-02T15:01:39Z","1.0","0.27","14 km N of Warner Springs, CA","33.4125","-116.634833333333","United States of America","6.5","6.45",,,,,"reviewed","0","1","earthquake","M 0.3 - 14 km N of Warner Springs, CA","https://earthquake.usgs.gov/earthquakes/eventpage/ci41341951","https://earthquake.usgs.gov/fdsnws/event/1/query?eventid=ci41341951&format=geojson"
"nc75442721","2026-10-02T06:08:52Z","2026-10-02T02:08:52-04:00","2026-10-02T06:10:32Z","1.0","0.75","7 km WNW of The Geysers, CA","38.8106651306152","-122.820831298828","United States of America","2.0","1.95",,,,,"automatic","0","9","earthquake","M 0.8 - 7 km WNW of The Geysers, CA","https://earthquake.usgs.gov/earthquakes/eventpage/nc75442721","https://earthquake.usgs.gov/fdsnws/event/1/query?eventid=nc75442721&format=geojson"
"ci41341943","2026-10-02T06:08:45Z","2026-10-02T02:08:45-04:00","2026-10-02T06:12:15Z","1.0","0.98","11 km SSW of Borrego Springs, CA","33.1666666666667","-116.422166666667","United States of America","8.3","8.31",,,,,"automatic","0","15","earthquake","M 1.0 - 11 km SSW of Borrego Springs, CA","https://earthquake.usgs.gov/earthquakes/eventpage/ci41341943","https://earthquake.usgs.gov/fdsnws/event/1/query?eventid=ci41341943&format=geojson"
"ci41341935","2026-10-02T06:07:08Z","2026-10-02T02:07:08-04:00","2026-10-02T06:10:29Z","1.1","1.1","3 km SW of Imperial, CA","32.829","-115.585333333333","United States of America","12.0","12.01",,,,,"automatic","0","19","earthquake","M 1.1 - 3 km SW of Imperial, CA","https://earthquake.usgs.gov/earthquakes/eventpage/ci41341935","https://earthquake.usgs.gov/fdsnws/event/1/query?eventid=ci41341935&format=geojson"
"tx2026tjjxks","2026-10-02T05:30:00Z","2026-10-02T01:30:00-04:00","2026-10-02T07:21:21Z","1.0","1","36 km SE of Malaga, New Mexico","32.031","-103.765","United States of America","7.6","7.6251",,,,,"reviewed","0","15","earthquake","M 1.0 - 36 km SE of Malaga, New Mexico","https://earthquake.usgs.gov/earthquakes/eventpage/tx2026tjjxks","https://earthquake.usgs.gov/fdsnws/event/1/query?eventid=tx2026tjjxks&format=geojson"
"tx2026tjizob","2026-10-02T05:02:20Z","2026-10-02T01:02:20-04:00","2026-10-02T08:02:50Z","1.0","0.8","18 km SE of Ackerly, Texas","32.412","-101.573","United States of America","5.2","5.2002",,,,,"reviewed","0","10","earthquake","M 0.8 - 18 km SE of Ackerly, Texas","https://earthquake.usgs.gov/earthquakes/eventpage/tx2026tjizob","https://earthquake.usgs.gov/fdsnws/event/1/query?eventid=tx2026tjizob&format=geojson"
"ci41341927","2026-10-02T04:39:40Z","2026-10-02T00:39:40-04:00","2026-10-02T04:43:03Z","1.0","0.79","13 km NNW of Cabazon, CA","34.0345","-116.815833333333","United States of America","12.7","12.74",,,,,"automatic","0","10","earthquake","M 0.8 - 13 km NNW of Cabazon, CA","https://earthquake.usgs.gov/earthquakes/eventpage/ci41341927","https://earthquake.usgs.gov/fdsnws/event/1/query?eventid=ci41341927&format=geojson"
"ci41341919","2026-10-02T04:35:05Z","2026-10-02T00:35:05-04:00","2026-10-02T04:38:32Z","1.0","0.71","24 km NE of Pine Valley, CA","32.9411666666667","-116.321333333333","United States of America","9.9","9.88",,,,,"automatic","0","8","earthquake","M 0.7 - 24 km NE of Pine Valley, CA","https://earthquake.usgs.gov/earthquakes/eventpage/ci41341919","https://earthquake.usgs.gov/fdsnws/event/1/query?eventid=ci41341919&format=geojson"
"ci41341911","2026-10-02T04:29:45Z","2026-10-02T00:29:45-04:00","2026-10-02T04:33:15Z","1.0","0.63","7 km ESE of Valle Vista, CA","33.7156666666667","-116.826","United States of America","16.2","16.19",,,,,"automatic","0","6","earthquake","M 0.6 - 7 km ESE of Valle Vista, CA","https://earthquake.usgs.gov/earthquakes/eventpage/ci41341911","https://earthquake.usgs.gov/fdsnws/event/1/query?eventid=ci41341911&format=geojson"
"uw714114341","2026-10-02T04:28:49Z","2026-10-02T00:28:49-04:00","2026-10-02T16:58:25Z","1.0","0.97","3 km E of Bethel, Washington","47.5001666666667","-122.584666666667","United States of America","2.2","2.17",,,,,"reviewed","0","14","earthquake","M 1.0 - 3 km E of Bethel, Washington","https://earthquake.usgs.gov/earthquakes/eventpage/uw714114341","https://earthquake.usgs.gov/fdsnws/event/1/query?eventid=uw714114341&format=geojson"
"nc75442706","2026-10-02T04:21:06Z","2026-10-02T00:21:06-04:00","2026-10-02T05:07:21Z","1.4","1.36","8 km SE of Willits, CA","39.3578338623047","-123.287002563477","United States of America","1.2","1.24",,,,,"automatic","0","28","earthquake","M 1.4 - 8 km SE of Willits, CA","https://earthquake.usgs.gov/earthquakes/eventpage/nc75442706","https://earthquake.usgs.gov/fdsnws/event/1/query?eventid=nc75442706&format=geojson"
"ci41341903","2026-10-02T04:04:52Z","2026-10-02T00:04:52-04:00","2026-10-02T15:02:32Z","1.2","1.15","11 km SSW of Borrego Springs, CA","33.1675","-116.419833333333","United States of America","8.0","7.98",,,,,"reviewed","0","20","earthquake","M 1.2 - 11 km SSW of Borrego Springs, CA","https://earthquake.usgs.gov/earthquakes/eventpage/ci41341903","https://earthquake.usgs.gov/fdsnws/event/1/query?eventid=ci41341903&format=geojson"
"nc75442691","2026-10-02T03:52:26Z","2026-10-01T23:52:26-04:00","2026-10-02T04:42:23Z","1.5","1.47","8 km ESE of Cloverdale, CA","38.776668548584","-122.931503295898","United States of America","4.8","4.76",,,,,"automatic","0","33","earthquake","M 1.5 - 8 km ESE of Cloverdale, CA","https://earthquake.usgs.gov/earthquakes/eventpage/nc75442691","https://earthquake.usgs.gov/fdsnws/event/1/query?eventid=nc75442691&format=geojson"
"nc75442681","2026-10-02T03:34:51Z","2026-10-01T23:34:51-04:00","2026-10-02T03:36:26Z","1.4","1.41","11 km SSW of Tres Pinos, CA","36.7021675109863","-121.383331298828","United States of America","-0.3","-0.3",,,,,"automatic","0","31","earthquake","M 1.4 - 11 km SSW of Tres Pinos, CA","https://earthquake.usgs.gov/earthquakes/eventpage/nc75442681","https://earthquake.usgs.gov/fdsnws/event/1/query?eventid=nc75442681&format=geojson"
"tx2026tjgbht","2026-10-02T03:33:39Z","2026-10-01T23:33:39-04:00","2026-10-02T08:23:42Z","1.8","1.8","14 km ESE of Pearsall, Texas","28.857","-98.957","United States of America","7.4","7.4364",,,,,"reviewed","0","50","earthquake","M 1.8 - 14 km ESE of Pearsall, Texas","https://earthquake.usgs.gov/earthquakes/eventpage/tx2026tjgbht","https://earthquake.usgs.gov/fdsnws/event/1/query?eventid=tx2026tjgbht&format=geojson"
"ci41341895","2026-10-02T03:31:27Z","2026-10-01T23:31:27-04:00","2026-10-02T03:34:56Z","1.0","0.68","22 km ESE of Anza, CA","33.4648333333333","-116.459666666667","United States of America","2.2","2.24",,,,,"automatic","0","7","earthquake","M 0.7 - 22 km ESE of Anza, CA","https://earthquake.usgs.gov/earthquakes/eventpage/ci41341895","https://earthquake.usgs.gov/fdsnws/event/1/query?eventid=ci41341895&format=geojson"
"nn00925150","2026-10-02T03:25:46Z","2026-10-01T23:25:46-04:00","2026-10-02T03:28:36Z","1.6","1.62","32 km N of Dyer, Nevada","37.9595","-118.0839","United States of America","8.6","8.5944",,,,,"automatic","0","40","earthquake","M 1.6 - 32 km N of Dyer, Nevada","https://earthquake.usgs.gov/earthquakes/eventpage/nn00925150","https://earthquake.usgs.gov/fdsnws/event/1/query?eventid=nn00925150&format=geojson"
"nc75442676","2026-10-02T03:11:18Z","2026-10-01T23:11:18-04:00","2026-10-02T03:12:52Z","1.5","1.53","9 km WNW of Cobb, CA","38.8436660766602","-122.818832397461","United States of America","1.1","1.07",,,,,"automatic","0","36","earthquake","M 1.5 - 9 km WNW of Cobb, CA","https://earthquake.usgs.gov/earthquakes/eventpage/nc75442676","https://earthquake.usgs.gov/fdsnws/event/1/query?eventid=nc75442676&format=geojson"
"nc75442671","2026-10-02T03:11:01Z","2026-10-01T23:11:01-04:00","2026-10-02T03:12:37Z","1.1","1.09","4 km W of Cobb, CA","38.8240013122559","-122.765663146973","United States of America","2.1","2.1",,,,,"automatic","0","18","earthquake","M 1.1 - 4 km W of Cobb, CA","https://earthquake.usgs.gov/earthquakes/eventpage/nc75442671","https://earthquake.usgs.gov/fdsnws/event/1/query?eventid=nc75442671&format=geojson"
"tx2026tjcpte","2026-10-02T01:49:43Z","2026-10-01T21:49:43-04:00","2026-10-02T07:11:21Z","1.9","1.9","15 km E of Pearsall, Texas","28.872","-98.942","United States of America","7.6","7.6443",,,,,"reviewed","0","56","earthquake","M 1.9 - 15 km E of Pearsall, Texas","https://earthquake.usgs.gov/earthquakes/eventpage/tx2026tjcpte","https://earthquake.usgs.gov/fdsnws/event/1/query?eventid=tx2026tjcpte&format=geojson"
"tx2026tjcdst","2026-10-02T01:35:47Z","2026-10-01T21:35:47-04:00","2026-10-02T06:48:17Z","2.2","2.2","13 km ESE of Pearsall, Texas","28.842","-98.97","United States of America","7.0","7.0388",,,,,"reviewed","0","74","earthquake","M 2.2 - 13 km ESE of Pearsall, Texas","https://earthquake.usgs.gov/earthquakes/eventpage/tx2026tjcdst","https://earthquake.usgs.gov/fdsnws/event/1/query?eventid=tx2026tjcdst&format=geojson"
"tx2026tjccst","2026-10-02T01:34:37Z","2026-10-01T21:34:37-04:00","2026-10-02T06:55:28Z","1.9","1.9","12 km ESE of Pearsall, Texas","28.858","-98.975","United States of America","7.4","7.3725",,,,,"reviewed","0","56","earthquake","M 1.9 - 12 km ESE of Pearsall, Texas","https://earthquake.usgs.gov/earthquakes/eventpage/tx2026tjccst","https://earthquake.usgs.gov/fdsnws/event/1/query?eventid=tx2026tjccst&format=geojson"
"uu80158341","2026-10-02T01:33:11Z","2026-10-01T21:33:11-04:00","2026-10-02T16:31:17Z","1.0","0.84","25 km SSE of West Yellowstone, Montana","44.4433333333333","-110.998","United States of America","5.2","5.19",,,,,"reviewed","0","11","earthquake","M 0.8 - 25 km SSE of West Yellowstone, Montana","https://earthquake.usgs.gov/earthquakes/eventpage/uu80158341","https://earthquake.usgs.gov/fdsnws/event/1/query?eventid=uu80158341&format=geojson"
"nc75442656","2026-10-02T01:21:11Z","2026-10-01T21:21:11-04:00","2026-10-02T01:52:23Z","1.9","1.88","9 km WNW of The Geysers, CA","38.8190002441406","-122.839836120605","United States of America","2.5","2.52",,,,,"automatic","0","54","earthquake","M 1.9 - 9 km WNW of The Geysers, CA","https://earthquake.usgs.gov/earthquakes/eventpage/nc75442656","https://earthquake.usgs.gov/fdsnws/event/1/query?eventid=nc75442656&format=geojson"
"tx2026tjaddp","2026-10-02T00:34:52Z","2026-10-01T20:34:52-04:00","2026-10-02T08:17:41Z","1.0","0.6","17 km SSE of Ackerly, Texas","32.379","-101.656","United States of America","6.4","6.4209",,,,,"reviewed","0","6","earthquake","M 0.6 - 17 km SSE of Ackerly, Texas","https://earthquake.usgs.gov/earthquakes/eventpage/tx2026tjaddp","https://earthquake.usgs.gov/fdsnws/event/1/query?eventid=tx2026tjaddp&format=geojson"
"ci41341887","2026-10-02T00:31:29Z","2026-10-01T20:31:29-04:00","2026-10-02T00:34:48Z","1.0","0.81","7 km NE of Coso Junction, CA","36.0921666666667","-117.893666666667","United States of America","5.8","5.83",,,,,"automatic","0","10","earthquake","M 0.8 - 7 km NE of Coso Junction, CA","https://earthquake.usgs.gov/earthquakes/eventpage/ci41341887","https://earthquake.usgs.gov/fdsnws/event/1/query?eventid=ci41341887&format=geojson"
"ci41341879","2026-10-02T00:15:13Z","2026-10-01T20:15:13-04:00","2026-10-02T00:18:42Z","1.0","1.02","22 km ESE of Anza, CA","33.4648333333333","-116.460833333333","United States of America","3.3","3.29",,,,,"automatic","0","16","earthquake","M 1.0 - 22 km ESE of Anza, CA","https://earthquake.usgs.gov/earthquakes/eventpage/ci41341879","https://earthquake.usgs.gov/fdsnws/event/1/query?eventid=ci41341879&format=geojson"
"uw714114281","2026-10-01T23:47:42Z","2026-10-01T19:47:42-04:00","2026-10-02T04:03:10Z","1.0","1.03","34 km SSW of Port Angeles, Washington","47.8251666666667","-123.581","United States of America","4.5","4.49",,,,,"reviewed","0","16","earthquake","M 1.0 - 34 km SSW of Port Angeles, Washington","https://earthquake.usgs.gov/earthquakes/eventpage/uw714114281","https://earthquake.usgs.gov/fdsnws/event/1/query?eventid=uw714114281&format=geojson"
"ci41341871","2026-10-01T23:31:14Z","2026-10-01T19:31:14-04:00","2026-10-02T17:59:34Z","1.3","1.31","5 km ENE of Simi Valley, CA","34.28","-118.689666666667","United States of America","7.6","7.64",,,,,"reviewed","0","26","earthquake","M 1.3 - 5 km ENE of Simi Valley, CA","https://earthquake.usgs.gov/earthquakes/eventpage/ci41341871","https://earthquake.usgs.gov/fdsnws/event/1/query?eventid=ci41341871&format=geojson"
"ci41341863","2026-10-01T23:06:49Z","2026-10-01T19:06:49-04:00","2026-10-02T15:01:59Z","1.0","0.94","11 km SSE of Warner Springs, CA","33.186","-116.5965","United States of America","4.3","4.31",,,,,"reviewed","0","14","earthquake","M 0.9 - 11 km SSE of Warner Springs, CA","https://earthquake.usgs.gov/earthquakes/eventpage/ci41341863","https://earthquake.usgs.gov/fdsnws/event/1/query?eventid=ci41341863&format=geojson"
"tx2026tiwvdw","2026-10-01T22:55:12Z","2026-10-01T18:55:12-04:00","2026-10-02T15:11:17Z","1.6","1.6","45 km NW of Toyah, Texas","31.614","-104.115","United States of America","5.9","5.8948",,,,,"reviewed","0","39","earthquake","M 1.6 - 45 km NW of Toyah, Texas","https://earthquake.usgs.gov/earthquakes/eventpage/tx2026tiwvdw","https://earthquake.usgs.gov/fdsnws/event/1/query?eventid=tx2026tiwvdw&format=geojson"
"nc75442616","2026-10-01T22:30:50Z","2026-10-01T18:30:50-04:00","2026-10-02T00:32:22Z","1.4","1.42","3 km NW of The Geysers, CA","38.7949981689453","-122.785331726074","United States of America","3.1","3.1",,,,,"automatic","0","31","earthquake","M 1.4 - 3 km NW of The Geysers, CA","https://earthquake.usgs.gov/earthquakes/eventpage/nc75442616","https://earthquake.usgs.gov/fdsnws/event/1/query?eventid=nc75442616&format=geojson"
"ci41341855","2026-10-01T22:21:19Z","2026-10-01T18:21:19-04:00","2026-10-02T17:46:00Z","1.5","1.48","5 km SSE of Home Gardens, CA","33.8371666666667","-117.4955","United States of America","-0.5","-0.51",,,,,"reviewed","0","34","quarry blast","M 1.5 Quarry Blast - 5 km SSE of Home Gardens, CA","https://earthquake.usgs.gov/earthquakes/eventpage/ci41341855","https://earthquake.usgs.gov/fdsnws/event/1/query?eventid=ci41341855&format=geojson"
"nc75442606","2026-10-01T22:16:21Z","2026-10-01T18:16:21-04:00","2026-10-02T00:07:23Z","1.7","1.71","3 km NW of The Geysers, CA","38.7956657409668","-122.782333374023","United States of America","3.1","3.1",,,,,"automatic","0","45","earthquake","M 1.7 - 3 km NW of The Geysers, CA","https://earthquake.usgs.gov/earthquakes/eventpage/nc75442606","https://earthquake.usgs.gov/fdsnws/event/1/query?eventid=nc75442606&format=geojson"
"nc75442601","2026-10-01T22:11:39Z","2026-10-01T18:11:39-04:00","2026-10-01T23:37:21Z","2.1","2.09","17 km NE of Nice, CA","39.2466659545898","-122.736167907715","United States of America","-0.3","-0.28",,,,,"automatic","0","67","earthquake","M 2.1 - 17 km NE of Nice, CA","https://earthquake.usgs.gov/earthquakes/eventpage/nc75442601","https://earthquake.usgs.gov/fdsnws/event/1/query?eventid=nc75442601&format=geojson"
"tx2026tivjmf","2026-10-01T22:11:16Z","2026-10-01T18:11:16-04:00","2026-10-02T15:19:08Z","1.5","1.5","58 km S of Whites City, New Mexico","31.653","-104.426","United States of America","6.7","6.7151",,,,,"reviewed","0","35","earthquake","M 1.5 - 58 km S of Whites City, New Mexico","https://earthquake.usgs.gov/earthquakes/eventpage/tx2026tivjmf","https://earthquake.usgs.gov/fdsnws/event/1/query?eventid=tx2026tivjmf&format=geojson"
"ci41341847","2026-10-01T22:05:37Z","2026-10-01T18:05:37-04:00","2026-10-01T22:09:08Z","1.3","1.27","9 km W of Tecate, B.C., MX","32.5725","-116.724166666667","United States of America","4.4","4.41",,,,,"automatic","0","25","earthquake","M 1.3 - 9 km W of Tecate, B.C., MX","https://earthquake.usgs.gov/earthquakes/eventpage/ci41341847","https://earthquake.usgs.gov/fdsnws/event/1/query?eventid=ci41341847&format=geojson"
"nc75442596","2026-10-01T22:05:28Z","2026-10-01T18:05:28-04:00","2026-10-01T23:22:24Z","1.3","1.32","6 km NNW of The Geysers, CA","38.8235015869141","-122.793830871582","United States of America","2.7","2.74",,,,,"automatic","0","27","earthquake","M 1.3 - 6 km NNW of The Geysers, CA","https://earthquake.usgs.gov/earthquakes/eventpage/nc75442596","https://earthquake.usgs.gov/fdsnws/event/1/query?eventid=nc75442596&format=geojson"
"ok2026tglo","2026-10-01T21:49:54Z","2026-10-01T17:49:54-04:00","2026-10-02T12:36:29Z","1.3","1.31","6 km SSW of Wapanucka, Oklahoma","34.32","-96.44966667","United States of America","0.0","0",,,,,"reviewed","0","26","quarry blast","M 1.3 Quarry Blast - 6 km SSW of Wapanucka, Oklahoma","https://earthquake.usgs.gov/earthquakes/eventpage/ok2026tglo","https://earthquake.usgs.gov/fdsnws/event/1/query?eventid=ok2026tglo&format=geojson"
"nc75442591","2026-10-01T21:46:50Z","2026-10-01T17:46:50-04:00","2026-10-01T22:52:22Z","2.0","1.98","8 km N of Coalinga, CA","36.2130012512207","-120.354164123535","United States of America","11.7","11.73",,,,,"automatic","0","60","earthquake","M 2.0 - 8 km N of Coalinga, CA","https://earthquake.usgs.gov/earthquakes/eventpage/nc75442591","https://earthquake.usgs.gov/fdsnws/event/1/query?eventid=nc75442591&format=geojson"
"nc75442581","2026-10-01T21:34:50Z","2026-10-01T17:34:50-04:00","2026-10-01T22:27:23Z","1.5","1.54","9 km NW of Redwood Valley, CA","39.3255004882812","-123.280830383301","United States of America","4.9","4.92",,,,,"automatic","0","36","earthquake","M 1.5 - 9 km NW of Redwood Valley, CA","https://earthquake.usgs.gov/earthquakes/eventpage/nc75442581","https://earthquake.usgs.gov/fdsnws/event/1/query?eventid=nc75442581&format=geojson"
"pr71535303","2026-10-01T21:27:57Z","2026-10-01T17:27:57-04:00","2026-10-01T21:44:43Z","2.1","2.1","24 km S of Guánica, Puerto Rico","17.7521666666667","-66.9391666666667","Puerto Rico","6.0","5.95",,,,,"reviewed","0","68","earthquake","M 2.1 - 24 km S of Guánica, Puerto Rico","https://earthquake.usgs.gov/earthquakes/eventpage/pr71535303","https://earthquake.usgs.gov/fdsnws/event/1/query?eventid=pr71535303&format=geojson"
"nc75442566","2026-10-01T21:25:42Z","2026-10-01T17:25:42-04:00","2026-10-01T21:27:21Z","1.0","0.71","7 km W of Cobb, CA","38.8291664123535","-122.801330566406","United States of America","1.6","1.64",,,,,"automatic","0","8","earthquake","M 0.7 - 7 km W of Cobb, CA","https://earthquake.usgs.gov/earthquakes/eventpage/nc75442566","https://earthquake.usgs.gov/fdsnws/event/1/query?eventid=nc75442566&format=geojson"
"tx2026titukm","2026-10-01T21:23:35Z","2026-10-01T17:23:35-04:00","2026-10-01T21:36:10Z","1.8","1.8","11 km ESE of Pearsall, Texas","28.861","-98.981","United States of America","8.0","7.9774",,,,,"reviewed","0","50","earthquake","M 1.8 - 11 km ESE of Pearsall, Texas","https://earthquake.usgs.gov/earthquakes/eventpage/tx2026titukm","https://earthquake.usgs.gov/fdsnws/event/1/query?eventid=tx2026titukm&format=geojson"
"nn00925143","2026-10-01T21:15:58Z","2026-10-01T17:15:58-04:00","2026-10-02T00:01:13Z","1.1","1.14","59 km S of Kingston, Nevada","38.6778","-117.0849","United States of America","0.0","0",,,,,"reviewed","0","20","explosion","M 1.1 Explosion - 59 km S of Kingston, Nevada","https://earthquake.usgs.gov/earthquakes/eventpage/nn00925143","https://earthquake.usgs.gov/fdsnws/event/1/query?eventid=nn00925143&format=geojson"
"nc75442556","2026-10-01T21:11:54Z","2026-10-01T17:11:54-04:00","2026-10-01T21:13:31Z","1.0","0.22","8 km NW of The Geysers, CA","38.8334999084473","-122.817169189453","United States of America","1.4","1.4",,,,,"automatic","0","1","earthquake","M 0.2 - 8 km NW of The Geysers, CA","https://earthquake.usgs.gov/earthquakes/eventpage/nc75442556","https://earthquake.usgs.gov/fdsnws/event/1/query?eventid=nc75442556&format=geojson"
"ok2026tgka","2026-10-01T21:04:06Z","2026-10-01T17:04:06-04:00","2026-10-02T13:32:22Z","1.0","0.87","5 km SE of Chickasha, Oklahoma","35.01966667","-97.89766667","United States of America","10.8","10.81",,,,,"reviewed","0","12","earthquake","M 0.9 - 5 km SE of Chickasha, Oklahoma","https://earthquake.usgs.gov/earthquakes/eventpage/ok2026tgka","https://earthquake.usgs.gov/fdsnws/event/1/query?eventid=ok2026tgka&format=geojson"
"nc75442551","2026-10-01T20:47:33Z","2026-10-01T16:47:33-04:00","2026-10-01T20:49:11Z","1.1","1.09","8 km NW of The Geysers, CA","38.829833984375","-122.817337036133","United States of America","1.9","1.9",,,,,"automatic","0","18","earthquake","M 1.1 - 8 km NW of The Geysers, CA","https://earthquake.usgs.gov/earthquakes/eventpage/nc75442551","https://earthquake.usgs.gov/fdsnws/event/1/query?eventid=nc75442551&format=geojson"
"nc75442546","2026-10-01T20:45:12Z","2026-10-01T16:45:12-04:00","2026-10-01T20:46:47Z","1.0","0.7","7 km NW of The Geysers, CA","38.8278350830078","-122.813499450684","United States of America","1.4","1.43",,,,,"automatic","0","8","earthquake","M 0.7 - 7 km NW of The Geysers, CA","https://earthquake.usgs.gov/earthquakes/eventpage/nc75442546","https://earthquake.usgs.gov/fdsnws/event/1/query?eventid=nc75442546&format=geojson"
"uw714113332","2026-10-01T20:06:34Z","2026-10-01T16:06:34-04:00","2026-10-01T20:55:48Z","1.0","0.29","15 km SSE of Carbonado, Washington","46.9428333333333","-122.0065","United States of America","8.3","8.31",,,,,"reviewed","0","1","earthquake","M 0.3 - 15 km SSE of Carbonado, Washington","https://earthquake.usgs.gov/earthquakes/eventpage/uw714113332","https://earthquake.usgs.gov/fdsnws/event/1/query?eventid=uw714113332&format=geojson"
"uw714113322","2026-10-01T20:03:40Z","2026-10-01T16:03:40-04:00","2026-10-02T04:29:05Z","1.5","1.46","17 km ENE of Roosevelt, Washington","45.8013333333333","-120.013333333333","United States of America","-0.6","-0.64",,,,,"reviewed","0","33","explosion","M 1.5 Explosion - 17 km ENE of Roosevelt, Washington","https://earthquake.usgs.gov/earthquakes/eventpage/uw714113322","https://earthquake.usgs.gov/fdsnws/event/1/query?eventid=uw714113322&format=geojson"
"ci41341823","2026-10-01T19:59:42Z","2026-10-01T15:59:42-04:00","2026-10-01T21:16:14Z","1.7","1.73","25 km ESE of Ocotillo Wells, CA","33.0566666666667","-115.888666666667","United States of America","4.8","4.8",,,,,"reviewed","0","46","earthquake","M 1.7 - 25 km ESE of Ocotillo Wells, CA","https://earthquake.usgs.gov/earthquakes/eventpage/ci41341823","https://earthquake.usgs.gov/fdsnws/event/1/query?eventid=ci41341823&format=geojson"
"uw714113302","2026-10-01T19:57:47Z","2026-10-01T15:57:47-04:00","2026-10-02T04:40:27Z","1.0","0.33","38 km NNE of Amboy, Washington","46.2005","-122.186833333333","United States of America","1.3","1.28",,,,,"reviewed","0","2","earthquake","M 0.3 - 38 km NNE of Amboy, Washington","https://earthquake.usgs.gov/earthquakes/eventpage/uw714113302","https://earthquake.usgs.gov/fdsnws/event/1/query?eventid=uw714113302&format=geojson"
"nc75442516","2026-10-01T19:55:26Z","2026-10-01T15:55:26-04:00","2026-10-01T19:57:01Z","1.0","0.61","4 km NNW of The Geysers, CA","38.8079986572266","-122.781669616699","United States of America","3.1","3.1",,,,,"automatic","0","6","earthquake","M 0.6 - 4 km NNW of The Geysers, CA","https://earthquake.usgs.gov/earthquakes/eventpage/nc75442516","https://earthquake.usgs.gov/fdsnws/event/1/query?eventid=nc75442516&format=geojson"
"nc75442511","2026-10-01T19:48:05Z","2026-10-01T15:48:05-04:00","2026-10-01T19:49:42Z","1.0","0.64","11 km NW of The Geysers, CA","38.8466682434082","-122.848335266113","United States of America","1.5","1.47",,,,,"automatic","0","6","earthquake","M 0.6 - 11 km NW of The Geysers, CA","https://earthquake.usgs.gov/earthquakes/eventpage/nc75442511","https://earthquake.usgs.gov/fdsnws/event/1/query?eventid=nc75442511&format=geojson"
"nc75442506","2026-10-01T19:30:59Z","2026-10-01T15:30:59-04:00","2026-10-01T19:34:25Z","1.2","1.24","7 km NW of The Geysers, CA","38.826000213623","-122.807167053223","United States of America","2.9","2.85",,,,,"automatic","0","24","earthquake","M 1.2 - 7 km NW of The Geysers, CA","https://earthquake.usgs.gov/earthquakes/eventpage/nc75442506","https://earthquake.usgs.gov/fdsnws/event/1/query?eventid=nc75442506&format=geojson"
"nc75442501","2026-10-01T19:22:55Z","2026-10-01T15:22:55-04:00","2026-10-01T19:24:32Z","1.1","1.13","8 km W of Cobb, CA","38.8346672058105","-122.815002441406","United States of America","1.9","1.91",,,,,"automatic","0","20","earthquake","M 1.1 - 8 km W of Cobb, CA","https://earthquake.usgs.gov/earthquakes/eventpage/nc75442501","https://earthquake.usgs.gov/fdsnws/event/1/query?eventid=nc75442501&format=geojson"
"ci41341799","2026-10-01T19:09:59Z","2026-10-01T15:09:59-04:00","2026-10-01T19:42:34Z","1.1","1.12","10 km NNW of Ocotillo Wells, CA","33.2151666666667","-116.189","United States of America","10.4","10.42",,,,,"reviewed","0","19","earthquake","M 1.1 - 10 km NNW of Ocotillo Wells, CA","https://earthquake.usgs.gov/earthquakes/eventpage/ci41341799","https://earthquake.usgs.gov/fdsnws/event/1/query?eventid=ci41341799&format=geojson"
"nc75442491","2026-10-01T19:01:15Z","2026-10-01T15:01:15-04:00","2026-10-01T19:02:53Z","1.1","1.07","3 km NNW of The Geysers, CA","38.800666809082","-122.773330688477","United States of America","3.4","3.38",,,,,"automatic","0","18","earthquake","M 1.1 - 3 km NNW of The Geysers, CA","https://earthquake.usgs.gov/earthquakes/eventpage/nc75442491","https://earthquake.usgs.gov/fdsnws/event/1/query?eventid=nc75442491&format=geojson"
"tx2026tiouwa","2026-10-01T18:53:24Z","2026-10-01T14:53:24-04:00","2026-10-02T15:01:04Z","2.4","2.4","54 km SSW of Whites City, New Mexico","31.699","-104.534","United States of America","5.0","5.0232",,,,,"reviewed","0","89","earthquake","M 2.4 - 54 km SSW of Whites City, New Mexico","https://earthquake.usgs.gov/earthquakes/eventpage/tx2026tiouwa","https://earthquake.usgs.gov/fdsnws/event/1/query?eventid=tx2026tiouwa&format=geojson"
"tx2026tiotur","2026-10-01T18:52:04Z","2026-10-01T14:52:04-04:00","2026-10-02T15:23:39Z","1.9","1.9","55 km SSW of Whites City, New Mexico","31.697","-104.553","United States of America","5.2","5.2026",,,,,"reviewed","0","56","earthquake","M 1.9 - 55 km SSW of Whites City, New Mexico","https://earthquake.usgs.gov/earthquakes/eventpage/tx2026tiotur","https://earthquake.usgs.gov/fdsnws/event/1/query?eventid=tx2026tiotur&format=geojson"
"tx2026tiooka","2026-10-01T18:47:10Z","2026-10-01T14:47:10-04:00","2026-10-01T19:19:23Z","3.1","3.1","55 km SSW of Whites City, New Mexico","31.697","-104.549","United States of America","4.7","4.7284",,,,,"reviewed","0","148","earthquake","M 3.1 - 55 km SSW of Whites City, New Mexico","https://earthquake.usgs.gov/earthquakes/eventpage/tx2026tiooka","https://earthquake.usgs.gov/fdsnws/event/1/query?eventid=tx2026tiooka&format=geojson"
"nc75442466","2026-10-01T17:51:37Z","2026-10-01T13:51:37-04:00","2026-10-01T18:27:21Z","2.5","2.47","10 km NW of Pinnacles, CA","36.5981674194336","-121.217330932617","United States of America","8.9","8.89",,,,,"automatic","0","94","earthquake","M 2.5 - 10 km NW of Pinnacles, CA","https://earthquake.usgs.gov/earthquakes/eventpage/nc75442466","https://earthquake.usgs.gov/fdsnws/event/1/query?eventid=nc75442466&format=geojson"
"ci41341767","2026-10-01T17:38:06Z","2026-10-01T13:38:06-04:00","2026-10-01T18:22:09Z","1.2","1.22","11 km NW of Aguanga, CA","33.5038333333333","-116.952","United States of America","12.6","12.55",,,,,"reviewed","0","23","earthquake","M 1.2 - 11 km NW of Aguanga, CA","https://earthquake.usgs.gov/earthquakes/eventpage/ci41341767","https://earthquake.usgs.gov/fdsnws/event/1/query?eventid=ci41341767&format=geojson"
"nc75442441","2026-10-01T17:21:34Z","2026-10-01T13:21:34-04:00","2026-10-01T17:57:22Z","1.5","1.51","3 km N of Cholame, CA","35.7495002746582","-120.298835754395","United States of America","11.3","11.32",,,,,"automatic","0","35","earthquake","M 1.5 - 3 km N of Cholame, CA","https://earthquake.usgs.gov/earthquakes/eventpage/nc75442441","https://earthquake.usgs.gov/fdsnws/event/1/query?eventid=nc75442441&format=geojson"
"ci41341743","2026-10-01T17:11:47Z","2026-10-01T13:11:47-04:00","2026-10-01T17:26:17Z","1.0","0.87","21 km ESE of Anza, CA","33.5041666666667","-116.4505","United States of America","3.2","3.24",,,,,"reviewed","0","12","earthquake","M 0.9 - 21 km ESE of Anza, CA","https://earthquake.usgs.gov/earthquakes/eventpage/ci41341743","https://earthquake.usgs.gov/fdsnws/event/1/query?eventid=ci41341743&format=geojson"
"ci41341735","2026-10-01T17:10:19Z","2026-10-01T13:10:19-04:00","2026-10-02T18:36:51Z","1.0","1.02","7 km SSE of Home Gardens, CA","33.8231666666667","-117.481166666667","United States of America","-0.6","-0.64",,,,,"reviewed","0","16","quarry blast","M 1.0 Quarry Blast - 7 km SSE of Home Gardens, CA","https://earthquake.usgs.gov/earthquakes/eventpage/ci41341735","https://earthquake.usgs.gov/fdsnws/event/1/query?eventid=ci41341735&format=geojson"
"nc75442436","2026-10-01T17:09:42Z","2026-10-01T13:09:42-04:00","2026-10-01T17:11:17Z","1.0","0.9","11 km NW of The Geysers, CA","38.8473320007324","-122.848999023438","United States of America","1.3","1.25",,,,,"automatic","0","12","earthquake","M 0.9 - 11 km NW of The Geysers, CA","https://earthquake.usgs.gov/earthquakes/eventpage/nc75442436","https://earthquake.usgs.gov/fdsnws/event/1/query?eventid=nc75442436&format=geojson"
"nc75442431","2026-10-01T17:05:16Z","2026-10-01T13:05:16-04:00","2026-10-01T17:06:52Z","1.1","1.09","12 km WNW of The Geysers, CA","38.8315010070801","-122.87133026123","United States of America","1.9","1.89",,,,,"automatic","0","18","earthquake","M 1.1 - 12 km WNW of The Geysers, CA","https://earthquake.usgs.gov/earthquakes/eventpage/nc75442431","https://earthquake.usgs.gov/fdsnws/event/1/query?eventid=nc75442431&format=geojson"
"ci41341727","2026-10-01T16:58:40Z","2026-10-01T12:58:40-04:00","2026-10-01T17:27:29Z","1.7","1.69","5 km NW of Idyllwild, CA","33.7675","-116.765666666667","United States of America","15.4","15.36",,,,,"reviewed","0","44","earthquake","M 1.7 - 5 km NW of Idyllwild, CA","https://earthquake.usgs.gov/earthquakes/eventpage/ci41341727","https://earthquake.usgs.gov/fdsnws/event/1/query?eventid=ci41341727&format=geojson"
"ci41341719","2026-10-01T16:58:40Z","2026-10-01T12:58:40-04:00","2026-10-01T17:29:51Z","1.4","1.44","5 km NW of Idyllwild, CA","33.7703333333333","-116.7615","United States of America","16.0","15.97",,,,,"reviewed","0","32","earthquake","M 1.4 - 5 km NW of Idyllwild, CA","https://earthquake.usgs.gov/earthquakes/eventpage/ci41341719","https://earthquake.usgs.gov/fdsnws/event/1/query?eventid=ci41341719&format=geojson"
"nc75442426","2026-10-01T16:55:05Z","2026-10-01T12:55:05-04:00","2026-10-01T16:56:42Z","1.0","1.03","7 km WNW of Cobb, CA","38.8359985351562","-122.803833007812","United States of America","2.0","1.95",,,,,"automatic","0","16","earthquake","M 1.0 - 7 km WNW of Cobb, CA","https://earthquake.usgs.gov/earthquakes/eventpage/nc75442426","https://earthquake.usgs.gov/fdsnws/event/1/query?eventid=nc75442426&format=geojson"
"ci41341711","2026-10-01T16:52:19Z","2026-10-01T12:52:19-04:00","2026-10-01T17:28:36Z","1.1","1.06","22 km ESE of Anza, CA","33.4655","-116.461833333333","United States of America","2.5","2.45",,,,,"reviewed","0","17","earthquake","M 1.1 - 22 km ESE of Anza, CA","https://earthquake.usgs.gov/earthquakes/eventpage/ci41341711","https://earthquake.usgs.gov/fdsnws/event/1/query?eventid=ci41341711&format=geojson"
"nn00925138","2026-10-01T16:49:05Z","2026-10-01T12:49:05-04:00","2026-10-01T17:14:38Z","1.5","1.51","33 km SE of Mina, Nevada","38.148","-117.8821","United States of America","0.8","0.8245",,,,,"reviewed","0","35","earthquake","M 1.5 - 33 km SE of Mina, Nevada","https://earthquake.usgs.gov/earthquakes/eventpage/nn00925138","https://earthquake.usgs.gov/fdsnws/event/1/query?eventid=nn00925138&format=geojson"
"tx2026tikrmc","2026-10-01T16:48:40Z","2026-10-01T12:48:40-04:00","2026-10-02T16:09:07Z","1.2","1.2","6 km WNW of Westbrook, Texas","32.381","-101.08","United States of America","5.5","5.4932",,,,,"reviewed","0","22","earthquake","M 1.2 - 6 km WNW of Westbrook, Texas","https://earthquake.usgs.gov/earthquakes/eventpage/tx2026tikrmc","https://earthquake.usgs.gov/fdsnws/event/1/query?eventid=tx2026tikrmc&format=geojson"
"nc75442416","2026-10-01T16:33:19Z","2026-10-01T12:33:19-04:00","2026-10-01T16:34:56Z","1.0","0.82","6 km WNW of Cobb, CA","38.8386650085449","-122.786003112793","United States of America","1.8","1.84",,,,,"automatic","0","10","earthquake","M 0.8 - 6 km WNW of Cobb, CA","https://earthquake.usgs.gov/earthquakes/eventpage/nc75442416","https://earthquake.usgs.gov/fdsnws/event/1/query?eventid=nc75442416&format=geojson"
"nc75442411","2026-10-01T16:29:56Z","2026-10-01T12:29:56-04:00","2026-10-01T17:07:25Z","2.0","1.97","1 km NNW of East Richmond Heights, CA","37.9541664123535","-122.31616973877","United States of America","8.8","8.83",,,,,"automatic","0","60","earthquake","M 2.0 - 1 km NNW of East Richmond Heights, CA","https://earthquake.usgs.gov/earthquakes/eventpage/nc75442411","https://earthquake.usgs.gov/fdsnws/event/1/query?eventid=nc75442411&format=geojson"
"ci41341695","2026-10-01T16:23:56Z","2026-10-01T12:23:56-04:00","2026-10-01T17:27:37Z","1.0","0.69","22 km ESE of Anza, CA","33.4643333333333","-116.460333333333","United States of America","2.3","2.3",,,,,"reviewed","0","7","earthquake","M 0.7 - 22 km ESE of Anza, CA","https://earthquake.usgs.gov/earthquakes/eventpage/ci41341695","https://earthquake.usgs.gov/fdsnws/event/1/query?eventid=ci41341695&format=geojson"
"ci41341687","2026-10-01T16:10:42Z","2026-10-01T12:10:42-04:00","2026-10-01T17:28:43Z","1.0","0.81","9 km WNW of Anza, CA","33.583","-116.761333333333","United States of America","11.6","11.62",,,,,"reviewed","0","10","earthquake","M 0.8 - 9 km WNW of Anza, CA","https://earthquake.usgs.gov/earthquakes/eventpage/ci41341687","https://earthquake.usgs.gov/fdsnws/event/1/query?eventid=ci41341687&format=geojson"
"tx2026tijiwj","2026-10-01T16:08:28Z","2026-10-01T12:08:28-04:00","2026-10-02T16:13:59Z","2.4","2.4","12 km ESE of Pearsall, Texas","28.855","-98.979","United States of America","7.3","7.2511",,,,,"reviewed","0","89","earthquake","M 2.4 - 12 km ESE of Pearsall, Texas","https://earthquake.usgs.gov/earthquakes/eventpage/tx2026tijiwj","https://earthquake.usgs.gov/fdsnws/event/1/query?eventid=tx2026tijiwj&format=geojson"
"nc75442401","2026-10-01T15:53:18Z","2026-10-01T11:53:18-04:00","2026-10-01T15:54:56Z","1.0","0.97","4 km WSW of Cupertino, CA","37.3115005493164","-122.078498840332","United States of America","5.2","5.2",,,,,"automatic","0","14","earthquake","M 1.0 - 4 km WSW of Cupertino, CA","https://earthquake.usgs.gov/earthquakes/eventpage/nc75442401","https://earthquake.usgs.gov/fdsnws/event/1/query?eventid=nc75442401&format=geojson"
"ci41341679","2026-10-01T15:19:09Z","2026-10-01T11:19:09-04:00","2026-10-01T17:27:53Z","1.0","0.55","8 km SSW of Idyllwild, CA","33.6753333333333","-116.756833333333","United States of America","13.4","13.37",,,,,"reviewed","0","5","earthquake","M 0.6 - 8 km SSW of Idyllwild, CA","https://earthquake.usgs.gov/earthquakes/eventpage/ci41341679","https://earthquake.usgs.gov/fdsnws/event/1/query?eventid=ci41341679&format=geojson"
"ci41341671","2026-10-01T15:19:04Z","2026-10-01T11:19:04-04:00","2026-10-01T17:28:09Z","1.2","1.16","4 km N of Rancho Cucamonga, CA","34.1566666666667","-117.574666666667","United States of America","8.5","8.49",,,,,"reviewed","0","21","earthquake","M 1.2 - 4 km N of Rancho Cucamonga, CA","https://earthquake.usgs.gov/earthquakes/eventpage/ci41341671","https://earthquake.usgs.gov/fdsnws/event/1/query?eventid=ci41341671&format=geojson"
"tx2026tihrha","2026-10-01T15:17:57Z","2026-10-01T11:17:57-04:00","2026-10-01T16:06:56Z","1.6","1.6","55 km NW of Toyah, Texas","31.613","-104.267","United States of America","7.1","7.1252",,,,,"reviewed","0","39","earthquake","M 1.6 - 55 km NW of Toyah, Texas","https://earthquake.usgs.gov/earthquakes/eventpage/tx2026tihrha","https://earthquake.usgs.gov/fdsnws/event/1/query?eventid=tx2026tihrha&format=geojson"
"ci41341655","2026-10-01T15:11:51Z","2026-10-01T11:11:51-04:00","2026-10-01T17:26:24Z","1.6","1.64","16 km ESE of Julian, CA","33.0263333333333","-116.436833333333","United States of America","8.2","8.22",,,,,"reviewed","0","41","earthquake","M 1.6 - 16 km ESE of Julian, CA","https://earthquake.usgs.gov/earthquakes/eventpage/ci41341655","https://earthquake.usgs.gov/fdsnws/event/1/query?eventid=ci41341655&format=geojson"
"ci41341639","2026-10-01T14:49:43Z","2026-10-01T10:49:43-04:00","2026-10-01T17:28:13Z","1.0","1.03","2 km ESE of Littlerock, CA","34.5106666666667","-117.96","United States of America","7.8","7.81",,,,,"reviewed","0","16","earthquake","M 1.0 - 2 km ESE of Littlerock, CA","https://earthquake.usgs.gov/earthquakes/eventpage/ci41341639","https://earthquake.usgs.gov/fdsnws/event/1/query?eventid=ci41341639&format=geojson"
"ci41341631","2026-10-01T14:34:40Z","2026-10-01T10:34:40-04:00","2026-10-01T17:28:27Z","1.0","0.83","12 km N of Cabazon, CA","34.0265","-116.767166666667","United States of America","16.3","16.32",,,,,"reviewed","0","11","earthquake","M 0.8 - 12 km N of Cabazon, CA","https://earthquake.usgs.gov/earthquakes/eventpage/ci41341631","https://earthquake.usgs.gov/fdsnws/event/1/query?eventid=ci41341631&format=geojson"
"ci41341623","2026-10-01T14:28:35Z","2026-10-01T10:28:35-04:00","2026-10-01T17:54:54Z","1.0","0.05","9 km NNW of Anza, CA","33.6365","-116.6935","United States of America","14.0","13.98",,,,,"reviewed","0","0","earthquake","M 0.1 - 9 km NNW of Anza, CA","https://earthquake.usgs.gov/earthquakes/eventpage/ci41341623","https://earthquake.usgs.gov/fdsnws/event/1/query?eventid=ci41341623&format=geojson"
"ci41341615","2026-10-01T14:27:23Z","2026-10-01T10:27:23-04:00","2026-10-01T17:37:17Z","1.0","0.45","16 km ESE of Anza, CA","33.4886666666667","-116.519166666667","United States of America","13.3","13.27",,,,,"reviewed","0","3","earthquake","M 0.5 - 16 km ESE of Anza, CA","https://earthquake.usgs.gov/earthquakes/eventpage/ci41341615","https://earthquake.usgs.gov/fdsnws/event/1/query?eventid=ci41341615&format=geojson"
"nc75442356","2026-10-01T14:23:56Z","2026-10-01T10:23:56-04:00","2026-10-01T14:57:22Z","1.1","1.14","6 km NNW of The Geysers, CA","38.8230018615723","-122.792503356934","United States of America","2.6","2.58",,,,,"automatic","0","20","earthquake","M 1.1 - 6 km NNW of The Geysers, CA","https://earthquake.usgs.gov/earthquakes/eventpage/nc75442356","https://earthquake.usgs.gov/fdsnws/event/1/query?eventid=nc75442356&format=geojson"
"uw714112802","2026-10-01T14:18:47Z","2026-10-01T10:18:47-04:00","2026-10-01T15:28:47Z","1.3","1.27","4 km WNW of Wauna, Washington","47.396","-122.700833333333","United States of America","24.8","24.76",,,,,"reviewed","0","25","earthquake","M 1.3 - 4 km WNW of Wauna, Washington","https://earthquake.usgs.gov/earthquakes/eventpage/uw714112802","https://earthquake.usgs.gov/fdsnws/event/1/query?eventid=uw714112802&format=geojson"
"ok2026tfwn","2026-10-01T14:13:50Z","2026-10-01T10:13:50-04:00","2026-10-02T13:11:57Z","1.0","0.61","10 km WSW of Shamrock, Oklahoma","35.86633333","-96.68416667","United States of America","7.9","7.89",,,,,"reviewed","0","6","earthquake","M 0.6 - 10 km WSW of Shamrock, Oklahoma","https://earthquake.usgs.gov/earthquakes/eventpage/ok2026tfwn","https://earthquake.usgs.gov/fdsnws/event/1/query?eventid=ok2026tfwn&format=geojson"
"nc75442351","2026-10-01T14:10:59Z","2026-10-01T10:10:59-04:00","2026-10-01T14:12:37Z","1.1","1.06","5 km WSW of Cupertino, CA","37.3089981079102","-122.083831787109","United States of America","5.1","5.1",,,,,"automatic","0","17","earthquake","M 1.1 - 5 km WSW of Cupertino, CA","https://earthquake.usgs.gov/earthquakes/eventpage/nc75442351","https://earthquake.usgs.gov/fdsnws/event/1/query?eventid=nc75442351&format=geojson"
"ok2026tftz","2026-10-01T13:02:13Z","2026-10-01T09:02:13-04:00","2026-10-01T13:15:09Z","1.4","1.42","10 km WSW of Shamrock, Oklahoma","35.8605","-96.68416667","United States of America","7.5","7.48",,,,,"reviewed","0","31","earthquake","M 1.4 - 10 km WSW of Shamrock, Oklahoma","https://earthquake.usgs.gov/earthquakes/eventpage/ok2026tftz","https://earthquake.usgs.gov/fdsnws/event/1/query?eventid=ok2026tftz&format=geojson"
"uw714112752","2026-10-01T13:01:41Z","2026-10-01T09:01:41-04:00","2026-10-02T03:44:43Z","1.0","0.66","7 km W of Ahtanum, Washington","46.5495","-120.7215","United States of America","13.6","13.62",,,,,"reviewed","0","7","earthquake","M 0.7 - 7 km W of Ahtanum, Washington","https://earthquake.usgs.gov/earthquakes/eventpage/uw714112752","https://earthquake.usgs.gov/fdsnws/event/1/query?eventid=uw714112752&format=geojson"
"ci41341583","2026-10-01T12:49:59Z","2026-10-01T08:49:59-04:00","2026-10-01T12:58:45Z","1.0","0.67","4 km NNW of Anza, CA","33.5891666666667","-116.691333333333","United States of America","2.0","1.98",,,,,"reviewed","0","7","earthquake","M 0.7 - 4 km NNW of Anza, CA","https://earthquake.usgs.gov/earthquakes/eventpage/ci41341583","https://earthquake.usgs.gov/fdsnws/event/1/query?eventid=ci41341583&format=geojson"
"nc75442346","2026-10-01T12:49:01Z","2026-10-01T08:49:01-04:00","2026-10-01T13:22:21Z","1.7","1.67","8 km ESE of Cloverdale, CA","38.7756652832031","-122.93433380127","United States of America","4.8","4.75",,,,,"automatic","0","43","earthquake","M 1.7 - 8 km ESE of Cloverdale, CA","https://earthquake.usgs.gov/earthquakes/eventpage/nc75442346","https://earthquake.usgs.gov/fdsnws/event/1/query?eventid=nc75442346&format=geojson"
"uu80158331","2026-10-01T12:26:37Z","2026-10-01T08:26:37-04:00","2026-10-01T13:17:40Z","2.8","2.84","2 km NNW of Little America, Wyoming","41.5615","-109.870333333333","United States of America","-3.2","-3.19",,,,,"reviewed","0","124","earthquake","M 2.8 - 2 km NNW of Little America, Wyoming","https://earthquake.usgs.gov/earthquakes/eventpage/uu80158331","https://earthquake.usgs.gov/fdsnws/event/1/query?eventid=uu80158331&format=geojson"
"uw714112742","2026-10-01T11:59:30Z","2026-10-01T07:59:30-04:00","2026-10-02T00:13:54Z","1.0","0.18","38 km NNE of Amboy, Washington","46.2018333333333","-122.186833333333","United States of America","2.3","2.26",,,,,"reviewed","0","0","earthquake","M 0.2 - 38 km NNE of Amboy, Washington","https://earthquake.usgs.gov/earthquakes/eventpage/uw714112742","https://earthquake.usgs.gov/fdsnws/event/1/query?eventid=uw714112742&format=geojson"
"uw714112732","2026-10-01T11:43:36Z","2026-10-01T07:43:36-04:00","2026-10-01T23:06:27Z","1.6","1.56","1 km SW of Mount Angel, Oregon","45.058","-122.8185","United States of America","24.4","24.37",,,,,"reviewed","0","37","earthquake","M 1.6 - 1 km SW of Mount Angel, Oregon","https://earthquake.usgs.gov/earthquakes/eventpage/uw714112732","https://earthquake.usgs.gov/fdsnws/event/1/query?eventid=uw714112732&format=geojson"
"nn00925129","2026-10-01T11:43:29Z","2026-10-01T07:43:29-04:00","2026-10-01T16:07:50Z","1.8","1.78","29 km SSE of Mina, Nevada","38.1585","-117.9475","United States of America","6.0","5.9807",,,,,"reviewed","0","49","earthquake","M 1.8 - 29 km SSE of Mina, Nevada","https://earthquake.usgs.gov/earthquakes/eventpage/nn00925129","https://earthquake.usgs.gov/fdsnws/event/1/query?eventid=nn00925129&format=geojson"
"ci41341575","2026-10-01T11:25:02Z","2026-10-01T07:25:02-04:00","2026-10-01T12:59:01Z","1.0","0.47","9 km WNW of Anza, CA","33.5851666666667","-116.7595","United States of America","12.0","11.98",,,,,"reviewed","0","3","earthquake","M 0.5 - 9 km WNW of Anza, CA","https://earthquake.usgs.gov/earthquakes/eventpage/ci41341575","https://earthquake.usgs.gov/fdsnws/event/1/query?eventid=ci41341575&format=geojson"
"uu80158326","2026-10-01T10:55:28Z","2026-10-01T06:55:28-04:00","2026-10-01T13:38:05Z","1.5","1.54","17 km E of Springdale, Utah","37.1625","-112.803833333333","United States of America","18.2","18.17",,,,,"reviewed","0","36","earthquake","M 1.5 - 17 km E of Springdale, Utah","https://earthquake.usgs.gov/earthquakes/eventpage/uu80158326","https://earthquake.usgs.gov/fdsnws/event/1/query?eventid=uu80158326&format=geojson"
"tx2026thytiz","2026-10-01T10:48:48Z","2026-10-01T06:48:48-04:00","2026-10-01T21:09:58Z","1.9","1.9","14 km E of Pearsall, Texas","28.873","-98.945","United States of America","8.7","8.6845",,,,,"reviewed","0","56","earthquake","M 1.9 - 14 km E of Pearsall, Texas","https://earthquake.usgs.gov/earthquakes/eventpage/tx2026thytiz","https://earthquake.usgs.gov/fdsnws/event/1/query?eventid=tx2026thytiz&format=geojson"
"ci41341567","2026-10-01T10:46:43Z","2026-10-01T06:46:43-04:00","2026-10-01T12:59:58Z","1.1","1.13","18 km NNE of Indio, CA","33.8796666666667","-116.176833333333","United States of America","3.4","3.36",,,,,"reviewed","0","20","earthquake","M 1.1 - 18 km NNE of Indio, CA","https://earthquake.usgs.gov/earthquakes/eventpage/ci41341567","https://earthquake.usgs.gov/fdsnws/event/1/query?eventid=ci41341567&format=geojson"
"ci41341559","2026-10-01T10:33:14Z","2026-10-01T06:33:14-04:00","2026-10-01T19:22:42Z","1.1","1.14","23 km ESE of Ocotillo Wells, CA","33.0596666666667","-115.908","United States of America","2.7","2.68",,,,,"reviewed","0","20","earthquake","M 1.1 - 23 km ESE of Ocotillo Wells, CA","https://earthquake.usgs.gov/earthquakes/eventpage/ci41341559","https://earthquake.usgs.gov/fdsnws/event/1/query?eventid=ci41341559&format=geojson"
"ci41341551","2026-10-01T10:16:42Z","2026-10-01T06:16:42-04:00","2026-10-01T12:59:54Z","2.1","2.11","4 km W of Devore, CA","34.2218333333333","-117.440666666667","United States of America","10.4","10.39",,,,,"reviewed","0","68","earthquake","M 2.1 - 4 km W of Devore, CA","https://earthquake.usgs.gov/earthquakes/eventpage/ci41341551","https://earthquake.usgs.gov/fdsnws/event/1/query?eventid=ci41341551&format=geojson"
"tx2026thwyhf","2026-10-01T09:54:09Z","2026-10-01T05:54:09-04:00","2026-10-01T21:23:14Z","1.9","1.9","60 km S of Whites City, New Mexico","31.632","-104.354","United States of America","6.8","6.7664",,,,,"reviewed","0","56","earthquake","M 1.9 - 60 km S of Whites City, New Mexico","https://earthquake.usgs.gov/earthquakes/eventpage/tx2026thwyhf","https://earthquake.usgs.gov/fdsnws/event/1/query?eventid=tx2026thwyhf&format=geojson"
"nc75442291","2026-10-01T09:51:17Z","2026-10-01T05:51:17-04:00","2026-10-01T09:52:56Z","1.0","0.2","5 km WNW of Cobb, CA","38.8368339538574","-122.781997680664","United States of America","2.0","2.04",,,,,"automatic","0","1","earthquake","M 0.2 - 5 km WNW of Cobb, CA","https://earthquake.usgs.gov/earthquakes/eventpage/nc75442291","https://earthquake.usgs.gov/fdsnws/event/1/query?eventid=nc75442291&format=geojson"
"ci41341543","2026-10-01T09:24:49Z","2026-10-01T05:24:49-04:00","2026-10-01T19:29:59Z","1.3","1.3","23 km ESE of Ocotillo Wells, CA","33.0576666666667","-115.907666666667","United States of America","2.0","1.99",,,,,"reviewed","0","26","earthquake","M 1.3 - 23 km ESE of Ocotillo Wells, CA","https://earthquake.usgs.gov/earthquakes/eventpage/ci41341543","https://earthquake.usgs.gov/fdsnws/event/1/query?eventid=ci41341543&format=geojson"
"ok2026tfmr","2026-10-01T09:15:20Z","2026-10-01T05:15:20-04:00","2026-10-02T12:58:44Z","1.0","0.85","8 km NW of Prague, Oklahoma","35.54016667","-96.74933333","United States of America","5.9","5.86",,,,,"reviewed","0","11","earthquake","M 0.9 - 8 km NW of Prague, Oklahoma","https://earthquake.usgs.gov/earthquakes/eventpage/ok2026tfmr","https://earthquake.usgs.gov/fdsnws/event/1/query?eventid=ok2026tfmr&format=geojson"
"nc75442266","2026-10-01T09:04:33Z","2026-10-01T05:04:33-04:00","2026-10-01T09:06:11Z","1.0","0.76","5 km NW of The Geysers, CA","38.8026657104492","-122.796997070312","United States of America","3.4","3.36",,,,,"automatic","0","9","earthquake","M 0.8 - 5 km NW of The Geysers, CA","https://earthquake.usgs.gov/earthquakes/eventpage/nc75442266","https://earthquake.usgs.gov/fdsnws/event/1/query?eventid=nc75442266&format=geojson"
"nc75442261","2026-10-01T08:54:26Z","2026-10-01T04:54:26-04:00","2026-10-01T08:56:01Z","1.0","0.23","6 km W of Cobb, CA","38.8310012817383","-122.796333312988","United States of America","1.1","1.07",,,,,"automatic","0","1","earthquake","M 0.2 - 6 km W of Cobb, CA","https://earthquake.usgs.gov/earthquakes/eventpage/nc75442261","https://earthquake.usgs.gov/fdsnws/event/1/query?eventid=nc75442261&format=geojson"
"uw714112722","2026-10-01T08:46:56Z","2026-10-01T04:46:56-04:00","2026-10-01T22:29:56Z","1.1","1.11","3 km NNW of Fall City, Washington","47.5918333333333","-121.908","United States of America","16.0","16",,,,,"reviewed","0","19","earthquake","M 1.1 - 3 km NNW of Fall City, Washington","https://earthquake.usgs.gov/earthquakes/eventpage/uw714112722","https://earthquake.usgs.gov/fdsnws/event/1/query?eventid=uw714112722&format=geojson"
"nc75442256","2026-10-01T08:45:59Z","2026-10-01T04:45:59-04:00","2026-10-01T08:47:35Z","1.0","0.99","13 km NW of The Geysers, CA","38.8406677246094","-122.875999450684","United States of America","2.5","2.51",,,,,"automatic","0","15","earthquake","M 1.0 - 13 km NW of The Geysers, CA","https://earthquake.usgs.gov/earthquakes/eventpage/nc75442256","https://earthquake.usgs.gov/fdsnws/event/1/query?eventid=nc75442256&format=geojson"
"pr71535278","2026-10-01T08:45:58Z","2026-10-01T04:45:58-04:00","2026-10-01T09:22:44Z","2.8","2.78","16 km NNE of Arecibo, Puerto Rico","18.6055","-66.6538333333333","Puerto Rico","14.4","14.37",,,,,"reviewed","0","119","earthquake","M 2.8 - 16 km NNE of Arecibo, Puerto Rico","https://earthquake.usgs.gov/earthquakes/eventpage/pr71535278","https://earthquake.usgs.gov/fdsnws/event/1/query?eventid=pr71535278&format=geojson"
"nc75442251","2026-10-01T08:36:03Z","2026-10-01T04:36:03-04:00","2026-10-01T09:52:21Z","2.4","2.38","7 km SE of Pinnacles, CA","36.4853324890137","-121.08716583252","United States of America","5.1","5.06",,,,,"automatic","0","87","earthquake","M 2.4 - 7 km SE of Pinnacles, CA","https://earthquake.usgs.gov/earthquakes/eventpage/nc75442251","https://earthquake.usgs.gov/fdsnws/event/1/query?eventid=nc75442251&format=geojson"
"nc75442246","2026-10-01T08:30:17Z","2026-10-01T04:30:17-04:00","2026-10-01T09:32:25Z","1.4","1.43","7 km ESE of Cloverdale, CA","38.7881660461426","-122.938667297363","United States of America","4.3","4.28",,,,,"automatic","0","31","earthquake","M 1.4 - 7 km ESE of Cloverdale, CA","https://earthquake.usgs.gov/earthquakes/eventpage/nc75442246","https://earthquake.usgs.gov/fdsnws/event/1/query?eventid=nc75442246&format=geojson"
"pr71535273","2026-10-01T08:19:14Z","2026-10-01T04:19:14-04:00","2026-10-01T08:33:46Z","2.2","2.2","5 km WSW of Fuig, Puerto Rico","17.9656666666667","-66.9578333333333","Puerto Rico","15.9","15.94",,,,,"reviewed","0","74","earthquake","M 2.2 - 5 km WSW of Fuig, Puerto Rico","https://earthquake.usgs.gov/earthquakes/eventpage/pr71535273","https://earthquake.usgs.gov/fdsnws/event/1/query?eventid=pr71535273&format=geojson"
"nc75442241","2026-10-01T08:16:50Z","2026-10-01T04:16:50-04:00","2026-10-01T08:18:25Z","1.0","0.38","8 km WNW of Cobb, CA","38.8371658325195","-122.811500549316","United States of America","1.9","1.89",,,,,"automatic","0","2","earthquake","M 0.4 - 8 km WNW of Cobb, CA","https://earthquake.usgs.gov/earthquakes/eventpage/nc75442241","https://earthquake.usgs.gov/fdsnws/event/1/query?eventid=nc75442241&format=geojson"
"us6000tyqw","2026-10-01T08:14:59Z","2026-10-01T04:14:59-04:00","2026-10-01T08:31:56Z","4.1","4.1","28 km SW of Buenos Aires, Mexico","14.7356","-92.6959","Mexico","71.3","71.276",,,,,"reviewed","0","259","earthquake","M 4.1 - 28 km SW of Buenos Aires, Mexico","https://earthquake.usgs.gov/earthquakes/eventpage/us6000tyqw","https://earthquake.usgs.gov/fdsnws/event/1/query?eventid=us6000tyqw&format=geojson"
"nc75442236","2026-10-01T08:13:21Z","2026-10-01T04:13:21-04:00","2026-10-01T08:14:55Z","1.0","0.76","8 km W of Cobb, CA","38.8344993591309","-122.813667297363","United States of America","2.0","1.95",,,,,"automatic","0","9","earthquake","M 0.8 - 8 km W of Cobb, CA","https://earthquake.usgs.gov/earthquakes/eventpage/nc75442236","https://earthquake.usgs.gov/fdsnws/event/1/query?eventid=nc75442236&format=geojson"
"nc75442231","2026-10-01T08:11:35Z","2026-10-01T04:11:35-04:00","2026-10-01T08:13:10Z","1.0","0.76","8 km WNW of Cobb, CA","38.8361663818359","-122.811500549316","United States of America","2.1","2.06",,,,,"automatic","0","9","earthquake","M 0.8 - 8 km WNW of Cobb, CA","https://earthquake.usgs.gov/earthquakes/eventpage/nc75442231","https://earthquake.usgs.gov/fdsnws/event/1/query?eventid=nc75442231&format=geojson"
"ci41341535","2026-10-01T07:58:22Z","2026-10-01T03:58:22-04:00","2026-10-01T13:02:12Z","1.0","0.64","8 km S of Idyllwild, CA","33.6636666666667","-116.7155","United States of America","13.5","13.52",,,,,"reviewed","0","6","earthquake","M 0.6 - 8 km S of Idyllwild, CA","https://earthquake.usgs.gov/earthquakes/eventpage/ci41341535","https://earthquake.usgs.gov/fdsnws/event/1/query?eventid=ci41341535&format=geojson"
"nc75442226","2026-10-01T07:55:46Z","2026-10-01T03:55:46-04:00","2026-10-01T09:07:22Z","1.3","1.27","8 km ESE of Cloverdale, CA","38.7775001525879","-122.933166503906","United States of America","5.2","5.16",,,,,"automatic","0","25","earthquake","M 1.3 - 8 km ESE of Cloverdale, CA","https://earthquake.usgs.gov/earthquakes/eventpage/nc75442226","https://earthquake.usgs.gov/fdsnws/event/1/query?eventid=nc75442226&format=geojson"
"ci41341527","2026-10-01T07:41:17Z","2026-10-01T03:41:17-04:00","2026-10-01T13:02:05Z","1.0","0.96","2 km SSE of Loma Linda, CA","34.0338333333333","-117.253833333333","United States of America","16.9","16.85",,,,,"reviewed","0","14","earthquake","M 1.0 - 2 km SSE of Loma Linda, CA","https://earthquake.usgs.gov/earthquakes/eventpage/ci41341527","https://earthquake.usgs.gov/fdsnws/event/1/query?eventid=ci41341527&format=geojson"
"uu80158321","2026-10-01T07:36:51Z","2026-10-01T03:36:51-04:00","2026-10-01T13:27:42Z","1.7","1.71","14 km NE of Milford, Utah","38.4993333333333","-112.9065","United States of America","4.0","4.02",,,,,"reviewed","0","45","earthquake","M 1.7 - 14 km NE of Milford, Utah","https://earthquake.usgs.gov/earthquakes/eventpage/uu80158321","https://earthquake.usgs.gov/fdsnws/event/1/query?eventid=uu80158321&format=geojson"
"nc75442221","2026-10-01T07:30:02Z","2026-10-01T03:30:02-04:00","2026-10-01T08:37:24Z","1.1","1.1","8 km W of Cobb, CA","38.8344993591309","-122.810668945312","United States of America","1.7","1.74",,,,,"automatic","0","19","earthquake","M 1.1 - 8 km W of Cobb, CA","https://earthquake.usgs.gov/earthquakes/eventpage/nc75442221","https://earthquake.usgs.gov/fdsnws/event/1/query?eventid=nc75442221&format=geojson"
"tx2026thsbif","2026-10-01T07:27:27Z","2026-10-01T03:27:27-04:00","2026-10-01T09:43:47Z","1.6","1.6","54 km S of Whites City, New Mexico","31.687","-104.415","United States of America","7.0","7.0227",,,,,"reviewed","0","39","earthquake","M 1.6 - 54 km S of Whites City, New Mexico","https://earthquake.usgs.gov/earthquakes/eventpage/tx2026thsbif","https://earthquake.usgs.gov/fdsnws/event/1/query?eventid=tx2026thsbif&format=geojson"
"ci41341519","2026-10-01T07:23:21Z","2026-10-01T03:23:21-04:00","2026-10-01T13:01:27Z","1.0","0.51","9 km WNW of Anza, CA","33.585","-116.759333333333","United States of America","12.6","12.57",,,,,"reviewed","0","4","earthquake","M 0.5 - 9 km WNW of Anza, CA","https://earthquake.usgs.gov/earthquakes/eventpage/ci41341519","https://earthquake.usgs.gov/fdsnws/event/1/query?eventid=ci41341519&format=geojson"
"tx2026thruqf","2026-10-01T07:19:04Z","2026-10-01T03:19:04-04:00","2026-10-01T08:59:39Z","2.0","2","54 km S of Whites City, New Mexico","31.685","-104.361","United States of America","7.8","7.7917",,,,,"reviewed","0","62","earthquake","M 2.0 - 54 km S of Whites City, New Mexico","https://earthquake.usgs.gov/earthquakes/eventpage/tx2026thruqf","https://earthquake.usgs.gov/fdsnws/event/1/query?eventid=tx2026thruqf&format=geojson"
"tx2026thrpmt","2026-10-01T07:13:10Z","2026-10-01T03:13:10-04:00","2026-10-01T09:07:17Z","1.6","1.6","34 km NW of Toyah, Texas","31.563","-104.009","United States of America","7.6","7.5867",,,,,"reviewed","0","39","earthquake","M 1.6 - 34 km NW of Toyah, Texas","https://earthquake.usgs.gov/earthquakes/eventpage/tx2026thrpmt","https://earthquake.usgs.gov/fdsnws/event/1/query?eventid=tx2026thrpmt&format=geojson"
"nc75442211","2026-10-01T07:12:43Z","2026-10-01T03:12:43-04:00","2026-10-01T07:14:19Z","1.0","0.7","8 km W of Cobb, CA","38.8354988098145","-122.81233215332","United States of America","2.1","2.09",,,,,"automatic","0","8","earthquake","M 0.7 - 8 km W of Cobb, CA","https://earthquake.usgs.gov/earthquakes/eventpage/nc75442211","https://earthquake.usgs.gov/fdsnws/event/1/query?eventid=nc75442211&format=geojson"
"nc75442206","2026-10-01T07:11:36Z","2026-10-01T03:11:36-04:00","2026-10-01T07:13:10Z","1.0","0.74","8 km W of Cobb, CA","38.833667755127","-122.813163757324","United States of America","2.0","1.97",,,,,"automatic","0","8","earthquake","M 0.7 - 8 km W of Cobb, CA","https://earthquake.usgs.gov/earthquakes/eventpage/nc75442206","https://earthquake.usgs.gov/fdsnws/event/1/query?eventid=nc75442206&format=geojson"
"nc75442201","2026-10-01T07:10:13Z","2026-10-01T03:10:13-04:00","2026-10-01T08:12:20Z","1.5","1.45","8 km W of Cobb, CA","38.8334999084473","-122.811836242676","United States of America","2.1","2.09",,,,,"automatic","0","32","earthquake","M 1.5 - 8 km W of Cobb, CA","https://earthquake.usgs.gov/earthquakes/eventpage/nc75442201","https://earthquake.usgs.gov/fdsnws/event/1/query?eventid=nc75442201&format=geojson"
"nc75442196","2026-10-01T07:09:55Z","2026-10-01T03:09:55-04:00","2026-10-01T07:42:23Z","1.9","1.92","8 km W of Cobb, CA","38.8344993591309","-122.812164306641","United States of America","2.0","1.97",,,,,"automatic","0","57","earthquake","M 1.9 - 8 km W of Cobb, CA","https://earthquake.usgs.gov/earthquakes/eventpage/nc75442196","https://earthquake.usgs.gov/fdsnws/event/1/query?eventid=nc75442196&format=geojson"
"nc75442191","2026-10-01T07:03:44Z","2026-10-01T03:03:44-04:00","2026-10-01T07:05:19Z","1.0","0.71","5 km NNW of The Geysers, CA","38.813835144043","-122.786331176758","United States of America","2.9","2.85",,,,,"automatic","0","8","earthquake","M 0.7 - 5 km NNW of The Geysers, CA","https://earthquake.usgs.gov/earthquakes/eventpage/nc75442191","https://earthquake.usgs.gov/fdsnws/event/1/query?eventid=nc75442191&format=geojson"
"ci41341511","2026-10-01T06:56:19Z","2026-10-01T02:56:19-04:00","2026-10-01T13:01:39Z","1.0","0.58","9 km WNW of Anza, CA","33.5825","-116.761333333333","United States of America","12.5","12.5",,,,,"reviewed","0","5","earthquake","M 0.6 - 9 km WNW of Anza, CA","https://earthquake.usgs.gov/earthquakes/eventpage/ci41341511","https://earthquake.usgs.gov/fdsnws/event/1/query?eventid=ci41341511&format=geojson"
"tx2026thqykj","2026-10-01T06:53:38Z","2026-10-01T02:53:38-04:00","2026-10-02T07:28:25Z","1.0","0.9","35 km SSW of Los Ybanez, Texas","32.433","-102.094","United States of America","8.6","8.6182",,,,,"reviewed","0","12","earthquake","M 0.9 - 35 km SSW of Los Ybanez, Texas","https://earthquake.usgs.gov/earthquakes/eventpage/tx2026thqykj","https://earthquake.usgs.gov/fdsnws/event/1/query?eventid=tx2026thqykj&format=geojson"
"tx2026thqubw","2026-10-01T06:48:16Z","2026-10-01T02:48:16-04:00","2026-10-01T14:08:45Z","1.2","1.2","14 km S of Ackerly, Texas","32.393","-101.707","United States of America","8.3","8.3496",,,,,"reviewed","0","22","earthquake","M 1.2 - 14 km S of Ackerly, Texas","https://earthquake.usgs.gov/earthquakes/eventpage/tx2026thqubw","https://earthquake.usgs.gov/fdsnws/event/1/query?eventid=tx2026thqubw&format=geojson"
"ci41341503","2026-10-01T06:36:09Z","2026-10-01T02:36:09-04:00","2026-10-01T13:03:16Z","2.0","1.96","9 km WNW of Anza, CA","33.5771666666667","-116.768","United States of America","12.0","11.96",,,,,"reviewed","0","59","earthquake","M 2.0 - 9 km WNW of Anza, CA","https://earthquake.usgs.gov/earthquakes/eventpage/ci41341503","https://earthquake.usgs.gov/fdsnws/event/1/query?eventid=ci41341503&format=geojson"
"ci41341495","2026-10-01T06:29:12Z","2026-10-01T02:29:12-04:00","2026-10-01T18:48:28Z","1.0","0.28","9 km WNW of Anza, CA","33.59","-116.757","United States of America","12.2","12.15",,,,,"reviewed","0","1","earthquake","M 0.3 - 9 km WNW of Anza, CA","https://earthquake.usgs.gov/earthquakes/eventpage/ci41341495","https://earthquake.usgs.gov/fdsnws/event/1/query?eventid=ci41341495&format=geojson"
"nc75442181","2026-10-01T06:13:18Z","2026-10-01T02:13:18-04:00","2026-10-01T06:52:20Z","1.8","1.77","4 km NW of Santa Rosa, CA","38.47216796875","-122.742500305176","United States of America","7.4","7.35",,,,,"automatic","0","48","earthquake","M 1.8 - 4 km NW of Santa Rosa, CA","https://earthquake.usgs.gov/earthquakes/eventpage/nc75442181","https://earthquake.usgs.gov/fdsnws/event/1/query?eventid=nc75442181&format=geojson"
"ci10254734","2026-10-01T06:05:54Z","2026-10-01T02:05:54-04:00","2026-10-01T19:14:23Z","1.0","0.27","12 km NE of Julian, CA","33.154","-116.513333333333","United States of America","7.8","7.84",,,,,"reviewed","0","1","earthquake","M 0.3 - 12 km NE of Julian, CA","https://earthquake.usgs.gov/earthquakes/eventpage/ci10254734","https://earthquake.usgs.gov/fdsnws/event/1/query?eventid=ci10254734&format=geojson"
"ci41341487","2026-10-01T06:05:49Z","2026-10-01T02:05:49-04:00","2026-10-01T19:14:07Z","1.0","0.9","24 km ESE of Ocotillo Wells, CA","33.0651666666667","-115.892","United States of America","6.9","6.92",,,,,"reviewed","0","12","earthquake","M 0.9 - 24 km ESE of Ocotillo Wells, CA","https://earthquake.usgs.gov/earthquakes/eventpage/ci41341487","https://earthquake.usgs.gov/fdsnws/event/1/query?eventid=ci41341487&format=geojson"
"ci41341479","2026-10-01T06:04:16Z","2026-10-01T02:04:16-04:00","2026-10-01T06:07:43Z","1.1","1.06","24 km ESE of Ocotillo Wells, CA","33.0596666666667","-115.898666666667","United States of America","3.7","3.68",,,,,"automatic","0","17","earthquake","M 1.1 - 24 km ESE of Ocotillo Wells, CA","https://earthquake.usgs.gov/earthquakes/eventpage/ci41341479","https://earthquake.usgs.gov/fdsnws/event/1/query?eventid=ci41341479&format=geojson"
"ci41341471","2026-10-01T05:59:18Z","2026-10-01T01:59:18-04:00","2026-10-01T13:03:11Z","1.0","0.92","24 km ESE of Ocotillo Wells, CA","33.0596666666667","-115.899666666667","United States of America","3.3","3.28",,,,,"reviewed","0","13","earthquake","M 0.9 - 24 km ESE of Ocotillo Wells, CA","https://earthquake.usgs.gov/earthquakes/eventpage/ci41341471","https://earthquake.usgs.gov/fdsnws/event/1/query?eventid=ci41341471&format=geojson"
"nc75442176","2026-10-01T05:42:49Z","2026-10-01T01:42:49-04:00","2026-10-01T05:44:25Z","1.0","0.53","6 km NW of The Geysers, CA","38.8126678466797","-122.801330566406","United States of America","0.7","0.68",,,,,"automatic","0","4","earthquake","M 0.5 - 6 km NW of The Geysers, CA","https://earthquake.usgs.gov/earthquakes/eventpage/nc75442176","https://earthquake.usgs.gov/fdsnws/event/1/query?eventid=nc75442176&format=geojson"
"tx2026tholyj","2026-10-01T05:38:40Z","2026-10-01T01:38:40-04:00","2026-10-01T10:37:52Z","1.5","1.5","39 km ESE of Malaga, New Mexico","32.055","-103.701","United States of America","7.5","7.5226",,,,,"reviewed","0","35","earthquake","M 1.5 - 39 km ESE of Malaga, New Mexico","https://earthquake.usgs.gov/earthquakes/eventpage/tx2026tholyj","https://earthquake.usgs.gov/fdsnws/event/1/query?eventid=tx2026tholyj&format=geojson"
"ci41341463","2026-10-01T05:35:31Z","2026-10-01T01:35:31-04:00","2026-10-01T13:03:27Z","1.0","0.95","24 km ESE of Ocotillo Wells, CA","33.0613333333333","-115.897166666667","United States of America","3.6","3.55",,,,,"reviewed","0","14","earthquake","M 1.0 - 24 km ESE of Ocotillo Wells, CA","https://earthquake.usgs.gov/earthquakes/eventpage/ci41341463","https://earthquake.usgs.gov/fdsnws/event/1/query?eventid=ci41341463&format=geojson"
"ci41341455","2026-10-01T05:34:48Z","2026-10-01T01:34:48-04:00","2026-10-01T13:03:45Z","1.2","1.16","23 km ESE of Ocotillo Wells, CA","33.057","-115.911333333333","United States of America","1.9","1.88",,,,,"reviewed","0","21","earthquake","M 1.2 - 23 km ESE of Ocotillo Wells, CA","https://earthquake.usgs.gov/earthquakes/eventpage/ci41341455","https://earthquake.usgs.gov/fdsnws/event/1/query?eventid=ci41341455&format=geojson"
"ci41341447","2026-10-01T05:28:31Z","2026-10-01T01:28:31-04:00","2026-10-01T13:05:24Z","1.0","1.03","23 km ESE of Ocotillo Wells, CA","33.055","-115.912","United States of America","1.9","1.92",,,,,"reviewed","0","16","earthquake","M 1.0 - 23 km ESE of Ocotillo Wells, CA","https://earthquake.usgs.gov/earthquakes/eventpage/ci41341447","https://earthquake.usgs.gov/fdsnws/event/1/query?eventid=ci41341447&format=geojson"
"pr2026274000","2026-10-01T05:25:44Z","2026-10-01T01:25:44-04:00","2026-10-01T07:48:23Z","3.5","3.5","99 km NNE of Cruz Bay, U.S. Virgin Islands","19.1245","-64.3456","U.S. Virgin Islands","12.0","12",,,,,"reviewed","0","188","earthquake","M 3.5 - 99 km NNE of Cruz Bay, U.S. Virgin Islands","https://earthquake.usgs.gov/earthquakes/eventpage/pr2026274000","https://earthquake.usgs.gov/fdsnws/event/1/query?eventid=pr2026274000&format=geojson"
"tx2026thoamb","2026-10-01T05:25:08Z","2026-10-01T01:25:08-04:00","2026-10-01T11:18:49Z","2.0","2","16 km ESE of Pearsall, Texas","28.841","-98.939","United States of America","7.6","7.5588",,,,,"reviewed","0","62","earthquake","M 2.0 - 16 km ESE of Pearsall, Texas","https://earthquake.usgs.gov/earthquakes/eventpage/tx2026thoamb","https://earthquake.usgs.gov/fdsnws/event/1/query?eventid=tx2026thoamb&format=geojson"
"tx2026thnyno","2026-10-01T05:22:54Z","2026-10-01T01:22:54-04:00","2026-10-01T08:48:08Z","2.0","2","57 km S of Whites City, New Mexico","31.657","-104.37","United States of America","7.1","7.1252",,,,,"reviewed","0","62","earthquake","M 2.0 - 57 km S of Whites City, New Mexico","https://earthquake.usgs.gov/earthquakes/eventpage/tx2026thnyno","https://earthquake.usgs.gov/fdsnws/event/1/query?eventid=tx2026thnyno&format=geojson"
"tx2026thmsjn","2026-10-01T04:48:44Z","2026-10-01T00:48:44-04:00","2026-10-02T08:10:48Z","1.0","0.9","18 km SSW of Jal, New Mexico","31.973","-103.303","United States of America","7.7","7.7393",,,,,"reviewed","0","12","earthquake","M 0.9 - 18 km SSW of Jal, New Mexico","https://earthquake.usgs.gov/earthquakes/eventpage/tx2026thmsjn","https://earthquake.usgs.gov/fdsnws/event/1/query?eventid=tx2026thmsjn&format=geojson"
"nc75442166","2026-10-01T04:48:42Z","2026-10-01T00:48:42-04:00","2026-10-01T04:50:19Z","1.0","0.96","2 km WSW of Anderson Springs, CA","38.7696647644043","-122.719833374023","United States of America","1.0","0.97",,,,,"automatic","0","14","earthquake","M 1.0 - 2 km WSW of Anderson Springs, CA","https://earthquake.usgs.gov/earthquakes/eventpage/nc75442166","https://earthquake.usgs.gov/fdsnws/event/1/query?eventid=nc75442166&format=geojson"
"nc75442161","2026-10-01T04:47:07Z","2026-10-01T00:47:07-04:00","2026-10-01T05:32:23Z","1.2","1.24","10 km WNW of The Geysers, CA","38.8288345336914","-122.855499267578","United States of America","2.6","2.55",,,,,"automatic","0","24","earthquake","M 1.2 - 10 km WNW of The Geysers, CA","https://earthquake.usgs.gov/earthquakes/eventpage/nc75442161","https://earthquake.usgs.gov/fdsnws/event/1/query?eventid=nc75442161&format=geojson"
"nc75442156","2026-10-01T04:30:05Z","2026-10-01T00:30:05-04:00","2026-10-01T05:07:28Z","1.7","1.67","3 km SSW of Anderson Springs, CA","38.7481651306152","-122.704002380371","United States of America","2.0","1.99",,,,,"automatic","0","43","earthquake","M 1.7 - 3 km SSW of Anderson Springs, CA","https://earthquake.usgs.gov/earthquakes/eventpage/nc75442156","https://earthquake.usgs.gov/fdsnws/event/1/query?eventid=nc75442156&format=geojson"
"tx2026thlrvh","2026-10-01T04:14:44Z","2026-10-01T00:14:44-04:00","2026-10-01T11:26:25Z","1.6","1.6","13 km E of Pearsall, Texas","28.898","-98.956","United States of America","7.9","7.8552",,,,,"reviewed","0","39","earthquake","M 1.6 - 13 km E of Pearsall, Texas","https://earthquake.usgs.gov/earthquakes/eventpage/tx2026thlrvh","https://earthquake.usgs.gov/fdsnws/event/1/query?eventid=tx2026thlrvh&format=geojson"
"ci41341431","2026-10-01T04:08:36Z","2026-10-01T00:08:36-04:00","2026-10-01T13:04:16Z","1.0","0.49","8 km E of Anza, CA","33.5453333333333","-116.5855","United States of America","12.3","12.25",,,,,"reviewed","0","4","earthquake","M 0.5 - 8 km E of Anza, CA","https://earthquake.usgs.gov/earthquakes/eventpage/ci41341431","https://earthquake.usgs.gov/fdsnws/event/1/query?eventid=ci41341431&format=geojson"
"tx2026thljph","2026-10-01T04:05:13Z","2026-10-01T00:05:13-04:00","2026-10-01T10:22:42Z","1.7","1.7","38 km NNW of Toyah, Texas","31.617","-103.998","United States of America","7.9","7.8815",,,,,"reviewed","0","44","earthquake","M 1.7 - 38 km NNW of Toyah, Texas","https://earthquake.usgs.gov/earthquakes/eventpage/tx2026thljph","https://earthquake.usgs.gov/fdsnws/event/1/query?eventid=tx2026thljph&format=geojson"
"nc75442151","2026-10-01T04:02:24Z","2026-10-01T00:02:24-04:00","2026-10-01T04:27:24Z","2.0","2.02","5 km NW of Dixon Lane-Meadow Creek, CA","37.4266662597656","-118.450836181641","United States of America","5.3","5.34",,,,,"automatic","0","63","earthquake","M 2.0 - 5 km NW of Dixon Lane-Meadow Creek, CA","https://earthquake.usgs.gov/earthquakes/eventpage/nc75442151","https://earthquake.usgs.gov/fdsnws/event/1/query?eventid=nc75442151&format=geojson"
"ci41341415","2026-10-01T03:58:52Z","2026-09-30T23:58:52-04:00","2026-10-01T13:40:14Z","1.0","0.43","12 km W of Anza, CA","33.5686666666667","-116.804166666667","United States of America","5.7","5.73",,,,,"reviewed","0","3","earthquake","M 0.4 - 12 km W of Anza, CA","https://earthquake.usgs.gov/earthquakes/eventpage/ci41341415","https://earthquake.usgs.gov/fdsnws/event/1/query?eventid=ci41341415&format=geojson"
"tx2026thktda","2026-10-01T03:47:19Z","2026-09-30T23:47:19-04:00","2026-10-01T08:04:46Z","2.4","2.4","39 km NNW of Toyah, Texas","31.619","-104.001","United States of America","7.9","7.9327",,,,,"reviewed","0","89","earthquake","M 2.4 - 39 km NNW of Toyah, Texas","https://earthquake.usgs.gov/earthquakes/eventpage/tx2026thktda","https://earthquake.usgs.gov/fdsnws/event/1/query?eventid=tx2026thktda&format=geojson"
"tx2026thkplc","2026-10-01T03:41:59Z","2026-09-30T23:41:59-04:00","2026-10-02T07:34:05Z","1.0","0.6","33 km ENE of McKinney Acres, Texas","32.365","-102.181","United States of America","8.1","8.1299",,,,,"reviewed","0","6","earthquake","M 0.6 - 33 km ENE of McKinney Acres, Texas","https://earthquake.usgs.gov/earthquakes/eventpage/tx2026thkplc","https://earthquake.usgs.gov/fdsnws/event/1/query?eventid=tx2026thkplc&format=geojson"
"nn00925117","2026-10-01T03:24:29Z","2026-09-30T23:24:29-04:00","2026-10-01T03:28:44Z","1.5","1.5","20 km NE of Mina, Nevada","38.5295","-117.9558","United States of America","9.1","9.0683",,,,,"automatic","0","35","earthquake","M 1.5 - 20 km NE of Mina, Nevada","https://earthquake.usgs.gov/earthquakes/eventpage/nn00925117","https://earthquake.usgs.gov/fdsnws/event/1/query?eventid=nn00925117&format=geojson"
"nc75442146","2026-10-01T03:14:22Z","2026-09-30T23:14:22-04:00","2026-10-01T04:07:24Z","1.2","1.24","8 km W of Cobb, CA","38.8349990844727","-122.81583404541","United States of America","1.9","1.89",,,,,"automatic","0","24","earthquake","M 1.2 - 8 km W of Cobb, CA","https://earthquake.usgs.gov/earthquakes/eventpage/nc75442146","https://earthquake.usgs.gov/fdsnws/event/1/query?eventid=nc75442146&format=geojson"
"tx2026thjnjt","2026-10-01T03:09:33Z","2026-09-30T23:09:33-04:00","2026-10-01T07:45:10Z","2.4","2.4","39 km WSW of Mentone, Texas","31.622","-104","United States of America","7.9","7.9071",,,,,"reviewed","0","89","earthquake","M 2.4 - 39 km WSW of Mentone, Texas","https://earthquake.usgs.gov/earthquakes/eventpage/tx2026thjnjt","https://earthquake.usgs.gov/fdsnws/event/1/query?eventid=tx2026thjnjt&format=geojson"
"ci41341407","2026-10-01T03:08:42Z","2026-09-30T23:08:42-04:00","2026-10-01T13:05:17Z","1.0","0.8","15 km SSW of Borrego Springs, CA","33.1206666666667","-116.415","United States of America","10.0","10.03",,,,,"reviewed","0","10","earthquake","M 0.8 - 15 km SSW of Borrego Springs, CA","https://earthquake.usgs.gov/earthquakes/eventpage/ci41341407","https://earthquake.usgs.gov/fdsnws/event/1/query?eventid=ci41341407&format=geojson"
"nc75442136","2026-10-01T03:04:17Z","2026-09-30T23:04:17-04:00","2026-10-01T03:37:23Z","1.9","1.87","17 km SW of Toms Place, CA","37.4651679992676","-118.832168579102","United States of America","2.9","2.89",,,,,"automatic","0","54","earthquake","M 1.9 - 17 km SW of Toms Place, CA","https://earthquake.usgs.gov/earthquakes/eventpage/nc75442136","https://earthquake.usgs.gov/fdsnws/event/1/query?eventid=nc75442136&format=geojson"
"tx2026thjijn","2026-10-01T03:03:27Z","2026-09-30T23:03:27-04:00","2026-10-01T10:29:39Z","1.6","1.6","39 km WSW of Mentone, Texas","31.623","-104","United States of America","7.8","7.8302",,,,,"reviewed","0","39","earthquake","M 1.6 - 39 km WSW of Mentone, Texas","https://earthquake.usgs.gov/earthquakes/eventpage/tx2026thjijn","https://earthquake.usgs.gov/fdsnws/event/1/query?eventid=tx2026thjijn&format=geojson"
"ci41341399","2026-10-01T03:00:13Z","2026-09-30T23:00:13-04:00","2026-10-01T13:05:35Z","1.0","0.8","3 km WSW of Borrego Springs, CA","33.2445","-116.4025","United States of America","4.2","4.19",,,,,"reviewed","0","10","earthquake","M 0.8 - 3 km WSW of Borrego Springs, CA","https://earthquake.usgs.gov/earthquakes/eventpage/ci41341399","https://earthquake.usgs.gov/fdsnws/event/1/query?eventid=ci41341399&format=geojson"
"pr71535248","2026-10-01T02:41:42Z","2026-09-30T22:41:42-04:00","2026-10-01T03:25:52Z","2.5","2.49","2 km S of Guánica, Puerto Rico","17.95","-66.9055","Puerto Rico","11.8","11.76",,,,,"reviewed","0","95","earthquake","M 2.5 - 2 km S of Guánica, Puerto Rico","https://earthquake.usgs.gov/earthquakes/eventpage/pr71535248","https://earthquake.usgs.gov/fdsnws/event/1/query?eventid=pr71535248&format=geojson"
"ci41341391","2026-10-01T02:30:08Z","2026-09-30T22:30:08-04:00","2026-10-01T13:05:51Z","1.0","0.57","15 km WSW of Searles Valley, CA","35.7111666666667","-117.552333333333","United States of America","7.5","7.54",,,,,"reviewed","0","5","earthquake","M 0.6 - 15 km WSW of Searles Valley, CA","https://earthquake.usgs.gov/earthquakes/eventpage/ci41341391","https://earthquake.usgs.gov/fdsnws/event/1/query?eventid=ci41341391&format=geojson"
"ci41341383","2026-10-01T02:27:58Z","2026-09-30T22:27:58-04:00","2026-10-01T13:40:58Z","1.2","1.23","14 km ENE of Temecula, CA","33.5311666666667","-117.007166666667","United States of America","3.2","3.19",,,,,"reviewed","0","23","earthquake","M 1.2 - 14 km ENE of Temecula, CA","https://earthquake.usgs.gov/earthquakes/eventpage/ci41341383","https://earthquake.usgs.gov/fdsnws/event/1/query?eventid=ci41341383&format=geojson"
"ci41341375","2026-10-01T02:26:23Z","2026-09-30T22:26:23-04:00","2026-10-01T13:40:51Z","1.6","1.56","14 km ENE of Temecula, CA","33.527","-117.007833333333","United States of America","2.8","2.79",,,,,"reviewed","0","37","earthquake","M 1.6 - 14 km ENE of Temecula, CA","https://earthquake.usgs.gov/earthquakes/eventpage/ci41341375","https://earthquake.usgs.gov/fdsnws/event/1/query?eventid=ci41341375&format=geojson"
"ci41341367","2026-10-01T02:21:00Z","2026-09-30T22:21:00-04:00","2026-10-01T13:40:49Z","1.0","0.21","7 km WSW of Anza, CA","33.5255","-116.742833333333","United States of America","3.4","3.41",,,,,"reviewed","0","1","earthquake","M 0.2 - 7 km WSW of Anza, CA","https://earthquake.usgs.gov/earthquakes/eventpage/ci41341367","https://earthquake.usgs.gov/fdsnws/event/1/query?eventid=ci41341367&format=geojson"
"nc75442121","2026-10-01T01:58:02Z","2026-09-30T21:58:02-04:00","2026-10-01T02:32:22Z","1.2","1.18","10 km WNW of The Geysers, CA","38.8208351135254","-122.852668762207","United States of America","2.8","2.79",,,,,"automatic","0","21","earthquake","M 1.2 - 10 km WNW of The Geysers, CA","https://earthquake.usgs.gov/earthquakes/eventpage/nc75442121","https://earthquake.usgs.gov/fdsnws/event/1/query?eventid=nc75442121&format=geojson"
"nc75442116","2026-10-01T01:56:59Z","2026-09-30T21:56:59-04:00","2026-10-01T01:58:33Z","1.0","0.75","10 km WNW of The Geysers, CA","38.8214988708496","-122.852500915527","United States of America","2.6","2.56",,,,,"automatic","0","9","earthquake","M 0.8 - 10 km WNW of The Geysers, CA","https://earthquake.usgs.gov/earthquakes/eventpage/nc75442116","https://earthquake.usgs.gov/fdsnws/event/1/query?eventid=nc75442116&format=geojson"
"ci41341359","2026-10-01T01:53:03Z","2026-09-30T21:53:03-04:00","2026-10-01T13:41:02Z","1.0","0.95","8 km ESE of Valle Vista, CA","33.7083333333333","-116.819833333333","United States of America","15.4","15.36",,,,,"reviewed","0","14","earthquake","M 1.0 - 8 km ESE of Valle Vista, CA","https://earthquake.usgs.gov/earthquakes/eventpage/ci41341359","https://earthquake.usgs.gov/fdsnws/event/1/query?eventid=ci41341359&format=geojson"
"tx2026thgszo","2026-10-01T01:45:16Z","2026-09-30T21:45:16-04:00","2026-10-01T10:57:02Z","1.1","1.1","32 km NE of Crane, Texas","31.599","-102.106","United States of America","8.9","8.8623",,,,,"reviewed","0","19","earthquake","M 1.1 - 32 km NE of Crane, Texas","https://earthquake.usgs.gov/earthquakes/eventpage/tx2026thgszo","https://earthquake.usgs.gov/fdsnws/event/1/query?eventid=tx2026thgszo&format=geojson"
"uw714112682","2026-10-01T01:21:20Z","2026-09-30T21:21:20-04:00","2026-10-01T19:43:20Z","1.0","0.15","16 km NNE of Ashford, Washington","46.888","-121.915166666667","United States of America","9.3","9.25",,,,,"reviewed","0","0","earthquake","M 0.2 - 16 km NNE of Ashford, Washington","https://earthquake.usgs.gov/earthquakes/eventpage/uw714112682","https://earthquake.usgs.gov/fdsnws/event/1/query?eventid=uw714112682&format=geojson"
"ok2026tewx","2026-10-01T01:17:50Z","2026-09-30T21:17:50-04:00","2026-10-02T12:55:26Z","1.0","0.78","5 km W of Gerty, Oklahoma","34.83783333","-96.35416667","United States of America","22.3","22.25",,,,,"reviewed","0","9","earthquake","M 0.8 - 5 km W of Gerty, Oklahoma","https://earthquake.usgs.gov/earthquakes/eventpage/ok2026tewx","https://earthquake.usgs.gov/fdsnws/event/1/query?eventid=ok2026tewx&format=geojson"
"ci41341343","2026-10-01T01:15:23Z","2026-09-30T21:15:23-04:00","2026-10-01T13:09:33Z","1.3","1.32","5 km NNW of Running Springs, CA","34.2453333333333","-117.132166666667","United States of America","2.4","2.35",,,,,"reviewed","0","27","earthquake","M 1.3 - 5 km NNW of Running Springs, CA","https://earthquake.usgs.gov/earthquakes/eventpage/ci41341343","https://earthquake.usgs.gov/fdsnws/event/1/query?eventid=ci41341343&format=geojson"
"ci41341335","2026-10-01T01:08:48Z","2026-09-30T21:08:48-04:00","2026-10-01T13:08:57Z","1.0","0.91","16 km WSW of Johannesburg, CA","35.327","-117.806666666667","United States of America","7.2","7.2",,,,,"reviewed","0","13","earthquake","M 0.9 - 16 km WSW of Johannesburg, CA","https://earthquake.usgs.gov/earthquakes/eventpage/ci41341335","https://earthquake.usgs.gov/fdsnws/event/1/query?eventid=ci41341335&format=geojson"
"tx2026thfkcp","2026-10-01T01:06:44Z","2026-09-30T21:06:44-04:00","2026-10-01T13:45:09Z","1.0","1","35 km E of McKinney Acres, Texas","32.359","-102.154","United States of America","8.1","8.0811",,,,,"reviewed","0","15","earthquake","M 1.0 - 35 km E of McKinney Acres, Texas","https://earthquake.usgs.gov/earthquakes/eventpage/tx2026thfkcp","https://earthquake.usgs.gov/fdsnws/event/1/query?eventid=tx2026thfkcp&format=geojson"
"uw714112672","2026-10-01T00:54:47Z","2026-09-30T20:54:47-04:00","2026-10-01T19:36:31Z","1.0","0.44","2 km SSE of Carbonado, Washington","47.0573333333333","-122.042666666667","United States of America","5.5","5.45",,,,,"reviewed","0","3","earthquake","M 0.4 - 2 km SSE of Carbonado, Washington","https://earthquake.usgs.gov/earthquakes/eventpage/uw714112672","https://earthquake.usgs.gov/fdsnws/event/1/query?eventid=uw714112672&format=geojson"
"ci41341319","2026-10-01T00:43:31Z","2026-09-30T20:43:31-04:00","2026-10-01T13:42:06Z","1.0","0.83","21 km ESE of Anza, CA","33.5053333333333","-116.449666666667","United States of America","3.3","3.29",,,,,"reviewed","0","11","earthquake","M 0.8 - 21 km ESE of Anza, CA","https://earthquake.usgs.gov/earthquakes/eventpage/ci41341319","https://earthquake.usgs.gov/fdsnws/event/1/query?eventid=ci41341319&format=geojson"
"ci41341311","2026-10-01T00:13:52Z","2026-09-30T20:13:52-04:00","2026-10-01T13:10:10Z","1.0","0.98","12 km N of Mojave, CA","35.1603333333333","-118.192666666667","United States of America","7.5","7.47",,,,,"reviewed","0","15","earthquake","M 1.0 - 12 km N of Mojave, CA","https://earthquake.usgs.gov/earthquakes/eventpage/ci41341311","https://earthquake.usgs.gov/fdsnws/event/1/query?eventid=ci41341311&format=geojson"
"ci41341303","2026-10-01T00:08:38Z","2026-09-30T20:08:38-04:00","2026-10-01T15:41:40Z","1.0","0.62","21 km SW of La Quinta, CA","33.5095","-116.447","United States of America","4.5","4.5",,,,,"reviewed","0","6","earthquake","M 0.6 - 21 km SW of La Quinta, CA","https://earthquake.usgs.gov/earthquakes/eventpage/ci41341303","https://earthquake.usgs.gov/fdsnws/event/1/query?eventid=ci41341303&format=geojson"
"ci10254726","2026-10-01T00:08:22Z","2026-09-30T20:08:22-04:00","2026-10-01T15:49:58Z","1.0","0.12","21 km ESE of Anza, CA","33.5083333333333","-116.452333333333","United States of America","8.4","8.35",,,,,"reviewed","0","0","earthquake","M 0.1 - 21 km ESE of Anza, CA","https://earthquake.usgs.gov/earthquakes/eventpage/ci10254726","https://earthquake.usgs.gov/fdsnws/event/1/query?eventid=ci10254726&format=geojson"
"ci41341295","2026-10-01T00:05:58Z","2026-09-30T20:05:58-04:00","2026-10-01T15:36:23Z","1.0","0.33","3 km NE of Aguanga, CA","33.4638333333333","-116.839166666667","United States of America","16.1","16.06",,,,,"reviewed","0","2","earthquake","M 0.3 - 3 km NE of Aguanga, CA","https://earthquake.usgs.gov/earthquakes/eventpage/ci41341295","https://earthquake.usgs.gov/fdsnws/event/1/query?eventid=ci41341295&format=geojson"
"ci41341287","2026-10-01T00:03:49Z","2026-09-30T20:03:49-04:00","2026-10-01T15:28:40Z","1.3","1.28","21 km ESE of Anza, CA","33.5045","-116.452666666667","United States of America","5.3","5.28",,,,,"reviewed","0","25","earthquake","M 1.3 - 21 km ESE of Anza, CA","https://earthquake.usgs.gov/earthquakes/eventpage/ci41341287","https://earthquake.usgs.gov/fdsnws/event/1/query?eventid=ci41341287&format=geojson"
"ci41341279","2026-10-01T00:01:59Z","2026-09-30T20:01:59-04:00","2026-10-01T00:39:33Z","3.1","3.08","20 km ESE of Anza, CA","33.5023333333333","-116.463333333333","United States of America","5.1","5.13","8","4.1",,,"reviewed","0","149","earthquake","M 3.1 - 20 km ESE of Anza, CA","https://earthquake.usgs.gov/earthquakes/eventpage/ci41341279","https://earthquake.usgs.gov/fdsnws/event/1/query?eventid=ci41341279&format=geojson"
"ci41341271","2026-09-30T23:33:20Z","2026-09-30T19:33:20-04:00","2026-10-01T15:12:12Z","1.4","1.4","8 km W of Holtville, CA","32.8155","-115.464333333333","United States of America","8.9","8.9",,,,,"reviewed","0","30","earthquake","M 1.4 - 8 km W of Holtville, CA","https://earthquake.usgs.gov/earthquakes/eventpage/ci41341271","https://earthquake.usgs.gov/fdsnws/event/1/query?eventid=ci41341271&format=geojson"
"nn00925102","2026-09-30T23:32:05Z","2026-09-30T19:32:05-04:00","2026-10-01T02:06:58Z","1.6","1.62","39 km SSE of Sandy Valley, Nevada","35.4721","-115.5308","United States of America","0.0","0",,,,,"reviewed","0","40","explosion","M 1.6 Explosion - 39 km SSE of Sandy Valley, Nevada","https://earthquake.usgs.gov/earthquakes/eventpage/nn00925102","https://earthquake.usgs.gov/fdsnws/event/1/query?eventid=nn00925102&format=geojson"
"ci41341263","2026-09-30T23:18:00Z","2026-09-30T19:18:00-04:00","2026-10-01T14:51:36Z","1.5","1.54","9 km WNW of Holtville, CA","32.828","-115.472666666667","United States of America","9.4","9.43",,,,,"reviewed","0","36","earthquake","M 1.5 - 9 km WNW of Holtville, CA","https://earthquake.usgs.gov/earthquakes/eventpage/ci41341263","https://earthquake.usgs.gov/fdsnws/event/1/query?eventid=ci41341263&format=geojson"
"ci41341255","2026-09-30T22:59:28Z","2026-09-30T18:59:28-04:00","2026-10-01T15:05:25Z","1.5","1.45","8 km W of Holtville, CA","32.8171666666667","-115.4615","United States of America","9.4","9.44",,,,,"reviewed","0","32","earthquake","M 1.5 - 8 km W of Holtville, CA","https://earthquake.usgs.gov/earthquakes/eventpage/ci41341255","https://earthquake.usgs.gov/fdsnws/event/1/query?eventid=ci41341255&format=geojson"
"ci41341247","2026-09-30T22:52:00Z","2026-09-30T18:52:00-04:00","2026-10-01T13:11:11Z","1.0","0.71","22 km ESE of Anza, CA","33.4646666666667","-116.458166666667","United States of America","3.6","3.61",,,,,"reviewed","0","8","earthquake","M 0.7 - 22 km ESE of Anza, CA","https://earthquake.usgs.gov/earthquakes/eventpage/ci41341247","https://earthquake.usgs.gov/fdsnws/event/1/query?eventid=ci41341247&format=geojson"
"nc75442061","2026-09-30T22:19:51Z","2026-09-30T18:19:51-04:00","2026-09-30T22:21:28Z","1.3","1.31","7 km NW of The Geysers, CA","38.8136672973633","-122.817665100098","United States of America","2.8","2.77",,,,,"automatic","0","26","earthquake","M 1.3 - 7 km NW of The Geysers, CA","https://earthquake.usgs.gov/earthquakes/eventpage/nc75442061","https://earthquake.usgs.gov/fdsnws/event/1/query?eventid=nc75442061&format=geojson"
"nc75442056","2026-09-30T22:08:56Z","2026-09-30T18:08:56-04:00","2026-09-30T23:37:24Z","1.2","1.15","8 km ESE of Cloverdale, CA","38.779167175293","-122.932502746582","United States of America","3.7","3.73",,,,,"automatic","0","20","earthquake","M 1.2 - 8 km ESE of Cloverdale, CA","https://earthquake.usgs.gov/earthquakes/eventpage/nc75442056","https://earthquake.usgs.gov/fdsnws/event/1/query?eventid=nc75442056&format=geojson"
"uw714112622","2026-09-30T22:05:46Z","2026-09-30T18:05:46-04:00","2026-10-01T15:43:16Z","1.0","0.73","6 km E of Ashford, Washington","46.7511666666667","-121.942333333333","United States of America","-0.2","-0.15",,,,,"reviewed","0","8","earthquake","M 0.7 - 6 km E of Ashford, Washington","https://earthquake.usgs.gov/earthquakes/eventpage/uw714112622","https://earthquake.usgs.gov/fdsnws/event/1/query?eventid=uw714112622&format=geojson"
"ci41341239","2026-09-30T22:02:34Z","2026-09-30T18:02:34-04:00","2026-09-30T22:29:14Z","2.0","2.01","8 km W of Holtville, CA","32.8233333333333","-115.4655","United States of America","11.6","11.58",,,,,"reviewed","0","62","earthquake","M 2.0 - 8 km W of Holtville, CA","https://earthquake.usgs.gov/earthquakes/eventpage/ci41341239","https://earthquake.usgs.gov/fdsnws/event/1/query?eventid=ci41341239&format=geojson"
"uw714112602","2026-09-30T21:59:58Z","2026-09-30T17:59:58-04:00","2026-10-01T17:58:21Z","1.0","0.96","7 km NNE of Airway Heights, Washington","47.704","-117.551333333333","United States of America","-0.7","-0.7",,,,,"reviewed","0","14","explosion","M 1.0 Explosion - 7 km NNE of Airway Heights, Washington","https://earthquake.usgs.gov/earthquakes/eventpage/uw714112602","https://earthquake.usgs.gov/fdsnws/event/1/query?eventid=uw714112602&format=geojson"
"tx2026tgzeqy","2026-09-30T21:58:48Z","2026-09-30T17:58:48-04:00","2026-10-01T14:53:17Z","1.9","1.9","22 km NNW of Toyah, Texas","31.515","-103.845","United States of America","4.9","4.8694",,,,,"reviewed","0","56","earthquake","M 1.9 - 22 km NNW of Toyah, Texas","https://earthquake.usgs.gov/earthquakes/eventpage/tx2026tgzeqy","https://earthquake.usgs.gov/fdsnws/event/1/query?eventid=tx2026tgzeqy&format=geojson"
"us6000tyy8","2026-09-30T21:52:33Z","2026-09-30T17:52:33-04:00","2026-10-01T22:47:14Z","1.6","1.6","6 km SW of Constance Bay, Canada","45.4617","-76.1372","Canada","26.3","26.266",,,,,"reviewed","0","39","earthquake","M 1.6 - 6 km SW of Constance Bay, Canada","https://earthquake.usgs.gov/earthquakes/eventpage/us6000tyy8","https://earthquake.usgs.gov/fdsnws/event/1/query?eventid=us6000tyy8&format=geojson"
"ci41341231","2026-09-30T21:50:48Z","2026-09-30T17:50:48-04:00","2026-10-01T13:11:15Z","1.0","0.91","4 km W of Devore, CA","34.2261666666667","-117.445166666667","United States of America","13.4","13.35",,,,,"reviewed","0","13","earthquake","M 0.9 - 4 km W of Devore, CA","https://earthquake.usgs.gov/earthquakes/eventpage/ci41341231","https://earthquake.usgs.gov/fdsnws/event/1/query?eventid=ci41341231&format=geojson"
"uw714112582","2026-09-30T21:35:06Z","2026-09-30T17:35:06-04:00","2026-09-30T22:23:43Z","2.0","1.98","10 km SSE of Princeton, Canada","49.3683333333333","-120.4715","Canada","-0.5","-0.51",,,,,"reviewed","0","60","explosion","M 2.0 Explosion - 10 km SSE of Princeton, Canada","https://earthquake.usgs.gov/earthquakes/eventpage/uw714112582","https://earthquake.usgs.gov/fdsnws/event/1/query?eventid=uw714112582&format=geojson"
"nc75442016","2026-09-30T21:19:14Z","2026-09-30T17:19:14-04:00","2026-09-30T21:57:23Z","1.7","1.69","8 km ESE of Cloverdale, CA","38.7801666259766","-122.927833557129","United States of America","5.9","5.92",,,,,"automatic","0","44","earthquake","M 1.7 - 8 km ESE of Cloverdale, CA","https://earthquake.usgs.gov/earthquakes/eventpage/nc75442016","https://earthquake.usgs.gov/fdsnws/event/1/query?eventid=nc75442016&format=geojson"
"tx2026tgxvvj","2026-09-30T21:17:07Z","2026-09-30T17:17:07-04:00","2026-10-01T15:00:37Z","2.0","2","55 km SSW of Whites City, New Mexico","31.698","-104.546","United States of America","5.1","5.0745",,,,,"reviewed","0","62","earthquake","M 2.0 - 55 km SSW of Whites City, New Mexico","https://earthquake.usgs.gov/earthquakes/eventpage/tx2026tgxvvj","https://earthquake.usgs.gov/fdsnws/event/1/query?eventid=tx2026tgxvvj&format=geojson"
"uw714112572","2026-09-30T21:17:03Z","2026-09-30T17:17:03-04:00","2026-09-30T22:21:16Z","1.1","1.07","12 km WNW of Springdale, Washington","48.1126666666667","-117.883833333333","United States of America","-1.1","-1.09",,,,,"reviewed","0","18","explosion","M 1.1 Explosion - 12 km WNW of Springdale, Washington","https://earthquake.usgs.gov/earthquakes/eventpage/uw714112572","https://earthquake.usgs.gov/fdsnws/event/1/query?eventid=uw714112572&format=geojson"
"nc75442011","2026-09-30T21:15:53Z","2026-09-30T17:15:53-04:00","2026-09-30T23:07:22Z","1.4","1.37","8 km ESE of Cloverdale, CA","38.7789993286133","-122.932830810547","United States of America","4.2","4.17",,,,,"automatic","0","29","earthquake","M 1.4 - 8 km ESE of Cloverdale, CA","https://earthquake.usgs.gov/earthquakes/eventpage/nc75442011","https://earthquake.usgs.gov/fdsnws/event/1/query?eventid=nc75442011&format=geojson"
"nc75442006","2026-09-30T21:12:04Z","2026-09-30T17:12:04-04:00","2026-09-30T22:42:23Z","2.2","2.2","8 km ESE of Cloverdale, CA","38.7776679992676","-122.930335998535","United States of America","4.7","4.69",,,,,"automatic","0","74","earthquake","M 2.2 - 8 km ESE of Cloverdale, CA","https://earthquake.usgs.gov/earthquakes/eventpage/nc75442006","https://earthquake.usgs.gov/fdsnws/event/1/query?eventid=nc75442006&format=geojson"
"nc75441996","2026-09-30T21:07:19Z","2026-09-30T17:07:19-04:00","2026-10-02T01:16:09Z","3.0","2.99","8 km ESE of Cloverdale, CA","38.7781677246094","-122.933166503906","United States of America","4.0","4.03","15","3.1",,,"automatic","0","142","earthquake","M 3.0 - 8 km ESE of Cloverdale, CA","https://earthquake.usgs.gov/earthquakes/eventpage/nc75441996","https://earthquake.usgs.gov/fdsnws/event/1/query?eventid=nc75441996&format=geojson"
"nc75441991","2026-09-30T21:05:12Z","2026-09-30T17:05:12-04:00","2026-09-30T22:07:26Z","1.5","1.49","14 km N of San Simeon, CA","35.7734985351562","-121.19450378418","United States of America","6.7","6.74",,,,,"automatic","0","34","earthquake","M 1.5 - 14 km N of San Simeon, CA","https://earthquake.usgs.gov/earthquakes/eventpage/nc75441991","https://earthquake.usgs.gov/fdsnws/event/1/query?eventid=nc75441991&format=geojson"
"pr71535218","2026-09-30T21:03:41Z","2026-09-30T17:03:41-04:00","2026-09-30T21:41:53Z","2.6","2.57","5 km SW of Guánica, Puerto Rico","17.9443333333333","-66.9465","Puerto Rico","7.8","7.78",,,,,"reviewed","0","102","earthquake","M 2.6 - 5 km SW of Guánica, Puerto Rico","https://earthquake.usgs.gov/earthquakes/eventpage/pr71535218","https://earthquake.usgs.gov/fdsnws/event/1/query?eventid=pr71535218&format=geojson"
"pr71535213","2026-09-30T21:00:48Z","2026-09-30T17:00:48-04:00","2026-09-30T21:28:11Z","3.1","3.14","4 km NNE of Animas, Puerto Rico","18.4778333333333","-66.6136666666667","Puerto Rico","105.4","105.39",,,,,"reviewed","0","152","earthquake","M 3.1 - 4 km NNE of Animas, Puerto Rico","https://earthquake.usgs.gov/earthquakes/eventpage/pr71535213","https://earthquake.usgs.gov/fdsnws/event/1/query?eventid=pr71535213&format=geojson"
"ci41341199","2026-09-30T20:56:35Z","2026-09-30T16:56:35-04:00","2026-09-30T22:03:14Z","1.0","0.91","13 km SE of Tehachapi, CA","35.0513333333333","-118.345166666667","United States of America","-0.7","-0.69",,,,,"reviewed","0","13","quarry blast","M 0.9 Quarry Blast - 13 km SE of Tehachapi, CA","https://earthquake.usgs.gov/earthquakes/eventpage/ci41341199","https://earthquake.usgs.gov/fdsnws/event/1/query?eventid=ci41341199&format=geojson"
"ci41341191","2026-09-30T20:52:23Z","2026-09-30T16:52:23-04:00","2026-10-01T18:28:35Z","1.0","0.99","24 km SW of Pine Mountain Club, CA","34.7123333333333","-119.358833333333","United States of America","10.8","10.82",,,,,"reviewed","0","15","earthquake","M 1.0 - 24 km SW of Pine Mountain Club, CA","https://earthquake.usgs.gov/earthquakes/eventpage/ci41341191","https://earthquake.usgs.gov/fdsnws/event/1/query?eventid=ci41341191&format=geojson"
"nc75441986","2026-09-30T20:49:14Z","2026-09-30T16:49:14-04:00","2026-09-30T21:42:22Z","1.2","1.22","10 km WNW of The Geysers, CA","38.8206672668457","-122.853332519531","United States of America","2.7","2.72",,,,,"automatic","0","23","earthquake","M 1.2 - 10 km WNW of The Geysers, CA","https://earthquake.usgs.gov/earthquakes/eventpage/nc75441986","https://earthquake.usgs.gov/fdsnws/event/1/query?eventid=nc75441986&format=geojson"
"nc75441981","2026-09-30T20:48:14Z","2026-09-30T16:48:14-04:00","2026-10-01T00:06:02Z","2.6","2.63","1 km SW of Anderson Springs, CA","38.7664985656738","-122.700668334961","United States of America","1.8","1.79","6","3.6",,,"automatic","0","109","earthquake","M 2.6 - 1 km SW of Anderson Springs, CA","https://earthquake.usgs.gov/earthquakes/eventpage/nc75441981","https://earthquake.usgs.gov/fdsnws/event/1/query?eventid=nc75441981&format=geojson"
"ci41341175","2026-09-30T20:40:43Z","2026-09-30T16:40:43-04:00","2026-10-01T14:59:52Z","1.0","0.54","6 km ENE of Anza, CA","33.573","-116.607166666667","United States of America","14.8","14.81",,,,,"reviewed","0","4","earthquake","M 0.5 - 6 km ENE of Anza, CA","https://earthquake.usgs.gov/earthquakes/eventpage/ci41341175","https://earthquake.usgs.gov/fdsnws/event/1/query?eventid=ci41341175&format=geojson"
"ci41341167","2026-09-30T20:37:08Z","2026-09-30T16:37:08-04:00","2026-10-01T13:11:44Z","1.0","0.91","12 km NNE of Coso Junction, CA","36.1476666666667","-117.902833333333","United States of America","2.4","2.41",,,,,"reviewed","0","13","earthquake","M 0.9 - 12 km NNE of Coso Junction, CA","https://earthquake.usgs.gov/earthquakes/eventpage/ci41341167","https://earthquake.usgs.gov/fdsnws/event/1/query?eventid=ci41341167&format=geojson"
"ok2026tenq","2026-09-30T20:36:33Z","2026-09-30T16:36:33-04:00","2026-10-01T12:25:02Z","1.5","1.49","9 km SSE of Wapanucka, Oklahoma","34.29633333","-96.3815","United States of America","0.0","0",,,,,"reviewed","0","34","quarry blast","M 1.5 Quarry Blast - 9 km SSE of Wapanucka, Oklahoma","https://earthquake.usgs.gov/earthquakes/eventpage/ok2026tenq","https://earthquake.usgs.gov/fdsnws/event/1/query?eventid=ok2026tenq&format=geojson"
"ci41341159","2026-09-30T20:35:22Z","2026-09-30T16:35:22-04:00","2026-09-30T21:58:40Z","1.2","1.18","2 km ESE of Home Gardens, CA","33.8688333333333","-117.498166666667","United States of America","-0.4","-0.44",,,,,"reviewed","0","21","quarry blast","M 1.2 Quarry Blast - 2 km ESE of Home Gardens, CA","https://earthquake.usgs.gov/earthquakes/eventpage/ci41341159","https://earthquake.usgs.gov/fdsnws/event/1/query?eventid=ci41341159&format=geojson"
"ci41341143","2026-09-30T20:09:06Z","2026-09-30T16:09:06-04:00","2026-09-30T21:38:49Z","1.5","1.48","8 km W of Holtville, CA","32.8191666666667","-115.467833333333","United States of America","10.1","10.05",,,,,"reviewed","0","34","earthquake","M 1.5 - 8 km W of Holtville, CA","https://earthquake.usgs.gov/earthquakes/eventpage/ci41341143","https://earthquake.usgs.gov/fdsnws/event/1/query?eventid=ci41341143&format=geojson"
"ci41341127","2026-09-30T19:58:58Z","2026-09-30T15:58:58-04:00","2026-09-30T21:50:05Z","1.2","1.21","6 km NNW of Lakeside, CA","32.9105","-116.9465","United States of America","-0.2","-0.17",,,,,"reviewed","0","23","quarry blast","M 1.2 Quarry Blast - 6 km NNW of Lakeside, CA","https://earthquake.usgs.gov/earthquakes/eventpage/ci41341127","https://earthquake.usgs.gov/fdsnws/event/1/query?eventid=ci41341127&format=geojson"
"ci41341119","2026-09-30T19:57:17Z","2026-09-30T15:57:17-04:00","2026-10-01T13:41:19Z","1.0","0.73","6 km ENE of Anza, CA","33.5696666666667","-116.606166666667","United States of America","14.6","14.6",,,,,"reviewed","0","8","earthquake","M 0.7 - 6 km ENE of Anza, CA","https://earthquake.usgs.gov/earthquakes/eventpage/ci41341119","https://earthquake.usgs.gov/fdsnws/event/1/query?eventid=ci41341119&format=geojson"
"nc75441971","2026-09-30T19:47:08Z","2026-09-30T15:47:08-04:00","2026-09-30T20:12:20Z","2.0","2.03","14 km S of Hamilton City, CA","39.6136665344238","-122.030334472656","United States of America","24.8","24.8",,,,,"automatic","0","63","earthquake","M 2.0 - 14 km S of Hamilton City, CA","https://earthquake.usgs.gov/earthquakes/eventpage/nc75441971","https://earthquake.usgs.gov/fdsnws/event/1/query?eventid=nc75441971&format=geojson"
"tx2026tguohs","2026-09-30T19:37:44Z","2026-09-30T15:37:44-04:00","2026-09-30T21:24:20Z","2.6","2.6","16 km ESE of Pearsall, Texas","28.851","-98.928","United States of America","7.6","7.6057",,,,,"reviewed","0","104","earthquake","M 2.6 - 16 km ESE of Pearsall, Texas","https://earthquake.usgs.gov/earthquakes/eventpage/tx2026tguohs","https://earthquake.usgs.gov/fdsnws/event/1/query?eventid=tx2026tguohs&format=geojson"
"ci41341111","2026-09-30T19:35:46Z","2026-09-30T15:35:46-04:00","2026-09-30T22:14:05Z","1.0","1.03","11 km N of Borrego Springs, CA","33.3566666666667","-116.367333333333","United States of America","11.3","11.32",,,,,"reviewed","0","16","earthquake","M 1.0 - 11 km N of Borrego Springs, CA","https://earthquake.usgs.gov/earthquakes/eventpage/ci41341111","https://earthquake.usgs.gov/fdsnws/event/1/query?eventid=ci41341111&format=geojson"
"nc75441966","2026-09-30T19:30:28Z","2026-09-30T15:30:28-04:00","2026-09-30T19:32:02Z","1.0","0.8","3 km SE of The Geysers, CA","38.7584991455078","-122.729835510254","United States of America","1.9","1.87",,,,,"automatic","0","10","earthquake","M 0.8 - 3 km SE of The Geysers, CA","https://earthquake.usgs.gov/earthquakes/eventpage/nc75441966","https://earthquake.usgs.gov/fdsnws/event/1/query?eventid=nc75441966&format=geojson"
"ci41341095","2026-09-30T19:07:43Z","2026-09-30T15:07:43-04:00","2026-09-30T20:19:51Z","1.6","1.56","8 km SW of Niland, CA","33.1963333333333","-115.582166666667","United States of America","3.9","3.92",,,,,"reviewed","0","37","earthquake","M 1.6 - 8 km SW of Niland, CA","https://earthquake.usgs.gov/earthquakes/eventpage/ci41341095","https://earthquake.usgs.gov/fdsnws/event/1/query?eventid=ci41341095&format=geojson"
"uu80158271","2026-09-30T18:42:35Z","2026-09-30T14:42:35-04:00","2026-09-30T19:11:11Z","1.4","1.37","12 km ENE of Springdale, Utah","37.2501666666667","-112.876166666667","United States of America","24.0","24.03",,,,,"reviewed","0","29","earthquake","M 1.4 - 12 km ENE of Springdale, Utah","https://earthquake.usgs.gov/earthquakes/eventpage/uu80158271","https://earthquake.usgs.gov/fdsnws/event/1/query?eventid=uu80158271&format=geojson"
"uw714112482","2026-09-30T18:29:39Z","2026-09-30T14:29:39-04:00","2026-09-30T19:40:35Z","1.1","1.13","11 km S of Shelton, Washington","47.1098333333333","-123.071833333333","United States of America","-0.2","-0.18",,,,,"reviewed","0","20","explosion","M 1.1 Explosion - 11 km S of Shelton, Washington","https://earthquake.usgs.gov/earthquakes/eventpage/uw714112482","https://earthquake.usgs.gov/fdsnws/event/1/query?eventid=uw714112482&format=geojson"
"nc75441951","2026-09-30T18:28:44Z","2026-09-30T14:28:44-04:00","2026-09-30T18:30:23Z","1.0","0.57","6 km NW of The Geysers, CA","38.8196678161621","-122.807662963867","United States of America","3.6","3.55",,,,,"automatic","0","5","earthquake","M 0.6 - 6 km NW of The Geysers, CA","https://earthquake.usgs.gov/earthquakes/eventpage/nc75441951","https://earthquake.usgs.gov/fdsnws/event/1/query?eventid=nc75441951&format=geojson"
"ci10254702","2026-09-30T18:19:07Z","2026-09-30T14:19:07-04:00","2026-09-30T21:32:56Z","1.0","0.11","7 km WSW of Anza, CA","33.5198333333333","-116.739666666667","United States of America","4.1","4.05",,,,,"reviewed","0","0","earthquake","M 0.1 - 7 km WSW of Anza, CA","https://earthquake.usgs.gov/earthquakes/eventpage/ci10254702","https://earthquake.usgs.gov/fdsnws/event/1/query?eventid=ci10254702&format=geojson"
"ci41341055","2026-09-30T18:19:04Z","2026-09-30T14:19:04-04:00","2026-09-30T21:29:24Z","1.0","0.36","7 km SW of Anza, CA","33.5163333333333","-116.739666666667","United States of America","4.3","4.26",,,,,"reviewed","0","2","earthquake","M 0.4 - 7 km SW of Anza, CA","https://earthquake.usgs.gov/earthquakes/eventpage/ci41341055","https://earthquake.usgs.gov/fdsnws/event/1/query?eventid=ci41341055&format=geojson"
"uw714112432","2026-09-30T17:56:59Z","2026-09-30T13:56:59-04:00","2026-09-30T19:37:25Z","1.0","1.03","4 km E of Mossyrock, Washington","46.5288333333333","-122.431","United States of America","11.6","11.62",,,,,"reviewed","0","16","earthquake","M 1.0 - 4 km E of Mossyrock, Washington","https://earthquake.usgs.gov/earthquakes/eventpage/uw714112432","https://earthquake.usgs.gov/fdsnws/event/1/query?eventid=uw714112432&format=geojson"
"pr71535203","2026-09-30T17:52:23Z","2026-09-30T13:52:23-04:00","2026-09-30T18:08:53Z","1.6","1.61","2 km WSW of Liborio Negron Torres, Puerto Rico","18.033","-66.962","Puerto Rico","7.4","7.41",,,,,"reviewed","0","40","earthquake","M 1.6 - 2 km WSW of Liborio Negron Torres, Puerto Rico","https://earthquake.usgs.gov/earthquakes/eventpage/pr71535203","https://earthquake.usgs.gov/fdsnws/event/1/query?eventid=pr71535203&format=geojson"
"nc75441946","2026-09-30T17:48:32Z","2026-09-30T13:48:32-04:00","2026-09-30T17:50:08Z","1.0","0.85","6 km WNW of The Geysers, CA","38.8018341064453","-122.814834594727","United States of America","2.9","2.94",,,,,"automatic","0","11","earthquake","M 0.9 - 6 km WNW of The Geysers, CA","https://earthquake.usgs.gov/earthquakes/eventpage/nc75441946","https://earthquake.usgs.gov/fdsnws/event/1/query?eventid=nc75441946&format=geojson"
"ci41341039","2026-09-30T17:23:18Z","2026-09-30T13:23:18-04:00","2026-10-01T13:12:16Z","1.0","0.88","6 km SE of Ontario, CA","34.0155","-117.586166666667","United States of America","4.4","4.44",,,,,"reviewed","0","12","earthquake","M 0.9 - 6 km SE of Ontario, CA","https://earthquake.usgs.gov/earthquakes/eventpage/ci41341039","https://earthquake.usgs.gov/fdsnws/event/1/query?eventid=ci41341039&format=geojson"
"ok2026teha","2026-09-30T17:16:00Z","2026-09-30T13:16:00-04:00","2026-09-30T20:41:59Z","2.0","1.99","10 km WSW of Shamrock, Oklahoma","35.86116667","-96.68533333","United States of America","7.9","7.94","1","2",,,"reviewed","0","61","earthquake","M 2.0 - 10 km WSW of Shamrock, Oklahoma","https://earthquake.usgs.gov/earthquakes/eventpage/ok2026teha","https://earthquake.usgs.gov/fdsnws/event/1/query?eventid=ok2026teha&format=geojson"
"nc75441936","2026-09-30T17:05:31Z","2026-09-30T13:05:31-04:00","2026-09-30T17:07:08Z","1.0","0.73","7 km NW of The Geysers, CA","38.8228340148926","-122.81566619873","United States of America","3.5","3.47",,,,,"automatic","0","8","earthquake","M 0.7 - 7 km NW of The Geysers, CA","https://earthquake.usgs.gov/earthquakes/eventpage/nc75441936","https://earthquake.usgs.gov/fdsnws/event/1/query?eventid=nc75441936&format=geojson"
"tx2026tgpghn","2026-09-30T16:57:35Z","2026-09-30T12:57:35-04:00","2026-10-01T15:38:43Z","2.0","2","16 km ESE of Pearsall, Texas","28.846","-98.932","United States of America","7.7","7.6955",,,,,"reviewed","0","62","earthquake","M 2.0 - 16 km ESE of Pearsall, Texas","https://earthquake.usgs.gov/earthquakes/eventpage/tx2026tgpghn","https://earthquake.usgs.gov/fdsnws/event/1/query?eventid=tx2026tgpghn&format=geojson"
"nc75441931","2026-09-30T16:52:22Z","2026-09-30T12:52:22-04:00","2026-09-30T16:55:33Z","1.3","1.32","9 km NW of The Geysers, CA","38.8240013122559","-122.845336914062","United States of America","2.2","2.2",,,,,"automatic","0","27","earthquake","M 1.3 - 9 km NW of The Geysers, CA","https://earthquake.usgs.gov/earthquakes/eventpage/nc75441931","https://earthquake.usgs.gov/fdsnws/event/1/query?eventid=nc75441931&format=geojson"
"nc75441926","2026-09-30T16:42:54Z","2026-09-30T12:42:54-04:00","2026-09-30T16:44:33Z","1.0","0.71","7 km NW of The Geysers, CA","38.8209991455078","-122.814834594727","United States of America","3.3","3.25",,,,,"automatic","0","8","earthquake","M 0.7 - 7 km NW of The Geysers, CA","https://earthquake.usgs.gov/earthquakes/eventpage/nc75441926","https://earthquake.usgs.gov/fdsnws/event/1/query?eventid=nc75441926&format=geojson"
"tx2026tgospf","2026-09-30T16:41:56Z","2026-09-30T12:41:56-04:00","2026-10-01T15:43:47Z","1.5","1.5","40 km NW of Toyah, Texas","31.543","-104.13","United States of America","8.4","8.3557",,,,,"reviewed","0","35","earthquake","M 1.5 - 40 km NW of Toyah, Texas","https://earthquake.usgs.gov/earthquakes/eventpage/tx2026tgospf","https://earthquake.usgs.gov/fdsnws/event/1/query?eventid=tx2026tgospf&format=geojson"
"ci41341031","2026-09-30T16:35:05Z","2026-09-30T12:35:05-04:00","2026-09-30T20:23:09Z","-0.1","-0.09","12 km WSW of Searles Valley, CA","35.7178333333333","-117.517","United States of America","2.1","2.14",,,,,"reviewed","0","0","earthquake","M -0.1 - 12 km WSW of Searles Valley, CA","https://earthquake.usgs.gov/earthquakes/eventpage/ci41341031","https://earthquake.usgs.gov/fdsnws/event/1/query?eventid=ci41341031&format=geojson"
"ci41341023","2026-09-30T16:33:12Z","2026-09-30T12:33:12-04:00","2026-09-30T16:36:30Z","1.0","0.97","18 km N of Borrego Springs, CA","33.42","-116.374333333333","United States of America","11.5","11.49",,,,,"automatic","0","14","earthquake","M 1.0 - 18 km N of Borrego Springs, CA","https://earthquake.usgs.gov/earthquakes/eventpage/ci41341023","https://earthquake.usgs.gov/fdsnws/event/1/query?eventid=ci41341023&format=geojson"
"uw714112412","2026-09-30T16:32:42Z","2026-09-30T12:32:42-04:00","2026-09-30T19:32:48Z","1.0","0.57","38 km NNE of Amboy, Washington","46.2065","-122.190166666667","United States of America","1.4","1.35",,,,,"reviewed","0","5","earthquake","M 0.6 - 38 km NNE of Amboy, Washington","https://earthquake.usgs.gov/earthquakes/eventpage/uw714112412","https://earthquake.usgs.gov/fdsnws/event/1/query?eventid=uw714112412&format=geojson"
"ci41341015","2026-09-30T16:14:46Z","2026-09-30T12:14:46-04:00","2026-09-30T16:18:10Z","1.0","0.99","9 km NNW of Big Bear City, CA","34.3398333333333","-116.88","United States of America","-0.8","-0.79",,,,,"automatic","0","15","earthquake","M 1.0 - 9 km NNW of Big Bear City, CA","https://earthquake.usgs.gov/earthquakes/eventpage/ci41341015","https://earthquake.usgs.gov/fdsnws/event/1/query?eventid=ci41341015&format=geojson"
"uw714112372","2026-09-30T15:49:37Z","2026-09-30T11:49:37-04:00","2026-09-30T19:30:38Z","1.0","0.24","37 km NNE of Amboy, Washington","46.2008333333333","-122.189166666667","United States of America","2.9","2.93",,,,,"reviewed","0","1","earthquake","M 0.2 - 37 km NNE of Amboy, Washington","https://earthquake.usgs.gov/earthquakes/eventpage/uw714112372","https://earthquake.usgs.gov/fdsnws/event/1/query?eventid=uw714112372&format=geojson"
"ci41341007","2026-09-30T15:39:54Z","2026-09-30T11:39:54-04:00","2026-09-30T18:10:56Z","1.1","1.12","24 km SW of Pine Mountain Club, CA","34.7146666666667","-119.358","United States of America","12.6","12.63",,,,,"reviewed","0","19","earthquake","M 1.1 - 24 km SW of Pine Mountain Club, CA","https://earthquake.usgs.gov/earthquakes/eventpage/ci41341007","https://earthquake.usgs.gov/fdsnws/event/1/query?eventid=ci41341007&format=geojson"
"nn00925083","2026-09-30T15:10:00Z","2026-09-30T11:10:00-04:00","2026-10-01T02:06:10Z","1.2","1.21","59 km SW of Rachel, Nevada","37.2231","-116.1554","United States of America","0.0","0",,,,,"reviewed","0","23","explosion","M 1.2 Explosion - 59 km SW of Rachel, Nevada","https://earthquake.usgs.gov/earthquakes/eventpage/nn00925083","https://earthquake.usgs.gov/fdsnws/event/1/query?eventid=nn00925083&format=geojson"
"nc75441901","2026-09-30T14:57:55Z","2026-09-30T10:57:55-04:00","2026-09-30T14:59:32Z","1.1","1.08","1 km NE of Aromas, CA","36.8938331604004","-121.63500213623","United States of America","2.4","2.38",,,,,"automatic","0","18","earthquake","M 1.1 - 1 km NE of Aromas, CA","https://earthquake.usgs.gov/earthquakes/eventpage/nc75441901","https://earthquake.usgs.gov/fdsnws/event/1/query?eventid=nc75441901&format=geojson"
"pr71535193","2026-09-30T14:32:45Z","2026-09-30T10:32:45-04:00","2026-09-30T15:48:46Z","2.6","2.6","38 km N of Cruz Bay, U.S. Virgin Islands","18.6803333333333","-64.8291666666667","U.S. Virgin Islands","19.9","19.9",,,,,"reviewed","0","104","earthquake","M 2.6 - 38 km N of Cruz Bay, U.S. Virgin Islands","https://earthquake.usgs.gov/earthquakes/eventpage/pr71535193","https://earthquake.usgs.gov/fdsnws/event/1/query?eventid=pr71535193&format=geojson"
"uw714112362","2026-09-30T14:30:51Z","2026-09-30T10:30:51-04:00","2026-09-30T17:48:56Z","1.6","1.62","5 km W of Burley, Washington","47.4098333333333","-122.700833333333","United States of America","27.5","27.46",,,,,"reviewed","0","40","earthquake","M 1.6 - 5 km W of Burley, Washington","https://earthquake.usgs.gov/earthquakes/eventpage/uw714112362","https://earthquake.usgs.gov/fdsnws/event/1/query?eventid=uw714112362&format=geojson"
"tx2026tgjqng","2026-09-30T14:09:02Z","2026-09-30T10:09:02-04:00","2026-09-30T16:30:01Z","2.0","2","31 km NW of Toyah, Texas","31.514","-104.027","United States of America","1.2","1.1652",,,,,"reviewed","0","62","earthquake","M 2.0 - 31 km NW of Toyah, Texas","https://earthquake.usgs.gov/earthquakes/eventpage/tx2026tgjqng","https://earthquake.usgs.gov/fdsnws/event/1/query?eventid=tx2026tgjqng&format=geojson"
"ci41340999","2026-09-30T14:08:54Z","2026-09-30T10:08:54-04:00","2026-10-01T13:41:23Z","1.0","0.78","22 km ESE of Anza, CA","33.4685","-116.459","United States of America","3.2","3.15",,,,,"reviewed","0","9","earthquake","M 0.8 - 22 km ESE of Anza, CA","https://earthquake.usgs.gov/earthquakes/eventpage/ci41340999","https://earthquake.usgs.gov/fdsnws/event/1/query?eventid=ci41340999&format=geojson"
"tx2026tgjivy","2026-09-30T14:02:29Z","2026-09-30T10:02:29-04:00","2026-09-30T16:42:30Z","2.0","2","60 km S of Whites City, New Mexico","31.628","-104.364","United States of America","6.4","6.4331",,,,,"reviewed","0","62","earthquake","M 2.0 - 60 km S of Whites City, New Mexico","https://earthquake.usgs.gov/earthquakes/eventpage/tx2026tgjivy","https://earthquake.usgs.gov/fdsnws/event/1/query?eventid=tx2026tgjivy&format=geojson"
"ci41340991","2026-09-30T13:59:07Z","2026-09-30T09:59:07-04:00","2026-09-30T15:24:04Z","1.6","1.63","3 km SE of Loma Linda, CA","34.0273333333333","-117.238166666667","United States of America","15.7","15.65",,,,,"reviewed","0","41","earthquake","M 1.6 - 3 km SE of Loma Linda, CA","https://earthquake.usgs.gov/earthquakes/eventpage/ci41340991","https://earthquake.usgs.gov/fdsnws/event/1/query?eventid=ci41340991&format=geojson"
"tx2026tgiogl","2026-09-30T13:35:58Z","2026-09-30T09:35:58-04:00","2026-09-30T15:15:49Z","2.9","2.9","61 km S of Whites City, New Mexico","31.618","-104.363","United States of America","6.2","6.2024",,,,,"reviewed","0","129","earthquake","M 2.9 - 61 km S of Whites City, New Mexico","https://earthquake.usgs.gov/earthquakes/eventpage/tx2026tgiogl","https://earthquake.usgs.gov/fdsnws/event/1/query?eventid=tx2026tgiogl&format=geojson"
"nc75441896","2026-09-30T13:14:26Z","2026-09-30T09:14:26-04:00","2026-09-30T13:16:02Z","1.0","0.78","5 km WNW of The Geysers, CA","38.7958335876465","-122.80883026123","United States of America","3.3","3.25",,,,,"automatic","0","9","earthquake","M 0.8 - 5 km WNW of The Geysers, CA","https://earthquake.usgs.gov/earthquakes/eventpage/nc75441896","https://earthquake.usgs.gov/fdsnws/event/1/query?eventid=nc75441896&format=geojson"
"nc75441886","2026-09-30T12:57:22Z","2026-09-30T08:57:22-04:00","2026-09-30T12:58:56Z","1.0","0.76","5 km WNW of The Geysers, CA","38.7946662902832","-122.80883026123","United States of America","3.0","2.99",,,,,"automatic","0","9","earthquake","M 0.8 - 5 km WNW of The Geysers, CA","https://earthquake.usgs.gov/earthquakes/eventpage/nc75441886","https://earthquake.usgs.gov/fdsnws/event/1/query?eventid=nc75441886&format=geojson"
"nc75441881","2026-09-30T12:51:47Z","2026-09-30T08:51:47-04:00","2026-09-30T13:00:26Z","2.2","2.16","10 km W of Boonville, CA","39.0133323669434","-123.483833312988","United States of America","2.6","2.64","1","2.2",,,"automatic","0","72","earthquake","M 2.2 - 10 km W of Boonville, CA","https://earthquake.usgs.gov/earthquakes/eventpage/nc75441881","https://earthquake.usgs.gov/fdsnws/event/1/query?eventid=nc75441881&format=geojson"
"uw714112302","2026-09-30T12:40:10Z","2026-09-30T08:40:10-04:00","2026-09-30T19:13:44Z","-0.5","-0.52","32 km S of Morton, Washington","46.2736666666667","-122.205833333333","United States of America","5.3","5.33",,,,,"reviewed","0","0","earthquake","M -0.5 - 32 km S of Morton, Washington","https://earthquake.usgs.gov/earthquakes/eventpage/uw714112302","https://earthquake.usgs.gov/fdsnws/event/1/query?eventid=uw714112302&format=geojson"
"ci41340975","2026-09-30T12:39:39Z","2026-09-30T08:39:39-04:00","2026-09-30T18:09:11Z","1.0","0.24","9 km SW of Idyllwild, CA","33.6843333333333","-116.793","United States of America","14.6","14.61",,,,,"reviewed","0","1","earthquake","M 0.2 - 9 km SW of Idyllwild, CA","https://earthquake.usgs.gov/earthquakes/eventpage/ci41340975","https://earthquake.usgs.gov/fdsnws/event/1/query?eventid=ci41340975&format=geojson"
"tx2026tgfrdi","2026-09-30T12:08:28Z","2026-09-30T08:08:28-04:00","2026-09-30T17:41:59Z","1.0","0.9","33 km SE of Malaga, New Mexico","32.008","-103.82","United States of America","6.5","6.5228",,,,,"reviewed","0","12","earthquake","M 0.9 - 33 km SE of Malaga, New Mexico","https://earthquake.usgs.gov/earthquakes/eventpage/tx2026tgfrdi","https://earthquake.usgs.gov/fdsnws/event/1/query?eventid=tx2026tgfrdi&format=geojson"
"nn00925079","2026-09-30T11:55:48Z","2026-09-30T07:55:48-04:00","2026-09-30T11:59:05Z","1.8","1.79","78 km NE of Tonopah, Nevada","38.4673","-116.4919","United States of America","0.0","0",,,,,"automatic","0","49","earthquake","M 1.8 - 78 km NE of Tonopah, Nevada","https://earthquake.usgs.gov/earthquakes/eventpage/nn00925079","https://earthquake.usgs.gov/fdsnws/event/1/query?eventid=nn00925079&format=geojson"
"nc75441866","2026-09-30T11:54:00Z","2026-09-30T07:54:00-04:00","2026-09-30T11:55:36Z","1.3","1.29","2 km N of The Geysers, CA","38.7939987182617","-122.758834838867","United States of America","0.7","0.73",,,,,"automatic","0","26","earthquake","M 1.3 - 2 km N of The Geysers, CA","https://earthquake.usgs.gov/earthquakes/eventpage/nc75441866","https://earthquake.usgs.gov/fdsnws/event/1/query?eventid=nc75441866&format=geojson"
"uu80158261","2026-09-30T11:35:05Z","2026-09-30T07:35:05-04:00","2026-09-30T13:34:27Z","1.9","1.92","12 km NW of Fayette, Utah","39.2995","-111.957833333333","United States of America","7.1","7.08",,,,,"reviewed","0","57","earthquake","M 1.9 - 12 km NW of Fayette, Utah","https://earthquake.usgs.gov/earthquakes/eventpage/uu80158261","https://earthquake.usgs.gov/fdsnws/event/1/query?eventid=uu80158261&format=geojson"
"ci41340967","2026-09-30T11:33:51Z","2026-09-30T07:33:51-04:00","2026-09-30T18:58:48Z","1.0","0.09","4 km WSW of Anza, CA","33.5375","-116.707333333333","United States of America","6.1","6.09",,,,,"reviewed","0","0","earthquake","M 0.1 - 4 km WSW of Anza, CA","https://earthquake.usgs.gov/earthquakes/eventpage/ci41340967","https://earthquake.usgs.gov/fdsnws/event/1/query?eventid=ci41340967&format=geojson"
"ci41340959","2026-09-30T11:16:47Z","2026-09-30T07:16:47-04:00","2026-09-30T19:55:27Z","1.4","1.44","8 km SW of Anza, CA","33.51","-116.744166666667","United States of America","4.2","4.2",,,,,"reviewed","0","32","earthquake","M 1.4 - 8 km SW of Anza, CA","https://earthquake.usgs.gov/earthquakes/eventpage/ci41340959","https://earthquake.usgs.gov/fdsnws/event/1/query?eventid=ci41340959&format=geojson"
"nn00925077","2026-09-30T11:08:12Z","2026-09-30T07:08:12-04:00","2026-09-30T11:10:46Z","1.8","1.76","29 km W of Empire, Nevada","40.5416","-119.686","United States of America","3.5","3.5138",,,,,"automatic","0","48","earthquake","M 1.8 - 29 km W of Empire, Nevada","https://earthquake.usgs.gov/earthquakes/eventpage/nn00925077","https://earthquake.usgs.gov/fdsnws/event/1/query?eventid=nn00925077&format=geojson"
"nc75441861","2026-09-30T11:00:04Z","2026-09-30T07:00:04-04:00","2026-09-30T11:32:20Z","1.2","1.16","2 km NE of Pacifica, CA","37.6256675720215","-122.466163635254","United States of America","6.1","6.1",,,,,"automatic","0","21","earthquake","M 1.2 - 2 km NE of Pacifica, CA","https://earthquake.usgs.gov/earthquakes/eventpage/nc75441861","https://earthquake.usgs.gov/fdsnws/event/1/query?eventid=nc75441861&format=geojson"
"pr2026273001","2026-09-30T10:56:40Z","2026-09-30T06:56:40-04:00","2026-09-30T12:21:45Z","3.6","3.58","127 km NNE of Vieques, Puerto Rico","19.4623","-65.3035","Puerto Rico","77.0","77",,,,,"reviewed","0","197","earthquake","M 3.6 - 127 km NNE of Vieques, Puerto Rico","https://earthquake.usgs.gov/earthquakes/eventpage/pr2026273001","https://earthquake.usgs.gov/fdsnws/event/1/query?eventid=pr2026273001&format=geojson"
"nm60628306","2026-09-30T10:54:45Z","2026-09-30T06:54:45-04:00","2026-10-01T14:40:11Z","1.7","1.65","4 km S of Ridgely, Tennessee","36.2188333333333","-89.4863333333333","United States of America","5.4","5.41",,,,,"reviewed","0","42","earthquake","M 1.7 - 4 km S of Ridgely, Tennessee","https://earthquake.usgs.gov/earthquakes/eventpage/nm60628306","https://earthquake.usgs.gov/fdsnws/event/1/query?eventid=nm60628306&format=geojson"
"tx2026tgcydp","2026-09-30T10:49:08Z","2026-09-30T06:49:08-04:00","2026-09-30T17:09:07Z","1.7","1.7","58 km S of Whites City, New Mexico","31.648","-104.445","United States of America","6.1","6.0999",,,,,"reviewed","0","44","earthquake","M 1.7 - 58 km S of Whites City, New Mexico","https://earthquake.usgs.gov/earthquakes/eventpage/tx2026tgcydp","https://earthquake.usgs.gov/fdsnws/event/1/query?eventid=tx2026tgcydp&format=geojson"
"mb90209803","2026-09-30T10:43:54Z","2026-09-30T06:43:54-04:00","2026-10-01T15:32:39Z","1.0","0.22","27 km WNW of Hebgen Lake Estates, Montana","44.8485","-111.516666666667","United States of America","13.5","13.53",,,,,"reviewed","0","1","earthquake","M 0.2 - 27 km WNW of Hebgen Lake Estates, Montana","https://earthquake.usgs.gov/earthquakes/eventpage/mb90209803","https://earthquake.usgs.gov/fdsnws/event/1/query?eventid=mb90209803&format=geojson"
"tx2026tgcgrj","2026-09-30T10:25:49Z","2026-09-30T06:25:49-04:00","2026-09-30T15:09:46Z","3.1","3.1","20 km WNW of Stanton, Texas","32.222","-101.976","United States of America","7.8","7.7881","1","3.1",,,"reviewed","0","148","earthquake","M 3.1 - 20 km WNW of Stanton, Texas","https://earthquake.usgs.gov/earthquakes/eventpage/tx2026tgcgrj","https://earthquake.usgs.gov/fdsnws/event/1/query?eventid=tx2026tgcgrj&format=geojson"
"tx2026tgcaib","2026-09-30T10:18:24Z","2026-09-30T06:18:24-04:00","2026-09-30T16:53:46Z","2.1","2.1","17 km ESE of Pearsall, Texas","28.844","-98.929","United States of America","8.9","8.9333",,,,,"reviewed","0","68","earthquake","M 2.1 - 17 km ESE of Pearsall, Texas","https://earthquake.usgs.gov/earthquakes/eventpage/tx2026tgcaib","https://earthquake.usgs.gov/fdsnws/event/1/query?eventid=tx2026tgcaib&format=geojson"
"nc75441856","2026-09-30T10:15:44Z","2026-09-30T06:15:44-04:00","2026-09-30T10:17:22Z","1.3","1.25","22 km SE of Pinnacles, CA","36.3953323364258","-120.971168518066","United States of America","6.4","6.37",,,,,"automatic","0","24","earthquake","M 1.3 - 22 km SE of Pinnacles, CA","https://earthquake.usgs.gov/earthquakes/eventpage/nc75441856","https://earthquake.usgs.gov/fdsnws/event/1/query?eventid=nc75441856&format=geojson"
"tx2026tgbxdo","2026-09-30T10:14:45Z","2026-09-30T06:14:45-04:00","2026-09-30T17:02:53Z","1.6","1.6","62 km S of Whites City, New Mexico","31.616","-104.366","United States of America","7.3","7.3303",,,,,"reviewed","0","39","earthquake","M 1.6 - 62 km S of Whites City, New Mexico","https://earthquake.usgs.gov/earthquakes/eventpage/tx2026tgbxdo","https://earthquake.usgs.gov/fdsnws/event/1/query?eventid=tx2026tgbxdo&format=geojson"
"ci41340951","2026-09-30T10:03:46Z","2026-09-30T06:03:46-04:00","2026-09-30T19:35:49Z","1.6","1.64","3 km SSE of Piru, CA","34.39","-118.779166666667","United States of America","10.3","10.29",,,,,"reviewed","0","41","earthquake","M 1.6 - 3 km SSE of Piru, CA","https://earthquake.usgs.gov/earthquakes/eventpage/ci41340951","https://earthquake.usgs.gov/fdsnws/event/1/query?eventid=ci41340951&format=geojson"
"tx2026tgbdmw","2026-09-30T09:51:56Z","2026-09-30T05:51:56-04:00","2026-09-30T17:34:50Z","1.0","0.6","19 km NW of Stanton, Texas","32.265","-101.917","United States of America","8.3","8.3496",,,,,"reviewed","0","6","earthquake","M 0.6 - 19 km NW of Stanton, Texas","https://earthquake.usgs.gov/earthquakes/eventpage/tx2026tgbdmw","https://earthquake.usgs.gov/fdsnws/event/1/query?eventid=tx2026tgbdmw&format=geojson"
"nc75441851","2026-09-30T09:50:40Z","2026-09-30T05:50:40-04:00","2026-09-30T09:52:17Z","1.0","0.73","9 km WNW of Cobb, CA","38.8453330993652","-122.82250213623","United States of America","0.8","0.78",,,,,"automatic","0","8","earthquake","M 0.7 - 9 km WNW of Cobb, CA","https://earthquake.usgs.gov/earthquakes/eventpage/nc75441851","https://earthquake.usgs.gov/fdsnws/event/1/query?eventid=nc75441851&format=geojson"
"ci41340943","2026-09-30T09:49:58Z","2026-09-30T05:49:58-04:00","2026-10-01T13:13:17Z","1.0","0.78","22 km ESE of Anza, CA","33.4656666666667","-116.4665","United States of America","3.1","3.08",,,,,"reviewed","0","9","earthquake","M 0.8 - 22 km ESE of Anza, CA","https://earthquake.usgs.gov/earthquakes/eventpage/ci41340943","https://earthquake.usgs.gov/fdsnws/event/1/query?eventid=ci41340943&format=geojson"
"pr2026273000","2026-09-30T09:19:50Z","2026-09-30T05:19:50-04:00","2026-10-01T08:54:51Z","3.6","3.6","109 km NE of Cruz Bay, U.S. Virgin Islands","18.9975","-64.022","U.S. Virgin Islands","80.0","80",,,,,"reviewed","0","199","earthquake","M 3.6 - 109 km NE of Cruz Bay, U.S. Virgin Islands","https://earthquake.usgs.gov/earthquakes/eventpage/pr2026273000","https://earthquake.usgs.gov/fdsnws/event/1/query?eventid=pr2026273000&format=geojson"
"ci41340935","2026-09-30T09:05:41Z","2026-09-30T05:05:41-04:00","2026-09-30T15:59:48Z","1.0","0.78","4 km W of Garnet, CA","33.8975","-116.5935","United States of America","11.2","11.17",,,,,"reviewed","0","9","earthquake","M 0.8 - 4 km W of Garnet, CA","https://earthquake.usgs.gov/earthquakes/eventpage/ci41340935","https://earthquake.usgs.gov/fdsnws/event/1/query?eventid=ci41340935&format=geojson"
"uu80158256","2026-09-30T08:58:37Z","2026-09-30T04:58:37-04:00","2026-09-30T21:00:36Z","1.2","1.15","7 km ENE of Hebgen Lake Estates, Montana","44.7891666666667","-111.104666666667","United States of America","8.3","8.34",,,,,"reviewed","0","20","earthquake","M 1.2 - 7 km ENE of Hebgen Lake Estates, Montana","https://earthquake.usgs.gov/earthquakes/eventpage/uu80158256","https://earthquake.usgs.gov/fdsnws/event/1/query?eventid=uu80158256&format=geojson"
"mb90209793","2026-09-30T08:50:43Z","2026-09-30T04:50:43-04:00","2026-10-01T15:29:08Z","1.0","0.49","6 km ENE of Hebgen Lake Estates, Montana","44.7843333333333","-111.106166666667","United States of America","8.2","8.23",,,,,"reviewed","0","4","earthquake","M 0.5 - 6 km ENE of Hebgen Lake Estates, Montana","https://earthquake.usgs.gov/earthquakes/eventpage/mb90209793","https://earthquake.usgs.gov/fdsnws/event/1/query?eventid=mb90209793&format=geojson"
"tx2026tfzcgy","2026-09-30T08:50:13Z","2026-09-30T04:50:13-04:00","2026-10-01T08:54:49Z","3.3","3.3","61 km S of Whites City, New Mexico","31.624","-104.364","United States of America","7.0","6.9714",,,"3.93",,"reviewed","0","168","earthquake","M 3.3 - 61 km S of Whites City, New Mexico","https://earthquake.usgs.gov/earthquakes/eventpage/tx2026tfzcgy","https://earthquake.usgs.gov/fdsnws/event/1/query?eventid=tx2026tfzcgy&format=geojson"
"tx2026tfzbje","2026-09-30T08:49:05Z","2026-09-30T04:49:05-04:00","2026-09-30T16:46:13Z","1.8","1.8","15 km ESE of Pearsall, Texas","28.837","-98.944","United States of America","8.2","8.2051",,,,,"reviewed","0","50","earthquake","M 1.8 - 15 km ESE of Pearsall, Texas","https://earthquake.usgs.gov/earthquakes/eventpage/tx2026tfzbje","https://earthquake.usgs.gov/fdsnws/event/1/query?eventid=tx2026tfzbje&format=geojson"
"ci41340927","2026-09-30T08:39:00Z","2026-09-30T04:39:00-04:00","2026-09-30T21:12:48Z","1.2","1.19","15 km NNW of Piru, CA","34.5408333333333","-118.838833333333","United States of America","1.3","1.3",,,,,"reviewed","0","22","earthquake","M 1.2 - 15 km NNW of Piru, CA","https://earthquake.usgs.gov/earthquakes/eventpage/ci41340927","https://earthquake.usgs.gov/fdsnws/event/1/query?eventid=ci41340927&format=geojson"
"ci41340919","2026-09-30T08:32:22Z","2026-09-30T04:32:22-04:00","2026-10-01T17:29:47Z","1.0","0.8","8 km NNE of Pala, CA","33.4245","-117.032","United States of America","8.0","7.95",,,,,"reviewed","0","10","earthquake","M 0.8 - 8 km NNE of Pala, CA","https://earthquake.usgs.gov/earthquakes/eventpage/ci41340919","https://earthquake.usgs.gov/fdsnws/event/1/query?eventid=ci41340919&format=geojson"
"nc75441846","2026-09-30T08:30:24Z","2026-09-30T04:30:24-04:00","2026-09-30T08:32:02Z","1.0","0.75","2 km SW of Cobb, CA","38.8071670532227","-122.743667602539","United States of America","-0.9","-0.89",,,,,"automatic","0","9","earthquake","M 0.8 - 2 km SW of Cobb, CA","https://earthquake.usgs.gov/earthquakes/eventpage/nc75441846","https://earthquake.usgs.gov/fdsnws/event/1/query?eventid=nc75441846&format=geojson"
"se60506388","2026-09-30T08:25:22Z","2026-09-30T04:25:22-04:00","2026-09-30T12:45:24Z","2.0","1.97","14 km ENE of Mentone, Alabama","34.631","-85.4403333333333","United States of America","5.2","5.19",,,,,"reviewed","0","60","earthquake","M 2.0 - 14 km ENE of Mentone, Alabama","https://earthquake.usgs.gov/earthquakes/eventpage/se60506388","https://earthquake.usgs.gov/fdsnws/event/1/query?eventid=se60506388&format=geojson"
"nc75441841","2026-09-30T08:04:51Z","2026-09-30T04:04:51-04:00","2026-09-30T08:06:27Z","1.0","0.78","6 km WNW of Cobb, CA","38.8390007019043","-122.786163330078","United States of America","1.3","1.32",,,,,"automatic","0","9","earthquake","M 0.8 - 6 km WNW of Cobb, CA","https://earthquake.usgs.gov/earthquakes/eventpage/nc75441841","https://earthquake.usgs.gov/fdsnws/event/1/query?eventid=nc75441841&format=geojson"
"nc75441836","2026-09-30T07:57:40Z","2026-09-30T03:57:40-04:00","2026-09-30T07:59:17Z","1.2","1.15","3 km E of The Geysers, CA","38.779167175293","-122.724502563477","United States of America","1.6","1.55",,,,,"automatic","0","20","earthquake","M 1.2 - 3 km E of The Geysers, CA","https://earthquake.usgs.gov/earthquakes/eventpage/nc75441836","https://earthquake.usgs.gov/fdsnws/event/1/query?eventid=nc75441836&format=geojson"
"ci41340911","2026-09-30T07:52:49Z","2026-09-30T03:52:49-04:00","2026-09-30T15:22:59Z","1.0","0.62","7 km ESE of Valle Vista, CA","33.7141666666667","-116.825833333333","United States of America","15.2","15.18",,,,,"reviewed","0","6","earthquake","M 0.6 - 7 km ESE of Valle Vista, CA","https://earthquake.usgs.gov/earthquakes/eventpage/ci41340911","https://earthquake.usgs.gov/fdsnws/event/1/query?eventid=ci41340911&format=geojson"
"ci41340903","2026-09-30T07:38:21Z","2026-09-30T03:38:21-04:00","2026-09-30T15:16:54Z","1.0","0.87","22 km ESE of Anza, CA","33.4636666666667","-116.463","United States of America","2.6","2.6",,,,,"reviewed","0","12","earthquake","M 0.9 - 22 km ESE of Anza, CA","https://earthquake.usgs.gov/earthquakes/eventpage/ci41340903","https://earthquake.usgs.gov/fdsnws/event/1/query?eventid=ci41340903&format=geojson"
"tx2026tfwbvy","2026-09-30T07:19:08Z","2026-09-30T03:19:08-04:00","2026-10-01T08:22:22Z","2.1","2.1","17 km ESE of Pearsall, Texas","28.83","-98.935","United States of America","7.2","7.2359",,,,,"reviewed","0","68","earthquake","M 2.1 - 17 km ESE of Pearsall, Texas","https://earthquake.usgs.gov/earthquakes/eventpage/tx2026tfwbvy","https://earthquake.usgs.gov/fdsnws/event/1/query?eventid=tx2026tfwbvy&format=geojson"
"mb90209788","2026-09-30T07:17:18Z","2026-09-30T03:17:18-04:00","2026-10-01T15:24:08Z","1.0","0.07","26 km WNW of Hebgen Lake Estates, Montana","44.862","-111.499666666667","United States of America","13.7","13.72",,,,,"reviewed","0","0","earthquake","M 0.1 - 26 km WNW of Hebgen Lake Estates, Montana","https://earthquake.usgs.gov/earthquakes/eventpage/mb90209788","https://earthquake.usgs.gov/fdsnws/event/1/query?eventid=mb90209788&format=geojson"
"nc75441831","2026-09-30T06:48:58Z","2026-09-30T02:48:58-04:00","2026-09-30T06:50:35Z","1.1","1.05","7 km NW of The Geysers, CA","38.8241653442383","-122.804168701172","United States of America","2.7","2.71",,,,,"automatic","0","17","earthquake","M 1.1 - 7 km NW of The Geysers, CA","https://earthquake.usgs.gov/earthquakes/eventpage/nc75441831","https://earthquake.usgs.gov/fdsnws/event/1/query?eventid=nc75441831&format=geojson"
"ci41340895","2026-09-30T06:40:36Z","2026-09-30T02:40:36-04:00","2026-09-30T21:02:29Z","1.2","1.17","15 km NNW of Piru, CA","34.544","-118.84","United States of America","1.3","1.3",,,,,"reviewed","0","21","earthquake","M 1.2 - 15 km NNW of Piru, CA","https://earthquake.usgs.gov/earthquakes/eventpage/ci41340895","https://earthquake.usgs.gov/fdsnws/event/1/query?eventid=ci41340895&format=geojson"
"nc75441821","2026-09-30T06:20:33Z","2026-09-30T02:20:33-04:00","2026-09-30T06:22:10Z","1.1","1.09","7 km NW of The Geysers, CA","38.8201675415039","-122.813667297363","United States of America","2.7","2.72",,,,,"automatic","0","18","earthquake","M 1.1 - 7 km NW of The Geysers, CA","https://earthquake.usgs.gov/earthquakes/eventpage/nc75441821","https://earthquake.usgs.gov/fdsnws/event/1/query?eventid=nc75441821&format=geojson"
"nc75441816","2026-09-30T06:18:47Z","2026-09-30T02:18:47-04:00","2026-09-30T06:52:22Z","1.3","1.29","8 km W of Cobb, CA","38.8358345031738","-122.816329956055","United States of America","1.9","1.89",,,,,"automatic","0","26","earthquake","M 1.3 - 8 km W of Cobb, CA","https://earthquake.usgs.gov/earthquakes/eventpage/nc75441816","https://earthquake.usgs.gov/fdsnws/event/1/query?eventid=nc75441816&format=geojson"
"mb90209778","2026-09-30T06:17:20Z","2026-09-30T02:17:20-04:00","2026-10-01T15:19:08Z","-0.1","-0.09","4 km E of Hebgen Lake Estates, Montana","44.7685","-111.1315","United States of America","8.1","8.11",,,,,"reviewed","0","0","earthquake","M -0.1 - 4 km E of Hebgen Lake Estates, Montana","https://earthquake.usgs.gov/earthquakes/eventpage/mb90209778","https://earthquake.usgs.gov/fdsnws/event/1/query?eventid=mb90209778&format=geojson"
"ci41340887","2026-09-30T06:09:24Z","2026-09-30T02:09:24-04:00","2026-09-30T15:15:49Z","1.0","0.78","4 km WNW of Anza, CA","33.5745","-116.716","United States of America","11.7","11.7",,,,,"reviewed","0","9","earthquake","M 0.8 - 4 km WNW of Anza, CA","https://earthquake.usgs.gov/earthquakes/eventpage/ci41340887","https://earthquake.usgs.gov/fdsnws/event/1/query?eventid=ci41340887&format=geojson"
"ci41340879","2026-09-30T06:00:51Z","2026-09-30T02:00:51-04:00","2026-10-01T13:13:48Z","1.0","0.79","5 km E of Borrego Springs, CA","33.2583333333333","-116.3175","United States of America","12.5","12.54",,,,,"reviewed","0","10","earthquake","M 0.8 - 5 km E of Borrego Springs, CA","https://earthquake.usgs.gov/earthquakes/eventpage/ci41340879","https://earthquake.usgs.gov/fdsnws/event/1/query?eventid=ci41340879&format=geojson"
"ci41340871","2026-09-30T05:53:45Z","2026-09-30T01:53:45-04:00","2026-10-01T13:14:43Z","1.0","0.84","3 km ENE of Fontana, CA","34.1045","-117.428166666667","United States of America","5.2","5.24",,,,,"reviewed","0","11","earthquake","M 0.8 - 3 km ENE of Fontana, CA","https://earthquake.usgs.gov/earthquakes/eventpage/ci41340871","https://earthquake.usgs.gov/fdsnws/event/1/query?eventid=ci41340871&format=geojson"
"nc75441811","2026-09-30T05:48:49Z","2026-09-30T01:48:49-04:00","2026-09-30T06:22:20Z","1.3","1.3","11 km SW of Loyola, CA","37.2719993591309","-122.170166015625","United States of America","-0.3","-0.34",,,,,"automatic","0","26","earthquake","M 1.3 - 11 km SW of Loyola, CA","https://earthquake.usgs.gov/earthquakes/eventpage/nc75441811","https://earthquake.usgs.gov/fdsnws/event/1/query?eventid=nc75441811&format=geojson"
"ci41340863","2026-09-30T05:48:11Z","2026-09-30T01:48:11-04:00","2026-09-30T18:03:53Z","1.0","0.84","22 km ESE of Little Lake, CA","35.8731666666667","-117.675","United States of America","8.1","8.08",,,,,"reviewed","0","11","earthquake","M 0.8 - 22 km ESE of Little Lake, CA","https://earthquake.usgs.gov/earthquakes/eventpage/ci41340863","https://earthquake.usgs.gov/fdsnws/event/1/query?eventid=ci41340863&format=geojson"
"ci41340855","2026-09-30T05:39:28Z","2026-09-30T01:39:28-04:00","2026-09-30T18:27:03Z","1.0","0.57","6 km SW of Idyllwild, CA","33.704","-116.765","United States of America","17.8","17.76",,,,,"reviewed","0","5","earthquake","M 0.6 - 6 km SW of Idyllwild, CA","https://earthquake.usgs.gov/earthquakes/eventpage/ci41340855","https://earthquake.usgs.gov/fdsnws/event/1/query?eventid=ci41340855&format=geojson"
"ci41340847","2026-09-30T05:28:41Z","2026-09-30T01:28:41-04:00","2026-10-01T13:14:19Z","1.0","0.62","7 km ESE of Valle Vista, CA","33.7156666666667","-116.829666666667","United States of America","15.2","15.16",,,,,"reviewed","0","6","earthquake","M 0.6 - 7 km ESE of Valle Vista, CA","https://earthquake.usgs.gov/earthquakes/eventpage/ci41340847","https://earthquake.usgs.gov/fdsnws/event/1/query?eventid=ci41340847&format=geojson"
"tx2026tfsdrb","2026-09-30T05:23:51Z","2026-09-30T01:23:51-04:00","2026-10-01T09:19:38Z","1.5","1.5","58 km S of Whites City, New Mexico","31.654","-104.43","United States of America","6.1","6.1255",,,,,"reviewed","0","35","earthquake","M 1.5 - 58 km S of Whites City, New Mexico","https://earthquake.usgs.gov/earthquakes/eventpage/tx2026tfsdrb","https://earthquake.usgs.gov/fdsnws/event/1/query?eventid=tx2026tfsdrb&format=geojson"
"ci41340839","2026-09-30T05:18:48Z","2026-09-30T01:18:48-04:00","2026-10-01T13:14:47Z","1.0","0.71","8 km SW of Anza, CA","33.5158333333333","-116.743166666667","United States of America","4.0","4.01",,,,,"reviewed","0","8","earthquake","M 0.7 - 8 km SW of Anza, CA","https://earthquake.usgs.gov/earthquakes/eventpage/ci41340839","https://earthquake.usgs.gov/fdsnws/event/1/query?eventid=ci41340839&format=geojson"
"nc75441806","2026-09-30T04:44:57Z","2026-09-30T00:44:57-04:00","2026-09-30T05:37:26Z","1.7","1.66","16 km NNE of Brooktrails, CA","39.5691680908203","-123.301834106445","United States of America","12.9","12.93",,,,,"automatic","0","42","earthquake","M 1.7 - 16 km NNE of Brooktrails, CA","https://earthquake.usgs.gov/earthquakes/eventpage/nc75441806","https://earthquake.usgs.gov/fdsnws/event/1/query?eventid=nc75441806&format=geojson"
"ci41340831","2026-09-30T04:40:50Z","2026-09-30T00:40:50-04:00","2026-10-01T13:41:38Z","1.0","0.73","5 km SW of Idyllwild, CA","33.714","-116.76","United States of America","15.4","15.35",,,,,"reviewed","0","8","earthquake","M 0.7 - 5 km SW of Idyllwild, CA","https://earthquake.usgs.gov/earthquakes/eventpage/ci41340831","https://earthquake.usgs.gov/fdsnws/event/1/query?eventid=ci41340831&format=geojson"
"nc75441801","2026-09-30T04:35:57Z","2026-09-30T00:35:57-04:00","2026-09-30T05:07:24Z","1.7","1.67","8 km ESE of Cloverdale, CA","38.7809982299805","-122.935997009277","United States of America","6.6","6.55",,,,,"automatic","0","43","earthquake","M 1.7 - 8 km ESE of Cloverdale, CA","https://earthquake.usgs.gov/earthquakes/eventpage/nc75441801","https://earthquake.usgs.gov/fdsnws/event/1/query?eventid=nc75441801&format=geojson"
"us6000tyhe","2026-09-30T04:06:59Z","2026-09-30T00:06:59-04:00","2026-09-30T04:19:55Z","4.2","4.2","39 km W of Plan de Ayala, Mexico","17.4713","-93.8603","Mexico","177.7","177.736",,,,,"reviewed","0","271","earthquake","M 4.2 - 39 km W of Plan de Ayala, Mexico","https://earthquake.usgs.gov/earthquakes/eventpage/us6000tyhe","https://earthquake.usgs.gov/fdsnws/event/1/query?eventid=us6000tyhe&format=geojson"
"nc75441791","2026-09-30T04:04:06Z","2026-09-30T00:04:06-04:00","2026-09-30T04:42:19Z","2.1","2.07","26 km WSW of Westley, CA","37.4258346557617","-121.454666137695","United States of America","3.7","3.65",,,,,"automatic","0","66","earthquake","M 2.1 - 26 km WSW of Westley, CA","https://earthquake.usgs.gov/earthquakes/eventpage/nc75441791","https://earthquake.usgs.gov/fdsnws/event/1/query?eventid=nc75441791&format=geojson"
"uw714112232","2026-09-30T03:57:29Z","2026-09-29T23:57:29-04:00","2026-09-30T18:49:05Z","1.0","0.52","38 km NNE of Amboy, Washington","46.2041666666667","-122.192666666667","United States of America","1.9","1.86",,,,,"reviewed","0","4","earthquake","M 0.5 - 38 km NNE of Amboy, Washington","https://earthquake.usgs.gov/earthquakes/eventpage/uw714112232","https://earthquake.usgs.gov/fdsnws/event/1/query?eventid=uw714112232&format=geojson"
"tx2026tfphbo","2026-09-30T03:54:10Z","2026-09-29T23:54:10-04:00","2026-09-30T05:14:45Z","1.9","1.9","44 km NW of Toyah, Texas","31.614","-104.106","United States of America","1.9","1.8958",,,,,"reviewed","0","56","earthquake","M 1.9 - 44 km NW of Toyah, Texas","https://earthquake.usgs.gov/earthquakes/eventpage/tx2026tfphbo","https://earthquake.usgs.gov/fdsnws/event/1/query?eventid=tx2026tfphbo&format=geojson"
"nc75441781","2026-09-30T03:39:32Z","2026-09-29T23:39:32-04:00","2026-09-30T04:27:22Z","1.3","1.32","18 km SSE of Mammoth Lakes, CA","37.5029983520508","-118.873497009277","United States of America","2.9","2.93",,,,,"automatic","0","27","earthquake","M 1.3 - 18 km SSE of Mammoth Lakes, CA","https://earthquake.usgs.gov/earthquakes/eventpage/nc75441781","https://earthquake.usgs.gov/fdsnws/event/1/query?eventid=nc75441781&format=geojson"
"nc75441776","2026-09-30T03:35:16Z","2026-09-29T23:35:16-04:00","2026-09-30T03:36:55Z","1.0","0.41","10 km NW of The Geysers, CA","38.8419990539551","-122.841835021973","United States of America","1.9","1.93",,,,,"automatic","0","3","earthquake","M 0.4 - 10 km NW of The Geysers, CA","https://earthquake.usgs.gov/earthquakes/eventpage/nc75441776","https://earthquake.usgs.gov/fdsnws/event/1/query?eventid=nc75441776&format=geojson"
"nc75441771","2026-09-30T03:35:02Z","2026-09-29T23:35:02-04:00","2026-09-30T03:36:40Z","1.0","0.41","5 km WNW of Cobb, CA","38.8351669311523","-122.783668518066","United States of America","2.0","2.02",,,,,"automatic","0","3","earthquake","M 0.4 - 5 km WNW of Cobb, CA","https://earthquake.usgs.gov/earthquakes/eventpage/nc75441771","https://earthquake.usgs.gov/fdsnws/event/1/query?eventid=nc75441771&format=geojson"
"nc75441766","2026-09-30T03:22:14Z","2026-09-29T23:22:14-04:00","2026-09-30T03:57:21Z","1.3","1.33","5 km W of Cobb, CA","38.8250007629395","-122.783996582031","United States of America","1.9","1.88",,,,,"automatic","0","27","earthquake","M 1.3 - 5 km W of Cobb, CA","https://earthquake.usgs.gov/earthquakes/eventpage/nc75441766","https://earthquake.usgs.gov/fdsnws/event/1/query?eventid=nc75441766&format=geojson"
"uw714112222","2026-09-30T03:16:58Z","2026-09-29T23:16:58-04:00","2026-09-30T03:57:23Z","1.9","1.92","6 km WNW of Wauna, Washington","47.4073333333333","-122.7165","United States of America","31.6","31.58","3","0",,,"reviewed","0","57","earthquake","M 1.9 - 6 km WNW of Wauna, Washington","https://earthquake.usgs.gov/earthquakes/eventpage/uw714112222","https://earthquake.usgs.gov/fdsnws/event/1/query?eventid=uw714112222&format=geojson"
"ci41340823","2026-09-30T03:00:27Z","2026-09-29T23:00:27-04:00","2026-10-01T05:08:05Z","3.8","3.81","4 km SE of Piru, CA","34.3933333333333","-118.763166666667","United States of America","9.6","9.59","200","3.4","3.381",,"reviewed","0","291","earthquake","M 3.8 - 4 km SE of Piru, CA","https://earthquake.usgs.gov/earthquakes/eventpage/ci41340823","https://earthquake.usgs.gov/fdsnws/event/1/query?eventid=ci41340823&format=geojson"
"ci41340815","2026-09-30T02:42:14Z","2026-09-29T22:42:14-04:00","2026-09-30T15:49:30Z","1.0","0.43","7 km SSW of Pearblossom, CA","34.4453333333333","-117.937833333333","United States of America","11.5","11.46",,,,,"reviewed","0","3","earthquake","M 0.4 - 7 km SSW of Pearblossom, CA","https://earthquake.usgs.gov/earthquakes/eventpage/ci41340815","https://earthquake.usgs.gov/fdsnws/event/1/query?eventid=ci41340815&format=geojson"
"nc75441736","2026-09-30T02:06:52Z","2026-09-29T22:06:52-04:00","2026-09-30T02:08:30Z","1.0","0.96","8 km NW of The Geysers, CA","38.8311653137207","-122.819831848145","United States of America","1.6","1.61",,,,,"automatic","0","14","earthquake","M 1.0 - 8 km NW of The Geysers, CA","https://earthquake.usgs.gov/earthquakes/eventpage/nc75441736","https://earthquake.usgs.gov/fdsnws/event/1/query?eventid=nc75441736&format=geojson"
"ci41340807","2026-09-30T01:54:15Z","2026-09-29T21:54:15-04:00","2026-09-30T15:34:05Z","1.5","1.46","25 km SW of Maricopa, CA","34.9045","-119.607166666667","United States of America","9.4","9.38",,,,,"reviewed","0","33","earthquake","M 1.5 - 25 km SW of Maricopa, CA","https://earthquake.usgs.gov/earthquakes/eventpage/ci41340807","https://earthquake.usgs.gov/fdsnws/event/1/query?eventid=ci41340807&format=geojson"
"nc75441726","2026-09-30T01:36:42Z","2026-09-29T21:36:42-04:00","2026-10-01T02:04:47Z","2.3","2.34","20 km E of Markleeville, CA","38.6876678466797","-119.568336486816","United States of America","2.3","2.26",,,,,"automatic","0","84","earthquake","M 2.3 - 20 km E of Markleeville, CA","https://earthquake.usgs.gov/earthquakes/eventpage/nc75441726","https://earthquake.usgs.gov/fdsnws/event/1/query?eventid=nc75441726&format=geojson"
"uw714112212","2026-09-30T01:27:45Z","2026-09-29T21:27:45-04:00","2026-09-30T17:51:27Z","1.2","1.24","4 km ENE of Mirrormont, Washington","47.472","-121.934166666667","United States of America","18.5","18.52",,,,,"reviewed","0","24","earthquake","M 1.2 - 4 km ENE of Mirrormont, Washington","https://earthquake.usgs.gov/earthquakes/eventpage/uw714112212","https://earthquake.usgs.gov/fdsnws/event/1/query?eventid=uw714112212&format=geojson"
"ci41340799","2026-09-30T01:16:37Z","2026-09-29T21:16:37-04:00","2026-09-30T20:49:23Z","1.3","1.33","6 km SW of Salton City, CA","33.2653333333333","-116.011833333333","United States of America","2.9","2.93",,,,,"reviewed","0","27","earthquake","M 1.3 - 6 km SW of Salton City, CA","https://earthquake.usgs.gov/earthquakes/eventpage/ci41340799","https://earthquake.usgs.gov/fdsnws/event/1/query?eventid=ci41340799&format=geojson"
"ci41340791","2026-09-30T01:04:49Z","2026-09-29T21:04:49-04:00","2026-09-30T18:35:51Z","1.2","1.15","8 km NE of Coso Junction, CA","36.0961666666667","-117.892833333333","United States of America","3.8","3.75",,,,,"reviewed","0","20","earthquake","M 1.2 - 8 km NE of Coso Junction, CA","https://earthquake.usgs.gov/earthquakes/eventpage/ci41340791","https://earthquake.usgs.gov/fdsnws/event/1/query?eventid=ci41340791&format=geojson"
"ci41340783","2026-09-30T00:59:33Z","2026-09-29T20:59:33-04:00","2026-09-30T20:39:01Z","1.3","1.27","20 km ESE of Little Lake, CA","35.8841666666667","-117.699166666667","United States of America","4.6","4.56",,,,,"reviewed","0","25","earthquake","M 1.3 - 20 km ESE of Little Lake, CA","https://earthquake.usgs.gov/earthquakes/eventpage/ci41340783","https://earthquake.usgs.gov/fdsnws/event/1/query?eventid=ci41340783&format=geojson"
"nc75441716","2026-09-30T00:56:30Z","2026-09-29T20:56:30-04:00","2026-09-30T02:47:39Z","1.3","1.32","9 km NNW of Avenal, CA","36.0806655883789","-120.164001464844","United States of America","4.9","4.85",,,,,"automatic","0","27","earthquake","M 1.3 - 9 km NNW of Avenal, CA","https://earthquake.usgs.gov/earthquakes/eventpage/nc75441716","https://earthquake.usgs.gov/fdsnws/event/1/query?eventid=nc75441716&format=geojson"
"nc75441711","2026-09-30T00:55:21Z","2026-09-29T20:55:21-04:00","2026-09-30T00:57:00Z","1.1","1.05","4 km SW of Anderson Springs, CA","38.7491683959961","-122.716331481934","United States of America","1.7","1.7",,,,,"automatic","0","17","earthquake","M 1.1 - 4 km SW of Anderson Springs, CA","https://earthquake.usgs.gov/earthquakes/eventpage/nc75441711","https://earthquake.usgs.gov/fdsnws/event/1/query?eventid=nc75441711&format=geojson"
"nc75441706","2026-09-30T00:54:29Z","2026-09-29T20:54:29-04:00","2026-09-30T02:22:24Z","1.3","1.3","3 km NNW of The Geysers, CA","38.8009986877441","-122.769165039062","United States of America","0.0","0",,,,,"automatic","0","26","earthquake","M 1.3 - 3 km NNW of The Geysers, CA","https://earthquake.usgs.gov/earthquakes/eventpage/nc75441706","https://earthquake.usgs.gov/fdsnws/event/1/query?eventid=nc75441706&format=geojson"
"ci41340775","2026-09-30T00:47:44Z","2026-09-29T20:47:44-04:00","2026-09-30T20:15:05Z","1.0","0.67","17 km NNE of Borrego Springs, CA","33.3913333333333","-116.302166666667","United States of America","12.3","12.34",,,,,"reviewed","0","7","earthquake","M 0.7 - 17 km NNE of Borrego Springs, CA","https://earthquake.usgs.gov/earthquakes/eventpage/ci41340775","https://earthquake.usgs.gov/fdsnws/event/1/query?eventid=ci41340775&format=geojson"
"nc75441701","2026-09-30T00:39:54Z","2026-09-29T20:39:54-04:00","2026-09-30T01:52:21Z","2.2","2.24","6 km N of Redwood Valley, CA","39.3173332214355","-123.216667175293","United States of America","5.4","5.43",,,,,"automatic","0","77","earthquake","M 2.2 - 6 km N of Redwood Valley, CA","https://earthquake.usgs.gov/earthquakes/eventpage/nc75441701","https://earthquake.usgs.gov/fdsnws/event/1/query?eventid=nc75441701&format=geojson"
"nc75441696","2026-09-30T00:37:31Z","2026-09-29T20:37:31-04:00","2026-09-30T01:37:29Z","1.3","1.33","5 km WNW of The Geysers, CA","38.7944984436035","-122.808334350586","United States of America","3.0","2.97",,,,,"automatic","0","27","earthquake","M 1.3 - 5 km WNW of The Geysers, CA","https://earthquake.usgs.gov/earthquakes/eventpage/nc75441696","https://earthquake.usgs.gov/fdsnws/event/1/query?eventid=nc75441696&format=geojson"
"nc75441691","2026-09-30T00:34:21Z","2026-09-29T20:34:21-04:00","2026-09-30T01:07:22Z","1.1","1.12","5 km WNW of The Geysers, CA","38.7946662902832","-122.80916595459","United States of America","3.0","3",,,,,"automatic","0","19","earthquake","M 1.1 - 5 km WNW of The Geysers, CA","https://earthquake.usgs.gov/earthquakes/eventpage/nc75441691","https://earthquake.usgs.gov/fdsnws/event/1/query?eventid=nc75441691&format=geojson"
"ci41340767","2026-09-30T00:33:02Z","2026-09-29T20:33:02-04:00","2026-09-30T19:34:16Z","1.0","0.62","4 km S of Idyllwild, CA","33.7025","-116.714166666667","United States of America","16.6","16.57",,,,,"reviewed","0","6","earthquake","M 0.6 - 4 km S of Idyllwild, CA","https://earthquake.usgs.gov/earthquakes/eventpage/ci41340767","https://earthquake.usgs.gov/fdsnws/event/1/query?eventid=ci41340767&format=geojson"
"nc75441681","2026-09-30T00:30:46Z","2026-09-29T20:30:46-04:00","2026-09-30T00:32:24Z","1.0","0.87","8 km WNW of Cobb, CA","38.8544998168945","-122.80883026123","United States of America","11.7","11.66",,,,,"automatic","0","12","earthquake","M 0.9 - 8 km WNW of Cobb, CA","https://earthquake.usgs.gov/earthquakes/eventpage/nc75441681","https://earthquake.usgs.gov/fdsnws/event/1/query?eventid=nc75441681&format=geojson"
"nn00925058","2026-09-30T00:30:18Z","2026-09-29T20:30:18-04:00","2026-10-01T02:04:09Z","1.5","1.52","3 km N of Goldfield, Nevada","37.7393","-117.2376","United States of America","0.0","0",,,,,"reviewed","0","36","explosion","M 1.5 Explosion - 3 km N of Goldfield, Nevada","https://earthquake.usgs.gov/earthquakes/eventpage/nn00925058","https://earthquake.usgs.gov/fdsnws/event/1/query?eventid=nn00925058&format=geojson"
"ci41340759","2026-09-30T00:22:41Z","2026-09-29T20:22:41-04:00","2026-09-30T18:45:28Z","1.0","0.43","4 km NNW of Anza, CA","33.5935","-116.686666666667","United States of America","2.6","2.63",,,,,"reviewed","0","3","earthquake","M 0.4 - 4 km NNW of Anza, CA","https://earthquake.usgs.gov/earthquakes/eventpage/ci41340759","https://earthquake.usgs.gov/fdsnws/event/1/query?eventid=ci41340759&format=geojson"
"nc75441676","2026-09-30T00:17:49Z","2026-09-29T20:17:49-04:00","2026-09-30T00:19:24Z","1.1","1.05","5 km WNW of The Geysers, CA","38.7948341369629","-122.809997558594","United States of America","3.2","3.15",,,,,"automatic","0","17","earthquake","M 1.1 - 5 km WNW of The Geysers, CA","https://earthquake.usgs.gov/earthquakes/eventpage/nc75441676","https://earthquake.usgs.gov/fdsnws/event/1/query?eventid=nc75441676&format=geojson"
"ci41340751","2026-09-29T23:42:32Z","2026-09-29T19:42:32-04:00","2026-09-30T20:31:13Z","1.1","1.06","7 km ENE of Yucaipa, CA","34.0558333333333","-116.976666666667","United States of America","15.9","15.9",,,,,"reviewed","0","17","earthquake","M 1.1 - 7 km ENE of Yucaipa, CA","https://earthquake.usgs.gov/earthquakes/eventpage/ci41340751","https://earthquake.usgs.gov/fdsnws/event/1/query?eventid=ci41340751&format=geojson"
"nc75441671","2026-09-29T23:39:46Z","2026-09-29T19:39:46-04:00","2026-09-29T23:41:20Z","2.5","2.49","12 km NNE of San Lucas, CA","36.2361679077148","-120.977996826172","United States of America","4.8","4.83",,,,,"automatic","0","95","earthquake","M 2.5 - 12 km NNE of San Lucas, CA","https://earthquake.usgs.gov/earthquakes/eventpage/nc75441671","https://earthquake.usgs.gov/fdsnws/event/1/query?eventid=nc75441671&format=geojson"
"nc75441666","2026-09-29T23:29:25Z","2026-09-29T19:29:25-04:00","2026-09-29T23:30:59Z","1.0","1.04","2 km NE of The Geysers, CA","38.7886657714844","-122.746170043945","United States of America","1.8","1.83",,,,,"automatic","0","17","earthquake","M 1.0 - 2 km NE of The Geysers, CA","https://earthquake.usgs.gov/earthquakes/eventpage/nc75441666","https://earthquake.usgs.gov/fdsnws/event/1/query?eventid=nc75441666&format=geojson"
"ci41340735","2026-09-29T23:27:28Z","2026-09-29T19:27:28-04:00","2026-09-30T15:22:30Z","1.0","0.77","8 km SE of Valle Vista, CA","33.7085","-116.823666666667","United States of America","15.7","15.71",,,,,"reviewed","0","9","earthquake","M 0.8 - 8 km SE of Valle Vista, CA","https://earthquake.usgs.gov/earthquakes/eventpage/ci41340735","https://earthquake.usgs.gov/fdsnws/event/1/query?eventid=ci41340735&format=geojson"
"nc75441661","2026-09-29T23:24:59Z","2026-09-29T19:24:59-04:00","2026-09-29T23:26:34Z","1.0","0.74","5 km NW of The Geysers, CA","38.8141670227051","-122.791664123535","United States of America","1.0","1",,,,,"automatic","0","8","earthquake","M 0.7 - 5 km NW of The Geysers, CA","https://earthquake.usgs.gov/earthquakes/eventpage/nc75441661","https://earthquake.usgs.gov/fdsnws/event/1/query?eventid=nc75441661&format=geojson"
"nc75441656","2026-09-29T23:09:55Z","2026-09-29T19:09:55-04:00","2026-09-29T23:11:29Z","1.0","0.25","3 km NE of The Geysers, CA","38.7929992675781","-122.733001708984","United States of America","1.8","1.81",,,,,"automatic","0","1","earthquake","M 0.3 - 3 km NE of The Geysers, CA","https://earthquake.usgs.gov/earthquakes/eventpage/nc75441656","https://earthquake.usgs.gov/fdsnws/event/1/query?eventid=nc75441656&format=geojson"
"uw714112162","2026-09-29T23:04:19Z","2026-09-29T19:04:19-04:00","2026-09-30T00:25:08Z","1.3","1.3","4 km WNW of Wauna, Washington","47.3991666666667","-122.6935","United States of America","25.3","25.29",,,,,"reviewed","0","26","earthquake","M 1.3 - 4 km WNW of Wauna, Washington","https://earthquake.usgs.gov/earthquakes/eventpage/uw714112162","https://earthquake.usgs.gov/fdsnws/event/1/query?eventid=uw714112162&format=geojson"
"ci41340727","2026-09-29T22:54:25Z","2026-09-29T18:54:25-04:00","2026-09-30T16:17:28Z","2.0","2.03","39 km ENE of Ensenada, B.C., MX","31.9396666666667","-116.218833333333","Mexico","15.0","14.96",,,,,"reviewed","0","63","earthquake","M 2.0 - 39 km ENE of Ensenada, B.C., MX","https://earthquake.usgs.gov/earthquakes/eventpage/ci41340727","https://earthquake.usgs.gov/fdsnws/event/1/query?eventid=ci41340727&format=geojson"
"uw714112012","2026-09-29T21:59:21Z","2026-09-29T17:59:21-04:00","2026-09-30T04:18:28Z","1.4","1.41","2 km NNW of Falls City, Oregon","44.8883333333333","-123.452166666667","United States of America","32.6","32.64",,,,,"reviewed","0","31","earthquake","M 1.4 - 2 km NNW of Falls City, Oregon","https://earthquake.usgs.gov/earthquakes/eventpage/uw714112012","https://earthquake.usgs.gov/fdsnws/event/1/query?eventid=uw714112012&format=geojson"
"tx2026tfdjak","2026-09-29T21:54:19Z","2026-09-29T17:54:19-04:00","2026-09-30T14:49:06Z","1.9","1.9","35 km SE of Malaga, New Mexico","32.001","-103.81","United States of America","7.9","7.9327",,,,,"reviewed","0","56","earthquake","M 1.9 - 35 km SE of Malaga, New Mexico","https://earthquake.usgs.gov/earthquakes/eventpage/tx2026tfdjak","https://earthquake.usgs.gov/fdsnws/event/1/query?eventid=tx2026tfdjak&format=geojson"
"nc75441641","2026-09-29T21:49:52Z","2026-09-29T17:49:52-04:00","2026-09-29T21:51:30Z","1.0","0.75","5 km WNW of The Geysers, CA","38.7946662902832","-122.80883026123","United States of America","3.1","3.13",,,,,"automatic","0","9","earthquake","M 0.8 - 5 km WNW of The Geysers, CA","https://earthquake.usgs.gov/earthquakes/eventpage/nc75441641","https://earthquake.usgs.gov/fdsnws/event/1/query?eventid=nc75441641&format=geojson"
"nc75441636","2026-09-29T21:48:49Z","2026-09-29T17:48:49-04:00","2026-09-29T21:50:25Z","1.0","1.04","7 km NW of The Geysers, CA","38.8214988708496","-122.809997558594","United States of America","2.7","2.65",,,,,"automatic","0","17","earthquake","M 1.0 - 7 km NW of The Geysers, CA","https://earthquake.usgs.gov/earthquakes/eventpage/nc75441636","https://earthquake.usgs.gov/fdsnws/event/1/query?eventid=nc75441636&format=geojson"
"uw714111992","2026-09-29T21:47:27Z","2026-09-29T17:47:27-04:00","2026-09-30T00:06:23Z","1.7","1.72","14 km S of Princeton, Canada","49.327","-120.5005","Canada","-0.5","-0.51",,,,,"reviewed","0","46","explosion","M 1.7 Explosion - 14 km S of Princeton, Canada","https://earthquake.usgs.gov/earthquakes/eventpage/uw714111992","https://earthquake.usgs.gov/fdsnws/event/1/query?eventid=uw714111992&format=geojson"
"nc75441631","2026-09-29T21:47:04Z","2026-09-29T17:47:04-04:00","2026-09-30T00:07:22Z","2.2","2.23","8 km W of Cotati, CA","38.3233337402344","-122.800834655762","United States of America","4.3","4.33",,,,,"automatic","0","77","earthquake","M 2.2 - 8 km W of Cotati, CA","https://earthquake.usgs.gov/earthquakes/eventpage/nc75441631","https://earthquake.usgs.gov/fdsnws/event/1/query?eventid=nc75441631&format=geojson"
"ci41340719","2026-09-29T21:39:30Z","2026-09-29T17:39:30-04:00","2026-09-30T15:44:58Z","1.0","0.67","7 km SW of Beaumont, CA","33.8833333333333","-117.026166666667","United States of America","18.0","17.95",,,,,"reviewed","0","7","earthquake","M 0.7 - 7 km SW of Beaumont, CA","https://earthquake.usgs.gov/earthquakes/eventpage/ci41340719","https://earthquake.usgs.gov/fdsnws/event/1/query?eventid=ci41340719&format=geojson"
"nc75441626","2026-09-29T21:37:31Z","2026-09-29T17:37:31-04:00","2026-09-29T21:39:09Z","1.0","0.77","7 km NW of The Geysers, CA","38.8219985961914","-122.814331054688","United States of America","2.7","2.67",,,,,"automatic","0","9","earthquake","M 0.8 - 7 km NW of The Geysers, CA","https://earthquake.usgs.gov/earthquakes/eventpage/nc75441626","https://earthquake.usgs.gov/fdsnws/event/1/query?eventid=nc75441626&format=geojson"
"nc75441621","2026-09-29T21:32:06Z","2026-09-29T17:32:06-04:00","2026-09-29T23:12:24Z","1.2","1.15","6 km WNW of Cobb, CA","38.8363342285156","-122.794830322266","United States of America","2.1","2.12",,,,,"automatic","0","20","earthquake","M 1.2 - 6 km WNW of Cobb, CA","https://earthquake.usgs.gov/earthquakes/eventpage/nc75441621","https://earthquake.usgs.gov/fdsnws/event/1/query?eventid=nc75441621&format=geojson"
"ci41340711","2026-09-29T21:30:19Z","2026-09-29T17:30:19-04:00","2026-09-30T18:39:39Z","1.3","1.33","5 km NE of Rancho San Diego, CA","32.7756666666667","-116.894166666667","United States of America","-0.4","-0.35",,,,,"reviewed","0","27","quarry blast","M 1.3 Quarry Blast - 5 km NE of Rancho San Diego, CA","https://earthquake.usgs.gov/earthquakes/eventpage/ci41340711","https://earthquake.usgs.gov/fdsnws/event/1/query?eventid=ci41340711&format=geojson"
"ci41340703","2026-09-29T21:22:12Z","2026-09-29T17:22:12-04:00","2026-09-30T15:22:34Z","1.4","1.44","20 km ESE of Little Lake, CA","35.884","-117.695","United States of America","4.5","4.46",,,,,"reviewed","0","32","earthquake","M 1.4 - 20 km ESE of Little Lake, CA","https://earthquake.usgs.gov/earthquakes/eventpage/ci41340703","https://earthquake.usgs.gov/fdsnws/event/1/query?eventid=ci41340703&format=geojson"
"uw714111952","2026-09-29T21:05:56Z","2026-09-29T17:05:56-04:00","2026-10-02T18:10:40Z","4.2","4.15","6 km WNW of Wauna, Washington","47.4003333333333","-122.722","United States of America","27.9","27.92","9490","3.8","3.452","green","reviewed","0","645","earthquake","M 4.2 - 6 km WNW of Wauna, Washington","https://earthquake.usgs.gov/earthquakes/eventpage/uw714111952","https://earthquake.usgs.gov/fdsnws/event/1/query?eventid=uw714111952&format=geojson"
"nn00925043","2026-09-29T21:03:12Z","2026-09-29T17:03:12-04:00","2026-09-30T02:05:23Z","1.4","1.38","18 km SW of Hawthorne, Nevada","38.3945","-118.7481","United States of America","0.0","0",,,,,"reviewed","0","29","explosion","M 1.4 Explosion - 18 km SW of Hawthorne, Nevada","https://earthquake.usgs.gov/earthquakes/eventpage/nn00925043","https://earthquake.usgs.gov/fdsnws/event/1/query?eventid=nn00925043&format=geojson"
"tx2026tfbknn","2026-09-29T20:55:45Z","2026-09-29T16:55:45-04:00","2026-09-30T14:53:30Z","1.7","1.7","55 km S of Whites City, New Mexico","31.675","-104.412","United States of America","6.9","6.9202",,,,,"reviewed","0","44","earthquake","M 1.7 - 55 km S of Whites City, New Mexico","https://earthquake.usgs.gov/earthquakes/eventpage/tx2026tfbknn","https://earthquake.usgs.gov/fdsnws/event/1/query?eventid=tx2026tfbknn&format=geojson"
"nc75444527","2026-09-29T20:52:30Z","2026-09-29T16:52:30-04:00","2026-09-29T20:54:09Z","1.0","0.93","4 km W of Cobb, CA","38.8245010375977","-122.766830444336","United States of America","2.0","2.04",,,,,"automatic","0","13","earthquake","M 0.9 - 4 km W of Cobb, CA","https://earthquake.usgs.gov/earthquakes/eventpage/nc75444527","https://earthquake.usgs.gov/fdsnws/event/1/query?eventid=nc75444527&format=geojson"
"tx2026tfahtn","2026-09-29T20:22:15Z","2026-09-29T16:22:15-04:00","2026-09-29T21:49:02Z","1.8","1.8","57 km S of Whites City, New Mexico","31.659","-104.297","United States of America","7.2","7.1765",,,,,"reviewed","0","50","earthquake","M 1.8 - 57 km S of Whites City, New Mexico","https://earthquake.usgs.gov/earthquakes/eventpage/tx2026tfahtn","https://earthquake.usgs.gov/fdsnws/event/1/query?eventid=tx2026tfahtn&format=geojson"
"tx2026tezyqt","2026-09-29T20:11:38Z","2026-09-29T16:11:38-04:00","2026-09-29T21:29:34Z","2.3","2.3","11 km ESE of Pearsall, Texas","28.854","-98.986","United States of America","8.8","8.8348",,,,,"reviewed","0","81","earthquake","M 2.3 - 11 km ESE of Pearsall, Texas","https://earthquake.usgs.gov/earthquakes/eventpage/tx2026tezyqt","https://earthquake.usgs.gov/fdsnws/event/1/query?eventid=tx2026tezyqt&format=geojson"
"uw714111882","2026-09-29T20:11:07Z","2026-09-29T16:11:07-04:00","2026-09-29T22:51:08Z","2.1","2.12","29 km SW of Richland, Oregon","44.5993333333333","-117.459166666667","United States of America","-1.1","-1.13",,,,,"reviewed","0","69","explosion","M 2.1 Explosion - 29 km SW of Richland, Oregon","https://earthquake.usgs.gov/earthquakes/eventpage/uw714111882","https://earthquake.usgs.gov/fdsnws/event/1/query?eventid=uw714111882&format=geojson"
"nc75444517","2026-09-29T20:09:30Z","2026-09-29T16:09:30-04:00","2026-09-29T20:11:08Z","1.0","0.67","10 km WNW of The Geysers, CA","38.8223342895508","-122.851501464844","United States of America","2.4","2.44",,,,,"automatic","0","7","earthquake","M 0.7 - 10 km WNW of The Geysers, CA","https://earthquake.usgs.gov/earthquakes/eventpage/nc75444517","https://earthquake.usgs.gov/fdsnws/event/1/query?eventid=nc75444517&format=geojson"
"uw714111802","2026-09-29T19:27:53Z","2026-09-29T15:27:53-04:00","2026-09-29T22:02:18Z","1.0","0.74","6 km SE of Mossyrock, Washington","46.485","-122.430833333333","United States of America","18.7","18.65",,,,,"reviewed","0","8","earthquake","M 0.7 - 6 km SE of Mossyrock, Washington","https://earthquake.usgs.gov/earthquakes/eventpage/uw714111802","https://earthquake.usgs.gov/fdsnws/event/1/query?eventid=uw714111802&format=geojson"
"pr71535123","2026-09-29T19:22:22Z","2026-09-29T15:22:22-04:00","2026-09-29T20:04:10Z","2.2","2.2","3 km ENE of Lluveras, Puerto Rico","18.0525","-66.877","Puerto Rico","6.5","6.45",,,,,"reviewed","0","74","earthquake","M 2.2 - 3 km ENE of Lluveras, Puerto Rico","https://earthquake.usgs.gov/earthquakes/eventpage/pr71535123","https://earthquake.usgs.gov/fdsnws/event/1/query?eventid=pr71535123&format=geojson"
"ci41340671","2026-09-29T19:08:50Z","2026-09-29T15:08:50-04:00","2026-09-30T19:15:39Z","1.2","1.22","6 km WSW of Pala, CA","33.3383333333333","-117.135833333333","United States of America","-0.4","-0.44",,,,,"reviewed","0","23","quarry blast","M 1.2 Quarry Blast - 6 km WSW of Pala, CA","https://earthquake.usgs.gov/earthquakes/eventpage/ci41340671","https://earthquake.usgs.gov/fdsnws/event/1/query?eventid=ci41340671&format=geojson"
"tx2026texvrg","2026-09-29T19:07:53Z","2026-09-29T15:07:53-04:00","2026-09-30T15:04:03Z","1.0","1","20 km NNE of Stanton, Texas","32.314","-101.744","United States of America","5.9","5.8838",,,,,"reviewed","0","15","earthquake","M 1.0 - 20 km NNE of Stanton, Texas","https://earthquake.usgs.gov/earthquakes/eventpage/tx2026texvrg","https://earthquake.usgs.gov/fdsnws/event/1/query?eventid=tx2026texvrg&format=geojson"
"tx2026texutq","2026-09-29T19:06:51Z","2026-09-29T15:06:51-04:00","2026-09-30T15:15:15Z","1.7","1.7","20 km NNE of Stanton, Texas","32.313","-101.741","United States of America","5.7","5.7129",,,,,"reviewed","0","44","earthquake","M 1.7 - 20 km NNE of Stanton, Texas","https://earthquake.usgs.gov/earthquakes/eventpage/tx2026texutq","https://earthquake.usgs.gov/fdsnws/event/1/query?eventid=tx2026texutq&format=geojson"
"nc75444507","2026-09-29T18:56:43Z","2026-09-29T14:56:43-04:00","2026-09-29T19:57:22Z","1.3","1.27","3 km S of Cobb, CA","38.7958335876465","-122.728668212891","United States of America","1.9","1.93",,,,,"automatic","0","25","earthquake","M 1.3 - 3 km S of Cobb, CA","https://earthquake.usgs.gov/earthquakes/eventpage/nc75444507","https://earthquake.usgs.gov/fdsnws/event/1/query?eventid=nc75444507&format=geojson"
"ci41340655","2026-09-29T18:55:07Z","2026-09-29T14:55:07-04:00","2026-09-30T18:20:15Z","1.2","1.19","7 km SSW of Mojave, CA","34.9941666666667","-118.2035","United States of America","-0.8","-0.77",,,,,"reviewed","0","22","quarry blast","M 1.2 Quarry Blast - 7 km SSW of Mojave, CA","https://earthquake.usgs.gov/earthquakes/eventpage/ci41340655","https://earthquake.usgs.gov/fdsnws/event/1/query?eventid=ci41340655&format=geojson"
"nc75444502","2026-09-29T18:53:56Z","2026-09-29T14:53:56-04:00","2026-09-29T18:55:33Z","1.0","0.44","10 km NW of The Geysers, CA","38.84033203125","-122.837669372559","United States of America","1.8","1.76",,,,,"automatic","0","3","earthquake","M 0.4 - 10 km NW of The Geysers, CA","https://earthquake.usgs.gov/earthquakes/eventpage/nc75444502","https://earthquake.usgs.gov/fdsnws/event/1/query?eventid=nc75444502&format=geojson"
"ci41340639","2026-09-29T18:48:10Z","2026-09-29T14:48:10-04:00","2026-09-29T19:30:25Z","1.0","0.82","2 km E of San Jacinto, CA","33.783","-116.934333333333","United States of America","12.6","12.56",,,,,"reviewed","0","10","earthquake","M 0.8 - 2 km E of San Jacinto, CA","https://earthquake.usgs.gov/earthquakes/eventpage/ci41340639","https://earthquake.usgs.gov/fdsnws/event/1/query?eventid=ci41340639&format=geojson"
"nc75444497","2026-09-29T18:47:28Z","2026-09-29T14:47:28-04:00","2026-09-29T19:32:23Z","2.0","2.02","7 km WSW of Calistoga, CA","38.5541648864746","-122.660003662109","United States of America","0.4","0.42","2","2",,,"automatic","0","63","earthquake","M 2.0 - 7 km WSW of Calistoga, CA","https://earthquake.usgs.gov/earthquakes/eventpage/nc75444497","https://earthquake.usgs.gov/fdsnws/event/1/query?eventid=nc75444497&format=geojson"
"mb90209733","2026-09-29T18:44:54Z","2026-09-29T14:44:54-04:00","2026-09-30T21:05:07Z","1.0","0.45","28 km W of Hebgen Lake Estates, Montana","44.8115","-111.545666666667","United States of America","12.8","12.78",,,,,"reviewed","0","3","earthquake","M 0.5 - 28 km W of Hebgen Lake Estates, Montana","https://earthquake.usgs.gov/earthquakes/eventpage/mb90209733","https://earthquake.usgs.gov/fdsnws/event/1/query?eventid=mb90209733&format=geojson"
"ok2026tcog","2026-09-29T18:39:26Z","2026-09-29T14:39:26-04:00","2026-09-30T14:06:21Z","1.3","1.31","6 km N of Tatums, Oklahoma","34.53883333","-97.469","United States of America","5.9","5.89",,,,,"reviewed","0","26","earthquake","M 1.3 - 6 km N of Tatums, Oklahoma","https://earthquake.usgs.gov/earthquakes/eventpage/ok2026tcog","https://earthquake.usgs.gov/fdsnws/event/1/query?eventid=ok2026tcog&format=geojson"
"ci41340631","2026-09-29T18:36:46Z","2026-09-29T14:36:46-04:00","2026-09-29T19:46:16Z","1.0","0.73","8 km WNW of Anza, CA","33.5855","-116.757666666667","United States of America","11.9","11.86",,,,,"reviewed","0","8","earthquake","M 0.7 - 8 km WNW of Anza, CA","https://earthquake.usgs.gov/earthquakes/eventpage/ci41340631","https://earthquake.usgs.gov/fdsnws/event/1/query?eventid=ci41340631&format=geojson"
"tx2026tewmrt","2026-09-29T18:27:15Z","2026-09-29T14:27:15-04:00","2026-09-30T15:10:02Z","2.1","2.1","24 km SSW of Westbrook, Texas","32.141","-101.086","United States of America","5.7","5.6885",,,,,"reviewed","0","68","earthquake","M 2.1 - 24 km SSW of Westbrook, Texas","https://earthquake.usgs.gov/earthquakes/eventpage/tx2026tewmrt","https://earthquake.usgs.gov/fdsnws/event/1/query?eventid=tx2026tewmrt&format=geojson"
"ci41340615","2026-09-29T17:58:24Z","2026-09-29T13:58:24-04:00","2026-09-29T19:09:27Z","1.7","1.73","16 km WSW of Johannesburg, CA","35.3101666666667","-117.7985","United States of America","6.6","6.57",,,,,"reviewed","0","46","earthquake","M 1.7 - 16 km WSW of Johannesburg, CA","https://earthquake.usgs.gov/earthquakes/eventpage/ci41340615","https://earthquake.usgs.gov/fdsnws/event/1/query?eventid=ci41340615&format=geojson"
"nc75444467","2026-09-29T17:52:16Z","2026-09-29T13:52:16-04:00","2026-09-29T17:53:53Z","1.0","0.75","5 km NW of The Geysers, CA","38.8061676025391","-122.796836853027","United States of America","3.5","3.51",,,,,"automatic","0","9","earthquake","M 0.8 - 5 km NW of The Geysers, CA","https://earthquake.usgs.gov/earthquakes/eventpage/nc75444467","https://earthquake.usgs.gov/fdsnws/event/1/query?eventid=nc75444467&format=geojson"
"nc75444462","2026-09-29T17:45:20Z","2026-09-29T13:45:20-04:00","2026-09-29T18:57:22Z","1.3","1.29","5 km NW of The Geysers, CA","38.8056678771973","-122.796501159668","United States of America","3.3","3.26",,,,,"automatic","0","26","earthquake","M 1.3 - 5 km NW of The Geysers, CA","https://earthquake.usgs.gov/earthquakes/eventpage/nc75444462","https://earthquake.usgs.gov/fdsnws/event/1/query?eventid=nc75444462&format=geojson"
"uw714111622","2026-09-29T16:41:18Z","2026-09-29T12:41:18-04:00","2026-09-29T19:31:10Z","1.0","0.77","14 km W of Sekiu, Washington","48.265","-124.494833333333","United States of America","30.2","30.16",,,,,"reviewed","0","9","earthquake","M 0.8 - 14 km W of Sekiu, Washington","https://earthquake.usgs.gov/earthquakes/eventpage/uw714111622","https://earthquake.usgs.gov/fdsnws/event/1/query?eventid=uw714111622&format=geojson"
"tx2026tesswa","2026-09-29T16:34:19Z","2026-09-29T12:34:19-04:00","2026-09-30T15:24:38Z","1.7","1.7","52 km ESE of Dell City, Texas","31.753","-104.688","United States of America","4.9","4.9463",,,,,"reviewed","0","44","earthquake","M 1.7 - 52 km ESE of Dell City, Texas","https://earthquake.usgs.gov/earthquakes/eventpage/tx2026tesswa","https://earthquake.usgs.gov/fdsnws/event/1/query?eventid=tx2026tesswa&format=geojson"
"tx2026tesmfm","2026-09-29T16:28:53Z","2026-09-29T12:28:53-04:00","2026-09-29T21:43:52Z","2.0","2","59 km S of Whites City, New Mexico","31.648","-104.488","United States of America","6.7","6.7151",,,,,"reviewed","0","62","earthquake","M 2.0 - 59 km S of Whites City, New Mexico","https://earthquake.usgs.gov/earthquakes/eventpage/tx2026tesmfm","https://earthquake.usgs.gov/fdsnws/event/1/query?eventid=tx2026tesmfm&format=geojson"
"nc75444442","2026-09-29T16:23:48Z","2026-09-29T12:23:48-04:00","2026-09-29T16:25:23Z","1.0","0.88","4 km NNW of The Geysers, CA","38.8081665039062","-122.773834228516","United States of America","1.7","1.7",,,,,"automatic","0","12","earthquake","M 0.9 - 4 km NNW of The Geysers, CA","https://earthquake.usgs.gov/earthquakes/eventpage/nc75444442","https://earthquake.usgs.gov/fdsnws/event/1/query?eventid=nc75444442&format=geojson"
"ci41340575","2026-09-29T16:09:37Z","2026-09-29T12:09:37-04:00","2026-09-29T16:54:20Z","1.0","0.25","11 km SE of Anza, CA","33.4888333333333","-116.585666666667","United States of America","6.2","6.21",,,,,"reviewed","0","1","earthquake","M 0.3 - 11 km SE of Anza, CA","https://earthquake.usgs.gov/earthquakes/eventpage/ci41340575","https://earthquake.usgs.gov/fdsnws/event/1/query?eventid=ci41340575&format=geojson"
"nc75444432","2026-09-29T16:06:37Z","2026-09-29T12:06:37-04:00","2026-10-01T05:37:08Z","2.6","2.58","6 km W of Yountville, CA","38.3988342285156","-122.424003601074","United States of America","8.3","8.3","51","3",,,"automatic","0","118","earthquake","M 2.6 - 6 km W of Yountville, CA","https://earthquake.usgs.gov/earthquakes/eventpage/nc75444432","https://earthquake.usgs.gov/fdsnws/event/1/query?eventid=nc75444432&format=geojson"
"tx2026tervju","2026-09-29T16:06:34Z","2026-09-29T12:06:34-04:00","2026-09-30T15:28:26Z","1.5","1.5","56 km S of Whites City, New Mexico","31.672","-104.429","United States of America","7.5","7.4841",,,,,"reviewed","0","35","earthquake","M 1.5 - 56 km S of Whites City, New Mexico","https://earthquake.usgs.gov/earthquakes/eventpage/tx2026tervju","https://earthquake.usgs.gov/fdsnws/event/1/query?eventid=tx2026tervju&format=geojson"
"nc75444417","2026-09-29T15:59:52Z","2026-09-29T11:59:52-04:00","2026-09-29T17:07:23Z","1.1","1.13","8 km NW of The Geysers, CA","38.8276672363281","-122.815002441406","United States of America","2.2","2.17",,,,,"automatic","0","20","earthquake","M 1.1 - 8 km NW of The Geysers, CA","https://earthquake.usgs.gov/earthquakes/eventpage/nc75444417","https://earthquake.usgs.gov/fdsnws/event/1/query?eventid=nc75444417&format=geojson"
"nc75444412","2026-09-29T15:54:12Z","2026-09-29T11:54:12-04:00","2026-09-29T16:32:23Z","1.7","1.7","5 km WNW of The Geysers, CA","38.7941665649414","-122.808502197266","United States of America","2.9","2.91",,,,,"automatic","0","44","earthquake","M 1.7 - 5 km WNW of The Geysers, CA","https://earthquake.usgs.gov/earthquakes/eventpage/nc75444412","https://earthquake.usgs.gov/fdsnws/event/1/query?eventid=nc75444412&format=geojson"
"ci41340567","2026-09-29T15:52:19Z","2026-09-29T11:52:19-04:00","2026-09-29T19:55:27Z","1.1","1.14","9 km SSW of Idyllwild, CA","33.6695","-116.763666666667","United States of America","13.4","13.38",,,,,"reviewed","0","20","earthquake","M 1.1 - 9 km SSW of Idyllwild, CA","https://earthquake.usgs.gov/earthquakes/eventpage/ci41340567","https://earthquake.usgs.gov/fdsnws/event/1/query?eventid=ci41340567&format=geojson"
"nc75444407","2026-09-29T15:26:02Z","2026-09-29T11:26:02-04:00","2026-09-29T15:27:37Z","1.0","0.75","2 km NNW of The Geysers, CA","38.796501159668","-122.762168884277","United States of America","0.7","0.67",,,,,"automatic","0","9","earthquake","M 0.8 - 2 km NNW of The Geysers, CA","https://earthquake.usgs.gov/earthquakes/eventpage/nc75444407","https://earthquake.usgs.gov/fdsnws/event/1/query?eventid=nc75444407&format=geojson"
"nc75444402","2026-09-29T15:23:04Z","2026-09-29T11:23:04-04:00","2026-09-29T15:24:42Z","1.0","0.85","8 km NW of The Geysers, CA","38.8346672058105","-122.818832397461","United States of America","1.8","1.77",,,,,"automatic","0","11","earthquake","M 0.9 - 8 km NW of The Geysers, CA","https://earthquake.usgs.gov/earthquakes/eventpage/nc75444402","https://earthquake.usgs.gov/fdsnws/event/1/query?eventid=nc75444402&format=geojson"
"ci41340551","2026-09-29T15:19:49Z","2026-09-29T11:19:49-04:00","2026-09-29T16:09:43Z","2.1","2.06","9 km WNW of Anza, CA","33.5765","-116.77","United States of America","12.1","12.12",,,,,"reviewed","0","65","earthquake","M 2.1 - 9 km WNW of Anza, CA","https://earthquake.usgs.gov/earthquakes/eventpage/ci41340551","https://earthquake.usgs.gov/fdsnws/event/1/query?eventid=ci41340551&format=geojson"
"ci41340543","2026-09-29T15:07:17Z","2026-09-29T11:07:17-04:00","2026-09-29T16:18:49Z","1.4","1.41","9 km WNW of Anza, CA","33.5766666666667","-116.765333333333","United States of America","12.3","12.32",,,,,"reviewed","0","31","earthquake","M 1.4 - 9 km WNW of Anza, CA","https://earthquake.usgs.gov/earthquakes/eventpage/ci41340543","https://earthquake.usgs.gov/fdsnws/event/1/query?eventid=ci41340543&format=geojson"
"nc75444387","2026-09-29T14:50:55Z","2026-09-29T10:50:55-04:00","2026-09-29T14:52:32Z","1.0","0.87","7 km NW of The Geysers, CA","38.824333190918","-122.801498413086","United States of America","2.9","2.89",,,,,"automatic","0","12","earthquake","M 0.9 - 7 km NW of The Geysers, CA","https://earthquake.usgs.gov/earthquakes/eventpage/nc75444387","https://earthquake.usgs.gov/fdsnws/event/1/query?eventid=nc75444387&format=geojson"
"tx2026tepfwo","2026-09-29T14:48:12Z","2026-09-29T10:48:12-04:00","2026-09-29T22:37:47Z","1.6","1.6","21 km NNW of Toyah, Texas","31.488","-103.884","United States of America","6.1","6.0999",,,,,"reviewed","0","39","earthquake","M 1.6 - 21 km NNW of Toyah, Texas","https://earthquake.usgs.gov/earthquakes/eventpage/tx2026tepfwo","https://earthquake.usgs.gov/fdsnws/event/1/query?eventid=tx2026tepfwo&format=geojson"
"tx2026teovfa","2026-09-29T14:35:45Z","2026-09-29T10:35:45-04:00","2026-09-29T22:54:56Z","1.7","1.7","10 km E of Pearsall, Texas","28.877","-98.986","United States of America","8.2","8.1914",,,,,"reviewed","0","44","earthquake","M 1.7 - 10 km E of Pearsall, Texas","https://earthquake.usgs.gov/earthquakes/eventpage/tx2026teovfa","https://earthquake.usgs.gov/fdsnws/event/1/query?eventid=tx2026teovfa&format=geojson"
"uw714111562","2026-09-29T14:34:31Z","2026-09-29T10:34:31-04:00","2026-09-30T21:16:23Z","1.6","1.61","47 km WSW of Crescent City, California","41.583","-124.726166666667","United States of America","38.7","38.66",,,,,"reviewed","0","40","earthquake","M 1.6 - 47 km WSW of Crescent City, California","https://earthquake.usgs.gov/earthquakes/eventpage/uw714111562","https://earthquake.usgs.gov/fdsnws/event/1/query?eventid=uw714111562&format=geojson"
"tx2026teofpz","2026-09-29T14:17:41Z","2026-09-29T10:17:41-04:00","2026-09-29T22:52:34Z","1.7","1.7","54 km S of Whites City, New Mexico","31.682","-104.415","United States of America","7.9","7.9456",,,,,"reviewed","0","44","earthquake","M 1.7 - 54 km S of Whites City, New Mexico","https://earthquake.usgs.gov/earthquakes/eventpage/tx2026teofpz","https://earthquake.usgs.gov/fdsnws/event/1/query?eventid=tx2026teofpz&format=geojson"
"nc75444372","2026-09-29T14:15:57Z","2026-09-29T10:15:57-04:00","2026-09-29T15:07:22Z","1.2","1.15","18 km SW of Toms Place, CA","37.4646682739258","-118.837333679199","United States of America","3.3","3.34",,,,,"automatic","0","20","earthquake","M 1.2 - 18 km SW of Toms Place, CA","https://earthquake.usgs.gov/earthquakes/eventpage/nc75444372","https://earthquake.usgs.gov/fdsnws/event/1/query?eventid=nc75444372&format=geojson"
"tx2026teobgc","2026-09-29T14:12:37Z","2026-09-29T10:12:37-04:00","2026-09-29T21:50:13Z","1.8","1.8","57 km S of Whites City, New Mexico","31.658","-104.431","United States of America","6.5","6.51",,,,,"reviewed","0","50","earthquake","M 1.8 - 57 km S of Whites City, New Mexico","https://earthquake.usgs.gov/earthquakes/eventpage/tx2026teobgc","https://earthquake.usgs.gov/fdsnws/event/1/query?eventid=tx2026teobgc&format=geojson"
"nc75444367","2026-09-29T13:59:13Z","2026-09-29T09:59:13-04:00","2026-09-29T14:00:48Z","1.0","0.93","6 km WNW of Cobb, CA","38.836498260498","-122.790336608887","United States of America","1.8","1.76",,,,,"automatic","0","13","earthquake","M 0.9 - 6 km WNW of Cobb, CA","https://earthquake.usgs.gov/earthquakes/eventpage/nc75444367","https://earthquake.usgs.gov/fdsnws/event/1/query?eventid=nc75444367&format=geojson"
"nc75444362","2026-09-29T13:50:57Z","2026-09-29T09:50:57-04:00","2026-09-29T14:37:24Z","1.3","1.28","17 km SW of Toms Place, CA","37.4643325805664","-118.833999633789","United States of America","1.8","1.8",,,,,"automatic","0","25","earthquake","M 1.3 - 17 km SW of Toms Place, CA","https://earthquake.usgs.gov/earthquakes/eventpage/nc75444362","https://earthquake.usgs.gov/fdsnws/event/1/query?eventid=nc75444362&format=geojson"
"nc75444357","2026-09-29T13:37:06Z","2026-09-29T09:37:06-04:00","2026-09-29T13:38:43Z","1.0","0.45","7 km W of Cobb, CA","38.8303337097168","-122.804168701172","United States of America","1.2","1.2",,,,,"automatic","0","3","earthquake","M 0.5 - 7 km W of Cobb, CA","https://earthquake.usgs.gov/earthquakes/eventpage/nc75444357","https://earthquake.usgs.gov/fdsnws/event/1/query?eventid=nc75444357&format=geojson"
"nc75444352","2026-09-29T13:26:08Z","2026-09-29T09:26:08-04:00","2026-09-29T14:07:22Z","1.2","1.22","13 km NW of The Geysers, CA","38.8411674499512","-122.876831054688","United States of America","2.4","2.43",,,,,"automatic","0","23","earthquake","M 1.2 - 13 km NW of The Geysers, CA","https://earthquake.usgs.gov/earthquakes/eventpage/nc75444352","https://earthquake.usgs.gov/fdsnws/event/1/query?eventid=nc75444352&format=geojson"
"uw714111552","2026-09-29T13:24:21Z","2026-09-29T09:24:21-04:00","2026-09-29T18:23:07Z","1.6","1.64","38 km NNE of Amboy, Washington","46.204","-122.1865","United States of America","2.9","2.88",,,,,"reviewed","0","41","earthquake","M 1.6 - 38 km NNE of Amboy, Washington","https://earthquake.usgs.gov/earthquakes/eventpage/uw714111552","https://earthquake.usgs.gov/fdsnws/event/1/query?eventid=uw714111552&format=geojson"
"nc75444347","2026-09-29T13:11:44Z","2026-09-29T09:11:44-04:00","2026-09-29T13:13:22Z","1.0","0.83","3 km W of Cobb, CA","38.8199996948242","-122.759666442871","United States of America","1.4","1.39",,,,,"automatic","0","11","earthquake","M 0.8 - 3 km W of Cobb, CA","https://earthquake.usgs.gov/earthquakes/eventpage/nc75444347","https://earthquake.usgs.gov/fdsnws/event/1/query?eventid=nc75444347&format=geojson"
"uw714111542","2026-09-29T12:54:59Z","2026-09-29T08:54:59-04:00","2026-09-29T18:38:09Z","-0.2","-0.16","7 km E of Ashford, Washington","46.7646666666667","-121.9305","United States of America","7.8","7.79",,,,,"reviewed","0","0","earthquake","M -0.2 - 7 km E of Ashford, Washington","https://earthquake.usgs.gov/earthquakes/eventpage/uw714111542","https://earthquake.usgs.gov/fdsnws/event/1/query?eventid=uw714111542&format=geojson"
"tx2026tekovg","2026-09-29T12:27:46Z","2026-09-29T08:27:46-04:00","2026-09-29T21:55:35Z","1.7","1.7","43 km NW of Toyah, Texas","31.609","-104.089","United States of America","7.6","7.6251",,,,,"reviewed","0","44","earthquake","M 1.7 - 43 km NW of Toyah, Texas","https://earthquake.usgs.gov/earthquakes/eventpage/tx2026tekovg","https://earthquake.usgs.gov/fdsnws/event/1/query?eventid=tx2026tekovg&format=geojson"
"tx2026tekfve","2026-09-29T12:19:13Z","2026-09-29T08:19:13-04:00","2026-09-29T17:41:02Z","1.7","1.7","17 km N of Stanton, Texas","32.284","-101.783","United States of America","8.3","8.2764",,,,,"reviewed","0","44","earthquake","M 1.7 - 17 km N of Stanton, Texas","https://earthquake.usgs.gov/earthquakes/eventpage/tx2026tekfve","https://earthquake.usgs.gov/fdsnws/event/1/query?eventid=tx2026tekfve&format=geojson"
"nc75444342","2026-09-29T12:18:44Z","2026-09-29T08:18:44-04:00","2026-09-29T15:57:45Z","2.5","2.51","2 km SSW of Round Valley, CA","37.3976669311523","-118.605003356934","United States of America","8.6","8.59",,,,,"automatic","0","97","earthquake","M 2.5 - 2 km SSW of Round Valley, CA","https://earthquake.usgs.gov/earthquakes/eventpage/nc75444342","https://earthquake.usgs.gov/fdsnws/event/1/query?eventid=nc75444342&format=geojson"
"nc75444337","2026-09-29T12:01:52Z","2026-09-29T08:01:52-04:00","2026-09-29T12:03:27Z","1.1","1.09","11 km N of Hollister, CA","36.9464988708496","-121.418998718262","United States of America","8.7","8.73",,,,,"automatic","0","18","earthquake","M 1.1 - 11 km N of Hollister, CA","https://earthquake.usgs.gov/earthquakes/eventpage/nc75444337","https://earthquake.usgs.gov/fdsnws/event/1/query?eventid=nc75444337&format=geojson"
"nc75444332","2026-09-29T11:58:44Z","2026-09-29T07:58:44-04:00","2026-09-29T12:00:22Z","1.0","0.73","2 km NNW of The Geysers, CA","38.7921676635742","-122.761665344238","United States of America","3.0","2.95",,,,,"automatic","0","8","earthquake","M 0.7 - 2 km NNW of The Geysers, CA","https://earthquake.usgs.gov/earthquakes/eventpage/nc75444332","https://earthquake.usgs.gov/fdsnws/event/1/query?eventid=nc75444332&format=geojson"
"nc75444327","2026-09-29T11:57:18Z","2026-09-29T07:57:18-04:00","2026-09-29T11:58:52Z","1.0","0.73","6 km WNW of Cobb, CA","38.8361663818359","-122.792167663574","United States of America","2.1","2.05",,,,,"automatic","0","8","earthquake","M 0.7 - 6 km WNW of Cobb, CA","https://earthquake.usgs.gov/earthquakes/eventpage/nc75444327","https://earthquake.usgs.gov/fdsnws/event/1/query?eventid=nc75444327&format=geojson"
"ci41340519","2026-09-29T11:55:48Z","2026-09-29T07:55:48-04:00","2026-09-29T13:53:44Z","1.0","0.75","7 km S of Idyllwild, CA","33.682","-116.731833333333","United States of America","14.6","14.59",,,,,"reviewed","0","9","earthquake","M 0.8 - 7 km S of Idyllwild, CA","https://earthquake.usgs.gov/earthquakes/eventpage/ci41340519","https://earthquake.usgs.gov/fdsnws/event/1/query?eventid=ci41340519&format=geojson"
"nc75444322","2026-09-29T11:36:39Z","2026-09-29T07:36:39-04:00","2026-10-02T11:46:44Z","4.8","4.77","97 km W of Petrolia, CA","40.4225","-125.418333333333","United States of America","10.0","10","20","3.1","2.268","green","reviewed","0","356","earthquake","M 4.8 - 97 km W of Petrolia, CA","https://earthquake.usgs.gov/earthquakes/eventpage/nc75444322","https://earthquake.usgs.gov/fdsnws/event/1/query?eventid=nc75444322&format=geojson"
"nc75444312","2026-09-29T11:32:34Z","2026-09-29T07:32:34-04:00","2026-09-29T13:07:21Z","1.2","1.15","6 km WNW of Cobb, CA","38.8366661071777","-122.792335510254","United States of America","2.2","2.22",,,,,"automatic","0","20","earthquake","M 1.2 - 6 km WNW of Cobb, CA","https://earthquake.usgs.gov/earthquakes/eventpage/nc75444312","https://earthquake.usgs.gov/fdsnws/event/1/query?eventid=nc75444312&format=geojson"
"nc75444307","2026-09-29T11:28:59Z","2026-09-29T07:28:59-04:00","2026-09-29T12:42:22Z","1.3","1.3","6 km WNW of Cobb, CA","38.8351669311523","-122.792663574219","United States of America","2.0","1.96",,,,,"automatic","0","26","earthquake","M 1.3 - 6 km WNW of Cobb, CA","https://earthquake.usgs.gov/earthquakes/eventpage/nc75444307","https://earthquake.usgs.gov/fdsnws/event/1/query?eventid=nc75444307&format=geojson"
"ci41340511","2026-09-29T11:20:57Z","2026-09-29T07:20:57-04:00","2026-09-29T13:52:44Z","1.0","0.6","4 km SSW of Idyllwild, CA","33.7028333333333","-116.734","United States of America","15.8","15.83",,,,,"reviewed","0","6","earthquake","M 0.6 - 4 km SSW of Idyllwild, CA","https://earthquake.usgs.gov/earthquakes/eventpage/ci41340511","https://earthquake.usgs.gov/fdsnws/event/1/query?eventid=ci41340511&format=geojson"
"ci41340503","2026-09-29T11:20:09Z","2026-09-29T07:20:09-04:00","2026-09-29T13:52:58Z","1.0","0.61","9 km NE of Aguanga, CA","33.4895","-116.791333333333","United States of America","10.5","10.5",,,,,"reviewed","0","6","earthquake","M 0.6 - 9 km NE of Aguanga, CA","https://earthquake.usgs.gov/earthquakes/eventpage/ci41340503","https://earthquake.usgs.gov/fdsnws/event/1/query?eventid=ci41340503&format=geojson"
"tx2026teibao","2026-09-29T11:11:17Z","2026-09-29T07:11:17-04:00","2026-09-29T21:58:34Z","1.6","1.6","10 km ESE of Pearsall, Texas","28.855","-98.997","United States of America","7.5","7.5293",,,,,"reviewed","0","39","earthquake","M 1.6 - 10 km ESE of Pearsall, Texas","https://earthquake.usgs.gov/earthquakes/eventpage/tx2026teibao","https://earthquake.usgs.gov/fdsnws/event/1/query?eventid=tx2026teibao&format=geojson"
"pr71535103","2026-09-29T11:07:10Z","2026-09-29T07:07:10-04:00","2026-09-29T11:49:06Z","2.4","2.35","3 km SW of Guánica, Puerto Rico","17.9488333333333","-66.9368333333333","Puerto Rico","9.9","9.85",,,,,"reviewed","0","85","earthquake","M 2.4 - 3 km SW of Guánica, Puerto Rico","https://earthquake.usgs.gov/earthquakes/eventpage/pr71535103","https://earthquake.usgs.gov/fdsnws/event/1/query?eventid=pr71535103&format=geojson"
"tx2026tehmgp","2026-09-29T10:54:08Z","2026-09-29T06:54:08-04:00","2026-09-29T22:20:05Z","1.5","1.5","11 km ESE of Pearsall, Texas","28.852","-98.99","United States of America","8.5","8.5075",,,,,"reviewed","0","35","earthquake","M 1.5 - 11 km ESE of Pearsall, Texas","https://earthquake.usgs.gov/earthquakes/eventpage/tx2026tehmgp","https://earthquake.usgs.gov/fdsnws/event/1/query?eventid=tx2026tehmgp&format=geojson"
"nc75444297","2026-09-29T10:34:21Z","2026-09-29T06:34:21-04:00","2026-09-29T10:35:58Z","1.0","1","9 km E of Gilroy, CA","37.0123329162598","-121.471664428711","United States of America","7.4","7.44",,,,,"automatic","0","15","earthquake","M 1.0 - 9 km E of Gilroy, CA","https://earthquake.usgs.gov/earthquakes/eventpage/nc75444297","https://earthquake.usgs.gov/fdsnws/event/1/query?eventid=nc75444297&format=geojson"
"ci41340495","2026-09-29T10:17:58Z","2026-09-29T06:17:58-04:00","2026-09-30T05:25:27Z","2.2","2.23","3 km SSE of Costa Mesa, CA","33.6415","-117.904833333333","United States of America","7.7","7.68","26","2.5",,,"reviewed","0","83","earthquake","M 2.2 - 3 km SSE of Costa Mesa, CA","https://earthquake.usgs.gov/earthquakes/eventpage/ci41340495","https://earthquake.usgs.gov/fdsnws/event/1/query?eventid=ci41340495&format=geojson"
"ci41340487","2026-09-29T10:00:17Z","2026-09-29T06:00:17-04:00","2026-09-29T13:54:48Z","1.0","0.96","15 km N of Borrego Springs, CA","33.3905","-116.385333333333","United States of America","3.3","3.29",,,,,"reviewed","0","14","earthquake","M 1.0 - 15 km N of Borrego Springs, CA","https://earthquake.usgs.gov/earthquakes/eventpage/ci41340487","https://earthquake.usgs.gov/fdsnws/event/1/query?eventid=ci41340487&format=geojson"
"uw714111522","2026-09-29T09:59:44Z","2026-09-29T05:59:44-04:00","2026-09-29T18:56:18Z","-0.1","-0.14","13 km NNE of Ashford, Washington","46.8643333333333","-121.951833333333","United States of America","2.4","2.41",,,,,"reviewed","0","0","earthquake","M -0.1 - 13 km NNE of Ashford, Washington","https://earthquake.usgs.gov/earthquakes/eventpage/uw714111522","https://earthquake.usgs.gov/fdsnws/event/1/query?eventid=uw714111522&format=geojson"
"nn00925017","2026-09-29T09:50:11Z","2026-09-29T05:50:11-04:00","2026-09-30T07:24:52Z","3.1","3.07","19 km W of Preston, Nevada","38.9214","-115.2879","United States of America","0.0","0",,,,,"reviewed","0","145","earthquake","M 3.1 - 19 km W of Preston, Nevada","https://earthquake.usgs.gov/earthquakes/eventpage/nn00925017","https://earthquake.usgs.gov/fdsnws/event/1/query?eventid=nn00925017&format=geojson"
"mb90209718","2026-09-29T09:34:18Z","2026-09-29T05:34:18-04:00","2026-09-30T21:07:37Z","-0.2","-0.15","1 km W of Hebgen Lake Estates, Montana","44.7688333333333","-111.215666666667","United States of America","4.4","4.39",,,,,"reviewed","0","0","earthquake","M -0.2 - 1 km W of Hebgen Lake Estates, Montana","https://earthquake.usgs.gov/earthquakes/eventpage/mb90209718","https://earthquake.usgs.gov/fdsnws/event/1/query?eventid=mb90209718&format=geojson"
"nc75444277","2026-09-29T09:22:28Z","2026-09-29T05:22:28-04:00","2026-09-29T09:47:28Z","1.5","1.46","7 km NW of The Geysers, CA","38.8263320922852","-122.814498901367","United States of America","2.1","2.08",,,,,"automatic","0","33","earthquake","M 1.5 - 7 km NW of The Geysers, CA","https://earthquake.usgs.gov/earthquakes/eventpage/nc75444277","https://earthquake.usgs.gov/fdsnws/event/1/query?eventid=nc75444277&format=geojson"
"nc75444267","2026-09-29T08:55:04Z","2026-09-29T04:55:04-04:00","2026-09-29T09:32:23Z","1.7","1.68","2 km NW of Hollister, CA","36.8588333129883","-121.416831970215","United States of America","5.1","5.13",,,,,"automatic","0","43","earthquake","M 1.7 - 2 km NW of Hollister, CA","https://earthquake.usgs.gov/earthquakes/eventpage/nc75444267","https://earthquake.usgs.gov/fdsnws/event/1/query?eventid=nc75444267&format=geojson"
"uw714111512","2026-09-29T08:48:21Z","2026-09-29T04:48:21-04:00","2026-09-29T20:19:54Z","1.1","1.12","5 km SE of Maplewood, Washington","47.373","-122.495666666667","United States of America","21.6","21.6",,,,,"reviewed","0","19","earthquake","M 1.1 - 5 km SE of Maplewood, Washington","https://earthquake.usgs.gov/earthquakes/eventpage/uw714111512","https://earthquake.usgs.gov/fdsnws/event/1/query?eventid=uw714111512&format=geojson"
"ci41340479","2026-09-29T08:47:22Z","2026-09-29T04:47:22-04:00","2026-09-29T13:55:52Z","1.2","1.22","5 km NE of Beaumont, CA","33.9671666666667","-116.945833333333","United States of America","16.3","16.31",,,,,"reviewed","0","23","earthquake","M 1.2 - 5 km NE of Beaumont, CA","https://earthquake.usgs.gov/earthquakes/eventpage/ci41340479","https://earthquake.usgs.gov/fdsnws/event/1/query?eventid=ci41340479&format=geojson"
"uu80158231","2026-09-29T08:43:53Z","2026-09-29T04:43:53-04:00","2026-09-29T15:34:30Z","1.0","0.55","5 km ENE of Hebgen Lake Estates, Montana","44.7851666666667","-111.123666666667","United States of America","9.6","9.64",,,,,"reviewed","0","5","earthquake","M 0.6 - 5 km ENE of Hebgen Lake Estates, Montana","https://earthquake.usgs.gov/earthquakes/eventpage/uu80158231","https://earthquake.usgs.gov/fdsnws/event/1/query?eventid=uu80158231&format=geojson"
"uu80158226","2026-09-29T08:34:53Z","2026-09-29T04:34:53-04:00","2026-09-29T13:24:37Z","1.0","0.48","33 km E of West Yellowstone, Montana","44.6583333333333","-110.678166666667","United States of America","5.0","5.01",,,,,"reviewed","0","4","earthquake","M 0.5 - 33 km E of West Yellowstone, Montana","https://earthquake.usgs.gov/earthquakes/eventpage/uu80158226","https://earthquake.usgs.gov/fdsnws/event/1/query?eventid=uu80158226&format=geojson"
"nc75444257","2026-09-29T08:29:45Z","2026-09-29T04:29:45-04:00","2026-09-29T08:31:21Z","1.0","1","1 km NNW of Redwood Valley, CA","39.2760009765625","-123.212333679199","United States of America","4.6","4.57",,,,,"automatic","0","15","earthquake","M 1.0 - 1 km NNW of Redwood Valley, CA","https://earthquake.usgs.gov/earthquakes/eventpage/nc75444257","https://earthquake.usgs.gov/fdsnws/event/1/query?eventid=nc75444257&format=geojson"
"ci41340471","2026-09-29T08:22:36Z","2026-09-29T04:22:36-04:00","2026-09-29T13:55:32Z","1.0","0.74","9 km SW of Idyllwild, CA","33.6771666666667","-116.783","United States of America","16.8","16.75",,,,,"reviewed","0","8","earthquake","M 0.7 - 9 km SW of Idyllwild, CA","https://earthquake.usgs.gov/earthquakes/eventpage/ci41340471","https://earthquake.usgs.gov/fdsnws/event/1/query?eventid=ci41340471&format=geojson"
"nc75444252","2026-09-29T08:18:01Z","2026-09-29T04:18:01-04:00","2026-09-29T10:27:24Z","1.5","1.5","12 km SW of Huron, CA","36.1253318786621","-120.195831298828","United States of America","9.9","9.91",,,,,"automatic","0","35","earthquake","M 1.5 - 12 km SW of Huron, CA","https://earthquake.usgs.gov/earthquakes/eventpage/nc75444252","https://earthquake.usgs.gov/fdsnws/event/1/query?eventid=nc75444252&format=geojson"
"nc75444247","2026-09-29T08:13:08Z","2026-09-29T04:13:08-04:00","2026-09-29T08:14:46Z","1.1","1.07","6 km NW of The Geysers, CA","38.8211669921875","-122.797996520996","United States of America","3.2","3.16",,,,,"automatic","0","18","earthquake","M 1.1 - 6 km NW of The Geysers, CA","https://earthquake.usgs.gov/earthquakes/eventpage/nc75444247","https://earthquake.usgs.gov/fdsnws/event/1/query?eventid=nc75444247&format=geojson"
"nc75444242","2026-09-29T08:09:50Z","2026-09-29T04:09:50-04:00","2026-09-29T08:11:26Z","1.0","0.22","5 km WNW of Cobb, CA","38.8373336791992","-122.772499084473","United States of America","1.9","1.86",,,,,"automatic","0","1","earthquake","M 0.2 - 5 km WNW of Cobb, CA","https://earthquake.usgs.gov/earthquakes/eventpage/nc75444242","https://earthquake.usgs.gov/fdsnws/event/1/query?eventid=nc75444242&format=geojson"
"nc75444237","2026-09-29T08:03:06Z","2026-09-29T04:03:06-04:00","2026-09-29T08:04:41Z","1.0","0.7","6 km W of Cobb, CA","38.8228340148926","-122.788330078125","United States of America","0.8","0.82",,,,,"automatic","0","8","earthquake","M 0.7 - 6 km W of Cobb, CA","https://earthquake.usgs.gov/earthquakes/eventpage/nc75444237","https://earthquake.usgs.gov/fdsnws/event/1/query?eventid=nc75444237&format=geojson"
"ci41340463","2026-09-29T07:54:44Z","2026-09-29T03:54:44-04:00","2026-09-29T13:58:59Z","1.8","1.76","15 km NE of Ridgecrest, CA","35.7186666666667","-117.565333333333","United States of America","1.6","1.64",,,,,"reviewed","0","48","earthquake","M 1.8 - 15 km NE of Ridgecrest, CA","https://earthquake.usgs.gov/earthquakes/eventpage/ci41340463","https://earthquake.usgs.gov/fdsnws/event/1/query?eventid=ci41340463&format=geojson"
"ok2026tbsz","2026-09-29T07:54:06Z","2026-09-29T03:54:06-04:00","2026-09-30T14:02:40Z","1.1","1.12","5 km N of Tatums, Oklahoma","34.53516667","-97.47266667","United States of America","6.0","6",,,,,"reviewed","0","19","earthquake","M 1.1 - 5 km N of Tatums, Oklahoma","https://earthquake.usgs.gov/earthquakes/eventpage/ok2026tbsz","https://earthquake.usgs.gov/fdsnws/event/1/query?eventid=ok2026tbsz&format=geojson"
"ci41340455","2026-09-29T07:54:03Z","2026-09-29T03:54:03-04:00","2026-09-29T14:15:43Z","1.3","1.29","15 km NE of Ridgecrest, CA","35.7208333333333","-117.563833333333","United States of America","2.2","2.23",,,,,"reviewed","0","26","earthquake","M 1.3 - 15 km NE of Ridgecrest, CA","https://earthquake.usgs.gov/earthquakes/eventpage/ci41340455","https://earthquake.usgs.gov/fdsnws/event/1/query?eventid=ci41340455&format=geojson"
"tx2026tebiwe","2026-09-29T07:49:10Z","2026-09-29T03:49:10-04:00","2026-09-30T04:54:14Z","1.9","1.9","14 km ESE of Pearsall, Texas","28.83","-98.968","United States of America","3.2","3.2245",,,,,"reviewed","0","56","earthquake","M 1.9 - 14 km ESE of Pearsall, Texas","https://earthquake.usgs.gov/earthquakes/eventpage/tx2026tebiwe","https://earthquake.usgs.gov/fdsnws/event/1/query?eventid=tx2026tebiwe&format=geojson"
"uu80158221","2026-09-29T07:42:40Z","2026-09-29T03:42:40-04:00","2026-09-29T13:29:20Z","1.3","1.29","58 km E of Warm River, Idaho","44.2023333333333","-110.601","United States of America","12.4","12.35",,,,,"reviewed","0","26","earthquake","M 1.3 - 58 km E of Warm River, Idaho","https://earthquake.usgs.gov/earthquakes/eventpage/uu80158221","https://earthquake.usgs.gov/fdsnws/event/1/query?eventid=uu80158221&format=geojson"
"nc75444212","2026-09-29T07:08:34Z","2026-09-29T03:08:34-04:00","2026-09-29T07:10:11Z","1.0","1.01","7 km WNW of Cobb, CA","38.8349990844727","-122.801834106445","United States of America","1.9","1.88",,,,,"automatic","0","16","earthquake","M 1.0 - 7 km WNW of Cobb, CA","https://earthquake.usgs.gov/earthquakes/eventpage/nc75444212","https://earthquake.usgs.gov/fdsnws/event/1/query?eventid=nc75444212&format=geojson"
"ci41340447","2026-09-29T06:58:43Z","2026-09-29T02:58:43-04:00","2026-09-29T13:49:09Z","1.0","0.47","12 km WSW of Wrightwood, CA","34.3101666666667","-117.748666666667","United States of America","6.3","6.25",,,,,"reviewed","0","3","earthquake","M 0.5 - 12 km WSW of Wrightwood, CA","https://earthquake.usgs.gov/earthquakes/eventpage/ci41340447","https://earthquake.usgs.gov/fdsnws/event/1/query?eventid=ci41340447&format=geojson"
"nc75444202","2026-09-29T06:55:33Z","2026-09-29T02:55:33-04:00","2026-09-29T08:12:23Z","1.2","1.16","15 km E of Seven Trees, CA","37.2949981689453","-121.672164916992","United States of America","3.1","3.06",,,,,"automatic","0","21","earthquake","M 1.2 - 15 km E of Seven Trees, CA","https://earthquake.usgs.gov/earthquakes/eventpage/nc75444202","https://earthquake.usgs.gov/fdsnws/event/1/query?eventid=nc75444202&format=geojson"
"nc75444197","2026-09-29T06:51:28Z","2026-09-29T02:51:28-04:00","2026-09-29T06:53:07Z","1.0","0.9","7 km NW of The Geysers, CA","38.826831817627","-122.814834594727","United States of America","2.3","2.34",,,,,"automatic","0","12","earthquake","M 0.9 - 7 km NW of The Geysers, CA","https://earthquake.usgs.gov/earthquakes/eventpage/nc75444197","https://earthquake.usgs.gov/fdsnws/event/1/query?eventid=nc75444197&format=geojson"
"us6000tyy3","2026-09-29T06:16:57Z","2026-09-29T02:16:57-04:00","2026-10-01T22:35:37Z","1.9","1.9","4 km SSW of Warner, New Hampshire","43.2407","-71.8297","United States of America","14.8","14.836",,,,,"reviewed","0","56","earthquake","M 1.9 - 4 km SSW of Warner, New Hampshire","https://earthquake.usgs.gov/earthquakes/eventpage/us6000tyy3","https://earthquake.usgs.gov/fdsnws/event/1/query?eventid=us6000tyy3&format=geojson"
"tx2026tdygrv","2026-09-29T06:16:09Z","2026-09-29T02:16:09-04:00","2026-09-30T05:23:09Z","1.8","1.8","11 km ESE of Pearsall, Texas","28.855","-98.982","United States of America","8.7","8.6577",,,,,"reviewed","0","50","earthquake","M 1.8 - 11 km ESE of Pearsall, Texas","https://earthquake.usgs.gov/earthquakes/eventpage/tx2026tdygrv","https://earthquake.usgs.gov/fdsnws/event/1/query?eventid=tx2026tdygrv&format=geojson"
"tx2026tdxrtx","2026-09-29T05:58:53Z","2026-09-29T01:58:53-04:00","2026-10-01T12:45:24Z","1.4","1.4","14 km ESE of Pearsall, Texas","28.832","-98.96","United States of America","8.7","8.6511",,,,,"reviewed","0","30","earthquake","M 1.4 - 14 km ESE of Pearsall, Texas","https://earthquake.usgs.gov/earthquakes/eventpage/tx2026tdxrtx","https://earthquake.usgs.gov/fdsnws/event/1/query?eventid=tx2026tdxrtx&format=geojson"
"tx2026tdxqdv","2026-09-29T05:56:57Z","2026-09-29T01:56:57-04:00","2026-10-01T12:36:14Z","1.5","1.5","12 km E of Pearsall, Texas","28.882","-98.964","United States of America","4.9","4.9037",,,,,"reviewed","0","35","earthquake","M 1.5 - 12 km E of Pearsall, Texas","https://earthquake.usgs.gov/earthquakes/eventpage/tx2026tdxqdv","https://earthquake.usgs.gov/fdsnws/event/1/query?eventid=tx2026tdxqdv&format=geojson"
"nn00925012","2026-09-29T05:54:09Z","2026-09-29T01:54:09-04:00","2026-09-29T05:56:43Z","1.7","1.67","26 km SE of Mina, Nevada","38.2147","-117.91","United States of America","12.7","12.7353",,,,,"automatic","0","43","earthquake","M 1.7 - 26 km SE of Mina, Nevada","https://earthquake.usgs.gov/earthquakes/eventpage/nn00925012","https://earthquake.usgs.gov/fdsnws/event/1/query?eventid=nn00925012&format=geojson"
"nc75444187","2026-09-29T05:48:08Z","2026-09-29T01:48:08-04:00","2026-09-29T05:49:46Z","1.0","0.94","8 km NW of The Geysers, CA","38.8296661376953","-122.816665649414","United States of America","2.0","2",,,,,"automatic","0","14","earthquake","M 0.9 - 8 km NW of The Geysers, CA","https://earthquake.usgs.gov/earthquakes/eventpage/nc75444187","https://earthquake.usgs.gov/fdsnws/event/1/query?eventid=nc75444187&format=geojson"
"nc75444182","2026-09-29T05:43:13Z","2026-09-29T01:43:13-04:00","2026-09-29T06:17:28Z","1.3","1.31","2 km NNW of The Geysers, CA","38.7938346862793","-122.762664794922","United States of America","0.8","0.75",,,,,"automatic","0","26","earthquake","M 1.3 - 2 km NNW of The Geysers, CA","https://earthquake.usgs.gov/earthquakes/eventpage/nc75444182","https://earthquake.usgs.gov/fdsnws/event/1/query?eventid=nc75444182&format=geojson"
"ci41340439","2026-09-29T05:25:07Z","2026-09-29T01:25:07-04:00","2026-09-29T13:59:41Z","1.5","1.51","17 km WSW of Johannesburg, CA","35.3128333333333","-117.8025","United States of America","6.8","6.78",,,,,"reviewed","0","35","earthquake","M 1.5 - 17 km WSW of Johannesburg, CA","https://earthquake.usgs.gov/earthquakes/eventpage/ci41340439","https://earthquake.usgs.gov/fdsnws/event/1/query?eventid=ci41340439&format=geojson"
"nn00925048","2026-09-29T04:54:20Z","2026-09-29T00:54:20-04:00","2026-09-30T02:05:33Z","1.7","1.72","5 km SW of Burning Man Earth, Nevada","40.7384","-119.2825","United States of America","1.6","1.6131",,,,,"reviewed","0","46","earthquake","M 1.7 - 5 km SW of Burning Man Earth, Nevada","https://earthquake.usgs.gov/earthquakes/eventpage/nn00925048","https://earthquake.usgs.gov/fdsnws/event/1/query?eventid=nn00925048&format=geojson"
"tx2026tdvdvs","2026-09-29T04:42:19Z","2026-09-29T00:42:19-04:00","2026-10-01T12:04:54Z","1.6","1.6","11 km ESE of Pearsall, Texas","28.866","-98.981","United States of America","8.7","8.7465",,,,,"reviewed","0","39","earthquake","M 1.6 - 11 km ESE of Pearsall, Texas","https://earthquake.usgs.gov/earthquakes/eventpage/tx2026tdvdvs","https://earthquake.usgs.gov/fdsnws/event/1/query?eventid=tx2026tdvdvs&format=geojson"
"nc75444157","2026-09-29T04:33:21Z","2026-09-29T00:33:21-04:00","2026-09-29T04:34:57Z","1.1","1.06","2 km NNW of The Geysers, CA","38.791332244873","-122.768165588379","United States of America","4.0","4.04",,,,,"automatic","0","17","earthquake","M 1.1 - 2 km NNW of The Geysers, CA","https://earthquake.usgs.gov/earthquakes/eventpage/nc75444157","https://earthquake.usgs.gov/fdsnws/event/1/query?eventid=nc75444157&format=geojson"
"uw714111492","2026-09-29T04:27:38Z","2026-09-29T00:27:38-04:00","2026-09-29T20:46:26Z","1.4","1.41","5 km ENE of Sudden Valley, Washington","48.7466666666667","-122.277833333333","United States of America","-0.4","-0.41",,,,,"reviewed","0","31","earthquake","M 1.4 - 5 km ENE of Sudden Valley, Washington","https://earthquake.usgs.gov/earthquakes/eventpage/uw714111492","https://earthquake.usgs.gov/fdsnws/event/1/query?eventid=uw714111492&format=geojson"
"tx2026tduokx","2026-09-29T04:24:26Z","2026-09-29T00:24:26-04:00","2026-09-30T04:58:37Z","1.9","1.9","13 km ESE of Pearsall, Texas","28.847","-98.968","United States of America","5.9","5.8978",,,,,"reviewed","0","56","earthquake","M 1.9 - 13 km ESE of Pearsall, Texas","https://earthquake.usgs.gov/earthquakes/eventpage/tx2026tduokx","https://earthquake.usgs.gov/fdsnws/event/1/query?eventid=tx2026tduokx&format=geojson"
"pr71535088","2026-09-29T04:17:10Z","2026-09-29T00:17:10-04:00","2026-09-29T05:41:38Z","1.9","1.88","4 km SW of Guánica, Puerto Rico","17.9433333333333","-66.9435","Puerto Rico","7.8","7.78",,,,,"reviewed","0","54","earthquake","M 1.9 - 4 km SW of Guánica, Puerto Rico","https://earthquake.usgs.gov/earthquakes/eventpage/pr71535088","https://earthquake.usgs.gov/fdsnws/event/1/query?eventid=pr71535088&format=geojson"
"pr71535083","2026-09-29T04:14:36Z","2026-09-29T00:14:36-04:00","2026-09-29T05:30:31Z","2.6","2.57","4 km NNE of Aguas Buenas, Puerto Rico","18.2948333333333","-66.0948333333333","Puerto Rico","65.7","65.66",,,,,"reviewed","0","102","earthquake","M 2.6 - 4 km NNE of Aguas Buenas, Puerto Rico","https://earthquake.usgs.gov/earthquakes/eventpage/pr71535083","https://earthquake.usgs.gov/fdsnws/event/1/query?eventid=pr71535083&format=geojson"
"uu80158216","2026-09-29T04:13:20Z","2026-09-29T00:13:20-04:00","2026-09-29T13:33:34Z","1.1","1.1","7 km E of Kenilworth, Utah","39.699","-110.720666666667","United States of America","-3.4","-3.4",,,,,"reviewed","0","19","earthquake","M 1.1 - 7 km E of Kenilworth, Utah","https://earthquake.usgs.gov/earthquakes/eventpage/uu80158216","https://earthquake.usgs.gov/fdsnws/event/1/query?eventid=uu80158216&format=geojson"
"tx2026tdtsmi","2026-09-29T03:59:00Z","2026-09-28T23:59:00-04:00","2026-09-30T04:47:39Z","2.0","2","57 km S of Whites City, New Mexico","31.658","-104.432","United States of America","5.9","5.946",,,,,"reviewed","0","62","earthquake","M 2.0 - 57 km S of Whites City, New Mexico","https://earthquake.usgs.gov/earthquakes/eventpage/tx2026tdtsmi","https://earthquake.usgs.gov/fdsnws/event/1/query?eventid=tx2026tdtsmi&format=geojson"
"tx2026tdtpfq","2026-09-29T03:55:22Z","2026-09-28T23:55:22-04:00","2026-09-29T16:47:28Z","2.1","2.1","56 km S of Whites City, New Mexico","31.668","-104.418","United States of America","6.1","6.0999",,,,,"reviewed","0","68","earthquake","M 2.1 - 56 km S of Whites City, New Mexico","https://earthquake.usgs.gov/earthquakes/eventpage/tx2026tdtpfq","https://earthquake.usgs.gov/fdsnws/event/1/query?eventid=tx2026tdtpfq&format=geojson"
"uw714111482","2026-09-29T03:21:04Z","2026-09-28T23:21:04-04:00","2026-09-29T21:06:24Z","1.0","0.93","22 km SSE of Harrah, Washington","46.2051666666667","-120.474833333333","United States of America","14.7","14.73",,,,,"reviewed","0","13","earthquake","M 0.9 - 22 km SSE of Harrah, Washington","https://earthquake.usgs.gov/earthquakes/eventpage/uw714111482","https://earthquake.usgs.gov/fdsnws/event/1/query?eventid=uw714111482&format=geojson"
"tx2026tdrqwd","2026-09-29T02:56:46Z","2026-09-28T22:56:46-04:00","2026-10-02T08:41:36Z","1.4","1.4","23 km E of Forsan, Texas","32.121","-101.12","United States of America","8.9","8.9111",,,,,"reviewed","0","30","earthquake","M 1.4 - 23 km E of Forsan, Texas","https://earthquake.usgs.gov/earthquakes/eventpage/tx2026tdrqwd","https://earthquake.usgs.gov/fdsnws/event/1/query?eventid=tx2026tdrqwd&format=geojson"
"pr71535068","2026-09-29T02:53:04Z","2026-09-28T22:53:04-04:00","2026-09-29T03:26:32Z","2.3","2.25","0 km NNE of Indios, Puerto Rico","17.9998333333333","-66.8161666666667","Puerto Rico","13.2","13.16",,,,,"reviewed","0","78","earthquake","M 2.3 - 0 km NNE of Indios, Puerto Rico","https://earthquake.usgs.gov/earthquakes/eventpage/pr71535068","https://earthquake.usgs.gov/fdsnws/event/1/query?eventid=pr71535068&format=geojson"
"tx2026tdrlqr","2026-09-29T02:50:47Z","2026-09-28T22:50:47-04:00","2026-10-01T13:04:31Z","1.5","1.5","16 km ESE of Pearsall, Texas","28.85","-98.938","United States of America","8.6","8.5663",,,,,"reviewed","0","35","earthquake","M 1.5 - 16 km ESE of Pearsall, Texas","https://earthquake.usgs.gov/earthquakes/eventpage/tx2026tdrlqr","https://earthquake.usgs.gov/fdsnws/event/1/query?eventid=tx2026tdrlqr&format=geojson"
"ci41340431","2026-09-29T02:48:39Z","2026-09-28T22:48:39-04:00","2026-09-29T14:10:40Z","-0.1","-0.05","15 km SSE of Anza, CA","33.4208333333333","-116.640833333333","United States of America","6.6","6.55",,,,,"reviewed","0","0","earthquake","M -0.1 - 15 km SSE of Anza, CA","https://earthquake.usgs.gov/earthquakes/eventpage/ci41340431","https://earthquake.usgs.gov/fdsnws/event/1/query?eventid=ci41340431&format=geojson"
"nc75444147","2026-09-29T02:38:09Z","2026-09-28T22:38:09-04:00","2026-09-29T03:22:22Z","1.5","1.49","11 km N of Redwood Valley, CA","39.3601684570312","-123.21183013916","United States of America","8.2","8.18",,,,,"automatic","0","34","earthquake","M 1.5 - 11 km N of Redwood Valley, CA","https://earthquake.usgs.gov/earthquakes/eventpage/nc75444147","https://earthquake.usgs.gov/fdsnws/event/1/query?eventid=nc75444147&format=geojson"
"tx2026tdqqfh","2026-09-29T02:26:00Z","2026-09-28T22:26:00-04:00","2026-10-02T08:47:34Z","1.0","0.5","25 km SW of Garden City, Texas","31.726","-101.703","United States of America","7.4","7.3975",,,,,"reviewed","0","4","earthquake","M 0.5 - 25 km SW of Garden City, Texas","https://earthquake.usgs.gov/earthquakes/eventpage/tx2026tdqqfh","https://earthquake.usgs.gov/fdsnws/event/1/query?eventid=tx2026tdqqfh&format=geojson"
"tx2026tdqory","2026-09-29T02:24:04Z","2026-09-28T22:24:04-04:00","2026-10-01T12:11:03Z","1.5","1.5","14 km ESE of Pearsall, Texas","28.837","-98.963","United States of America","5.9","5.9036",,,,,"reviewed","0","35","earthquake","M 1.5 - 14 km ESE of Pearsall, Texas","https://earthquake.usgs.gov/earthquakes/eventpage/tx2026tdqory","https://earthquake.usgs.gov/fdsnws/event/1/query?eventid=tx2026tdqory&format=geojson"
"tx2026tdqlip","2026-09-29T02:20:12Z","2026-09-28T22:20:12-04:00","2026-09-30T05:08:16Z","1.9","1.9","5 km S of Falls City, Texas","28.936","-98.026","United States of America","7.9","7.9462",,,,,"reviewed","0","56","earthquake","M 1.9 - 5 km S of Falls City, Texas","https://earthquake.usgs.gov/earthquakes/eventpage/tx2026tdqlip","https://earthquake.usgs.gov/fdsnws/event/1/query?eventid=tx2026tdqlip&format=geojson"
"nc75444142","2026-09-29T02:15:19Z","2026-09-28T22:15:19-04:00","2026-09-29T02:52:20Z","1.2","1.24","11 km NW of Parkfield, CA","35.9636650085449","-120.526000976562","United States of America","10.6","10.61",,,,,"automatic","0","24","earthquake","M 1.2 - 11 km NW of Parkfield, CA","https://earthquake.usgs.gov/earthquakes/eventpage/nc75444142","https://earthquake.usgs.gov/fdsnws/event/1/query?eventid=nc75444142&format=geojson"
"ci41340423","2026-09-29T02:09:39Z","2026-09-28T22:09:39-04:00","2026-09-29T14:05:07Z","1.0","0.26","10 km S of Idyllwild, CA","33.652","-116.714333333333","United States of America","16.6","16.57",,,,,"reviewed","0","1","earthquake","M 0.3 - 10 km S of Idyllwild, CA","https://earthquake.usgs.gov/earthquakes/eventpage/ci41340423","https://earthquake.usgs.gov/fdsnws/event/1/query?eventid=ci41340423&format=geojson"
"nc75444132","2026-09-29T02:09:03Z","2026-09-28T22:09:03-04:00","2026-09-29T02:10:41Z","1.1","1.08","1 km E of The Geysers, CA","38.7784996032715","-122.744163513184","United States of America","-0.2","-0.22",,,,,"automatic","0","18","earthquake","M 1.1 - 1 km E of The Geysers, CA","https://earthquake.usgs.gov/earthquakes/eventpage/nc75444132","https://earthquake.usgs.gov/fdsnws/event/1/query?eventid=nc75444132&format=geojson"
"pr71535063","2026-09-29T01:46:26Z","2026-09-28T21:46:26-04:00","2026-09-29T02:43:20Z","3.4","3.37","7 km E of La Romana, Dominican Republic","18.4306666666667","-68.9001666666667","Dominican Republic","114.9","114.94",,,,,"reviewed","0","175","earthquake","M 3.4 - 7 km E of La Romana, Dominican Republic","https://earthquake.usgs.gov/earthquakes/eventpage/pr71535063","https://earthquake.usgs.gov/fdsnws/event/1/query?eventid=pr71535063&format=geojson"
"ok2026tbgp","2026-09-29T01:39:28Z","2026-09-28T21:39:28-04:00","2026-09-30T13:58:03Z","1.0","0.97","5 km N of Tatums, Oklahoma","34.53016667","-97.4725","United States of America","5.5","5.54",,,,,"reviewed","0","14","earthquake","M 1.0 - 5 km N of Tatums, Oklahoma","https://earthquake.usgs.gov/earthquakes/eventpage/ok2026tbgp","https://earthquake.usgs.gov/fdsnws/event/1/query?eventid=ok2026tbgp&format=geojson"
"uw714111452","2026-09-29T01:23:06Z","2026-09-28T21:23:06-04:00","2026-09-30T04:35:07Z","1.0","1.02","23 km N of Trout Lake, Washington","46.2123333333333","-121.5175","United States of America","-1.1","-1.09",,,,,"reviewed","0","16","earthquake","M 1.0 - 23 km N of Trout Lake, Washington","https://earthquake.usgs.gov/earthquakes/eventpage/uw714111452","https://earthquake.usgs.gov/fdsnws/event/1/query?eventid=uw714111452&format=geojson"
"nc75444102","2026-09-29T00:56:38Z","2026-09-28T20:56:38-04:00","2026-09-29T00:58:12Z","1.0","0.99","8 km ENE of Gilroy, CA","37.039665222168","-121.488998413086","United States of America","6.1","6.12",,,,,"automatic","0","15","earthquake","M 1.0 - 8 km ENE of Gilroy, CA","https://earthquake.usgs.gov/earthquakes/eventpage/nc75444102","https://earthquake.usgs.gov/fdsnws/event/1/query?eventid=nc75444102&format=geojson"
"pr71535043","2026-09-29T00:55:42Z","2026-09-28T20:55:42-04:00","2026-09-29T03:13:33Z","3.3","3.34","92 km NE of Cruz Bay, U.S. Virgin Islands","18.9121666666667","-64.1583333333333","U.S. Virgin Islands","21.2","21.19",,,,,"reviewed","0","172","earthquake","M 3.3 - 92 km NE of Cruz Bay, U.S. Virgin Islands","https://earthquake.usgs.gov/earthquakes/eventpage/pr71535043","https://earthquake.usgs.gov/fdsnws/event/1/query?eventid=pr71535043&format=geojson"
"ci41340415","2026-09-29T00:51:15Z","2026-09-28T20:51:15-04:00","2026-09-29T01:12:10Z","2.1","2.11","16 km WSW of Johannesburg, CA","35.3283333333333","-117.803333333333","United States of America","6.7","6.69",,,,,"reviewed","0","68","earthquake","M 2.1 - 16 km WSW of Johannesburg, CA","https://earthquake.usgs.gov/earthquakes/eventpage/ci41340415","https://earthquake.usgs.gov/fdsnws/event/1/query?eventid=ci41340415&format=geojson"
"ci41340407","2026-09-29T00:09:30Z","2026-09-28T20:09:30-04:00","2026-09-29T14:21:02Z","1.0","0.4","15 km SE of Anza, CA","33.4555","-116.5695","United States of America","12.1","12.09",,,,,"reviewed","0","2","earthquake","M 0.4 - 15 km SE of Anza, CA","https://earthquake.usgs.gov/earthquakes/eventpage/ci41340407","https://earthquake.usgs.gov/fdsnws/event/1/query?eventid=ci41340407&format=geojson"
"pr71535018","2026-09-28T23:19:34Z","2026-09-28T19:19:34-04:00","2026-09-28T23:42:00Z","2.3","2.29","5 km SW of Guánica, Puerto Rico","17.9325","-66.943","Puerto Rico","7.3","7.27",,,,,"reviewed","0","81","earthquake","M 2.3 - 5 km SW of Guánica, Puerto Rico","https://earthquake.usgs.gov/earthquakes/eventpage/pr71535018","https://earthquake.usgs.gov/fdsnws/event/1/query?eventid=pr71535018&format=geojson"
"nn00925006","2026-09-28T23:00:06Z","2026-09-28T19:00:06-04:00","2026-09-29T02:05:36Z","1.5","1.52","20 km ESE of Spanish Springs, Nevada","39.5513","-119.5081","United States of America","1.8","1.7957",,,,,"reviewed","0","36","explosion","M 1.5 Explosion - 20 km ESE of Spanish Springs, Nevada","https://earthquake.usgs.gov/earthquakes/eventpage/nn00925006","https://earthquake.usgs.gov/fdsnws/event/1/query?eventid=nn00925006&format=geojson"
"us6000ty8z","2026-09-28T22:54:45Z","2026-09-28T18:54:45-04:00","2026-09-29T02:20:45Z","3.0","3","2 km SSW of Bogue, Kansas","39.3409","-99.7052","United States of America","5.0","5","8","4.4",,,"reviewed","0","142","earthquake","M 3.0 - 2 km SSW of Bogue, Kansas","https://earthquake.usgs.gov/earthquakes/eventpage/us6000ty8z","https://earthquake.usgs.gov/fdsnws/event/1/query?eventid=us6000ty8z&format=geojson"
"tx2026tdjngq","2026-09-28T22:54:38Z","2026-09-28T18:54:38-04:00","2026-09-29T15:22:10Z","1.8","1.8","54 km SSW of Whites City, New Mexico","31.701","-104.545","United States of America","5.1","5.0745",,,,,"reviewed","0","50","earthquake","M 1.8 - 54 km SSW of Whites City, New Mexico","https://earthquake.usgs.gov/earthquakes/eventpage/tx2026tdjngq","https://earthquake.usgs.gov/fdsnws/event/1/query?eventid=tx2026tdjngq&format=geojson"
"us6000ty8y","2026-09-28T22:50:25Z","2026-09-28T18:50:25-04:00","2026-09-29T02:11:36Z","2.5","2.5","9 km S of Bogue, Kansas","39.2812","-99.6976","United States of America","10.0","10",,,,,"reviewed","0","96","earthquake","M 2.5 - 9 km S of Bogue, Kansas","https://earthquake.usgs.gov/earthquakes/eventpage/us6000ty8y","https://earthquake.usgs.gov/fdsnws/event/1/query?eventid=us6000ty8y&format=geojson"
"uw714111362","2026-09-28T22:32:25Z","2026-09-28T18:32:25-04:00","2026-09-28T22:54:18Z","1.3","1.29","16 km NW of Conconully, Washington","48.6571666666667","-119.923666666667","United States of America","12.1","12.08",,,,,"reviewed","0","26","earthquake","M 1.3 - 16 km NW of Conconully, Washington","https://earthquake.usgs.gov/earthquakes/eventpage/uw714111362","https://earthquake.usgs.gov/fdsnws/event/1/query?eventid=uw714111362&format=geojson"
"nc75444052","2026-09-28T22:06:14Z","2026-09-28T18:06:14-04:00","2026-09-28T23:22:23Z","1.7","1.68","2 km SW of San Ramon, CA","37.764331817627","-121.994163513184","United States of America","8.3","8.3",,,,,"automatic","0","43","earthquake","M 1.7 - 2 km SW of San Ramon, CA","https://earthquake.usgs.gov/earthquakes/eventpage/nc75444052","https://earthquake.usgs.gov/fdsnws/event/1/query?eventid=nc75444052&format=geojson"
"tx2026tdhuaw","2026-09-28T21:58:23Z","2026-09-28T17:58:23-04:00","2026-09-29T16:00:58Z","2.4","2.4","58 km S of Whites City, New Mexico","31.651","-104.454","United States of America","7.3","7.2534",,,,,"reviewed","0","89","earthquake","M 2.4 - 58 km S of Whites City, New Mexico","https://earthquake.usgs.gov/earthquakes/eventpage/tx2026tdhuaw","https://earthquake.usgs.gov/fdsnws/event/1/query?eventid=tx2026tdhuaw&format=geojson"
"tx2026tdhtod","2026-09-28T21:58:14Z","2026-09-28T17:58:14-04:00","2026-10-01T21:08:29Z","2.1","2.1","57 km S of Whites City, New Mexico","31.655","-104.432","United States of America","6.1","6.0999",,,,,"reviewed","0","68","earthquake","M 2.1 - 57 km S of Whites City, New Mexico","https://earthquake.usgs.gov/earthquakes/eventpage/tx2026tdhtod","https://earthquake.usgs.gov/fdsnws/event/1/query?eventid=tx2026tdhtod&format=geojson"
"ci41340383","2026-09-28T21:18:00Z","2026-09-28T17:18:00-04:00","2026-09-29T00:59:15Z","1.0","1.03","10 km S of Corona, CA","33.7801666666667","-117.5485","United States of America","6.4","6.42",,,,,"reviewed","0","16","earthquake","M 1.0 - 10 km S of Corona, CA","https://earthquake.usgs.gov/earthquakes/eventpage/ci41340383","https://earthquake.usgs.gov/fdsnws/event/1/query?eventid=ci41340383&format=geojson"
"nc75444027","2026-09-28T21:14:21Z","2026-09-28T17:14:21-04:00","2026-09-28T21:15:57Z","1.0","0.72","7 km NW of The Geysers, CA","38.8194999694824","-122.813331604004","United States of America","2.9","2.87",,,,,"automatic","0","8","earthquake","M 0.7 - 7 km NW of The Geysers, CA","https://earthquake.usgs.gov/earthquakes/eventpage/nc75444027","https://earthquake.usgs.gov/fdsnws/event/1/query?eventid=nc75444027&format=geojson"
"nc75443997","2026-09-28T20:26:27Z","2026-09-28T16:26:27-04:00","2026-09-28T21:12:23Z","1.4","1.43","10 km WNW of Cobb, CA","38.8513336181641","-122.837829589844","United States of America","0.4","0.4",,,,,"automatic","0","31","earthquake","M 1.4 - 10 km WNW of Cobb, CA","https://earthquake.usgs.gov/earthquakes/eventpage/nc75443997","https://earthquake.usgs.gov/fdsnws/event/1/query?eventid=nc75443997&format=geojson"
"nc75443992","2026-09-28T20:22:03Z","2026-09-28T16:22:03-04:00","2026-09-28T20:23:42Z","1.0","0.77","11 km WNW of Cobb, CA","38.8508338928223","-122.839996337891","United States of America","-0.1","-0.07",,,,,"automatic","0","9","earthquake","M 0.8 - 11 km WNW of Cobb, CA","https://earthquake.usgs.gov/earthquakes/eventpage/nc75443992","https://earthquake.usgs.gov/fdsnws/event/1/query?eventid=nc75443992&format=geojson"
"nc75443987","2026-09-28T20:21:56Z","2026-09-28T16:21:56-04:00","2026-09-28T20:23:32Z","1.0","0.76","11 km WNW of Cobb, CA","38.8533325195312","-122.839996337891","United States of America","0.1","0.14",,,,,"automatic","0","9","earthquake","M 0.8 - 11 km WNW of Cobb, CA","https://earthquake.usgs.gov/earthquakes/eventpage/nc75443987","https://earthquake.usgs.gov/fdsnws/event/1/query?eventid=nc75443987&format=geojson"
"nc75443982","2026-09-28T20:21:33Z","2026-09-28T16:21:33-04:00","2026-09-28T20:23:12Z","1.0","0.61","10 km WNW of Cobb, CA","38.851001739502","-122.83683013916","United States of America","0.9","0.86",,,,,"automatic","0","6","earthquake","M 0.6 - 10 km WNW of Cobb, CA","https://earthquake.usgs.gov/earthquakes/eventpage/nc75443982","https://earthquake.usgs.gov/fdsnws/event/1/query?eventid=nc75443982&format=geojson"
"nc75443977","2026-09-28T20:20:43Z","2026-09-28T16:20:43-04:00","2026-09-28T22:12:22Z","2.1","2.06","10 km WNW of Cobb, CA","38.8486671447754","-122.837333679199","United States of America","0.6","0.6",,,,,"automatic","0","65","earthquake","M 2.1 - 10 km WNW of Cobb, CA","https://earthquake.usgs.gov/earthquakes/eventpage/nc75443977","https://earthquake.usgs.gov/fdsnws/event/1/query?eventid=nc75443977&format=geojson"
"ci41340367","2026-09-28T20:19:15Z","2026-09-28T16:19:15-04:00","2026-09-29T19:01:43Z","1.1","1.08","6 km S of Redlands, CA","34.0015","-117.179333333333","United States of America","15.4","15.44",,,,,"reviewed","0","18","earthquake","M 1.1 - 6 km S of Redlands, CA","https://earthquake.usgs.gov/earthquakes/eventpage/ci41340367","https://earthquake.usgs.gov/fdsnws/event/1/query?eventid=ci41340367&format=geojson"
"nc75443972","2026-09-28T20:16:28Z","2026-09-28T16:16:28-04:00","2026-09-28T21:57:22Z","2.1","2.1","10 km W of Boonville, CA","39.0123329162598","-123.484169006348","United States of America","2.0","1.96",,,,,"automatic","0","68","earthquake","M 2.1 - 10 km W of Boonville, CA","https://earthquake.usgs.gov/earthquakes/eventpage/nc75443972","https://earthquake.usgs.gov/fdsnws/event/1/query?eventid=nc75443972&format=geojson"
"uw714111162","2026-09-28T19:55:47Z","2026-09-28T15:55:47-04:00","2026-09-28T22:41:21Z","1.0","1.04","17 km E of Humptulips, Washington","47.239","-123.724166666667","United States of America","-0.4","-0.36",,,,,"reviewed","0","17","explosion","M 1.0 Explosion - 17 km E of Humptulips, Washington","https://earthquake.usgs.gov/earthquakes/eventpage/uw714111162","https://earthquake.usgs.gov/fdsnws/event/1/query?eventid=uw714111162&format=geojson"
"tx2026tdctiw","2026-09-28T19:27:07Z","2026-09-28T15:27:07-04:00","2026-09-29T16:07:31Z","2.3","2.3","58 km S of Whites City, New Mexico","31.654","-104.437","United States of America","6.5","6.4587",,,,,"reviewed","0","81","earthquake","M 2.3 - 58 km S of Whites City, New Mexico","https://earthquake.usgs.gov/earthquakes/eventpage/tx2026tdctiw","https://earthquake.usgs.gov/fdsnws/event/1/query?eventid=tx2026tdctiw&format=geojson"
"tx2026tdcsfk","2026-09-28T19:25:46Z","2026-09-28T15:25:46-04:00","2026-09-28T19:46:04Z","1.7","1.7","57 km S of Whites City, New Mexico","31.657","-104.423","United States of America","6.2","6.2024",,,,,"reviewed","0","44","earthquake","M 1.7 - 57 km S of Whites City, New Mexico","https://earthquake.usgs.gov/earthquakes/eventpage/tx2026tdcsfk","https://earthquake.usgs.gov/fdsnws/event/1/query?eventid=tx2026tdcsfk&format=geojson"
"nn00924997","2026-09-28T19:25:18Z","2026-09-28T15:25:18-04:00","2026-09-28T19:43:30Z","1.9","1.93","55 km S of Kingston, Nevada","38.7131","-117.0961","United States of America","16.0","15.9509",,,,,"reviewed","0","57","explosion","M 1.9 Explosion - 55 km S of Kingston, Nevada","https://earthquake.usgs.gov/earthquakes/eventpage/nn00924997","https://earthquake.usgs.gov/fdsnws/event/1/query?eventid=nn00924997&format=geojson"
"pr71535013","2026-09-28T19:19:54Z","2026-09-28T15:19:54-04:00","2026-09-28T19:52:07Z","2.9","2.91","45 km N of Charlotte Amalie, U.S. Virgin Islands","18.7485","-64.9403333333333","U.S. Virgin Islands","23.6","23.6",,,,,"reviewed","0","130","earthquake","M 2.9 - 45 km N of Charlotte Amalie, U.S. Virgin Islands","https://earthquake.usgs.gov/earthquakes/eventpage/pr71535013","https://earthquake.usgs.gov/fdsnws/event/1/query?eventid=pr71535013&format=geojson"
"tx2026tdcgrl","2026-09-28T19:12:23Z","2026-09-28T15:12:23-04:00","2026-09-28T19:29:03Z","1.7","1.7","42 km NW of Toyah, Texas","31.555","-104.136","United States of America","7.1","7.1252",,,,,"reviewed","0","44","earthquake","M 1.7 - 42 km NW of Toyah, Texas","https://earthquake.usgs.gov/earthquakes/eventpage/tx2026tdcgrl","https://earthquake.usgs.gov/fdsnws/event/1/query?eventid=tx2026tdcgrl&format=geojson"
"uw714111082","2026-09-28T19:11:56Z","2026-09-28T15:11:56-04:00","2026-09-28T22:33:40Z","1.5","1.48","9 km ENE of Port Coquitlam, Canada","49.3058333333333","-122.652166666667","Canada","-0.5","-0.46",,,,,"reviewed","0","34","explosion","M 1.5 Explosion - 9 km ENE of Port Coquitlam, Canada","https://earthquake.usgs.gov/earthquakes/eventpage/uw714111082","https://earthquake.usgs.gov/fdsnws/event/1/query?eventid=uw714111082&format=geojson"
"tx2026tdccgy","2026-09-28T19:07:17Z","2026-09-28T15:07:17-04:00","2026-09-30T15:33:48Z","1.4","1.4","13 km SSW of Big Spring, Texas","32.136","-101.538","United States of America","8.1","8.1299",,,,,"reviewed","0","30","earthquake","M 1.4 - 13 km SSW of Big Spring, Texas","https://earthquake.usgs.gov/earthquakes/eventpage/tx2026tdccgy","https://earthquake.usgs.gov/fdsnws/event/1/query?eventid=tx2026tdccgy&format=geojson"
"tx2026tdbyif","2026-09-28T19:02:41Z","2026-09-28T15:02:41-04:00","2026-09-28T19:34:19Z","2.1","2.1","58 km S of Whites City, New Mexico","31.65","-104.46","United States of America","6.8","6.7664",,,,,"reviewed","0","68","earthquake","M 2.1 - 58 km S of Whites City, New Mexico","https://earthquake.usgs.gov/earthquakes/eventpage/tx2026tdbyif","https://earthquake.usgs.gov/fdsnws/event/1/query?eventid=tx2026tdbyif&format=geojson"
"ci41340343","2026-09-28T19:02:36Z","2026-09-28T15:02:36-04:00","2026-09-28T20:10:18Z","1.1","1.12","16 km E of Coso Junction, CA","36.0308333333333","-117.775166666667","United States of America","1.4","1.44",,,,,"reviewed","0","19","earthquake","M 1.1 - 16 km E of Coso Junction, CA","https://earthquake.usgs.gov/earthquakes/eventpage/ci41340343","https://earthquake.usgs.gov/fdsnws/event/1/query?eventid=ci41340343&format=geojson"
"tx2026tdbvxd","2026-09-28T18:59:52Z","2026-09-28T14:59:52-04:00","2026-09-28T19:37:22Z","1.8","1.8","57 km S of Whites City, New Mexico","31.659","-104.469","United States of America","5.7","5.6897",,,,,"reviewed","0","50","earthquake","M 1.8 - 57 km S of Whites City, New Mexico","https://earthquake.usgs.gov/earthquakes/eventpage/tx2026tdbvxd","https://earthquake.usgs.gov/fdsnws/event/1/query?eventid=tx2026tdbvxd&format=geojson"
"nc75443947","2026-09-28T18:59:47Z","2026-09-28T14:59:47-04:00","2026-09-28T19:01:21Z","1.0","0.57","5 km WNW of Cobb, CA","38.839168548584","-122.777496337891","United States of America","2.1","2.1",,,,,"automatic","0","5","earthquake","M 0.6 - 5 km WNW of Cobb, CA","https://earthquake.usgs.gov/earthquakes/eventpage/nc75443947","https://earthquake.usgs.gov/fdsnws/event/1/query?eventid=nc75443947&format=geojson"
"us6000tyc4","2026-09-28T18:55:12Z","2026-09-28T14:55:12-04:00","2026-09-29T13:33:25Z","2.0","2","7 km NE of Potsdam, New York","44.7124","-74.9106","United States of America","5.0","5","3","3.1",,,"reviewed","0","62","earthquake","M 2.0 - 7 km NE of Potsdam, New York","https://earthquake.usgs.gov/earthquakes/eventpage/us6000tyc4","https://earthquake.usgs.gov/fdsnws/event/1/query?eventid=us6000tyc4&format=geojson"
"ci10254510","2026-09-28T18:53:02Z","2026-09-28T14:53:02-04:00","2026-09-28T22:00:55Z","1.0","0.37","17 km SE of Anza, CA","33.4645","-116.527333333333","United States of America","11.1","11.07",,,,,"reviewed","0","2","earthquake","M 0.4 - 17 km SE of Anza, CA","https://earthquake.usgs.gov/earthquakes/eventpage/ci10254510","https://earthquake.usgs.gov/fdsnws/event/1/query?eventid=ci10254510&format=geojson"
"ci41340335","2026-09-28T18:52:43Z","2026-09-28T14:52:43-04:00","2026-09-28T21:55:51Z","1.0","0.65","17 km SE of Anza, CA","33.4616666666667","-116.526666666667","United States of America","10.4","10.44",,,,,"reviewed","0","6","earthquake","M 0.7 - 17 km SE of Anza, CA","https://earthquake.usgs.gov/earthquakes/eventpage/ci41340335","https://earthquake.usgs.gov/fdsnws/event/1/query?eventid=ci41340335&format=geojson"
"uw714111042","2026-09-28T18:37:22Z","2026-09-28T14:37:22-04:00","2026-09-28T22:38:26Z","1.2","1.23","5 km SSW of Port Ludlow, Washington","47.8833333333333","-122.715666666667","United States of America","0.0","-0.03",,,,,"reviewed","0","23","explosion","M 1.2 Explosion - 5 km SSW of Port Ludlow, Washington","https://earthquake.usgs.gov/earthquakes/eventpage/uw714111042","https://earthquake.usgs.gov/fdsnws/event/1/query?eventid=uw714111042&format=geojson"
"nc75443937","2026-09-28T18:36:51Z","2026-09-28T14:36:51-04:00","2026-09-28T18:38:27Z","1.0","0.5","6 km NNW of The Geysers, CA","38.8224983215332","-122.791831970215","United States of America","1.1","1.13",,,,,"automatic","0","4","earthquake","M 0.5 - 6 km NNW of The Geysers, CA","https://earthquake.usgs.gov/earthquakes/eventpage/nc75443937","https://earthquake.usgs.gov/fdsnws/event/1/query?eventid=nc75443937&format=geojson"
"ok2026tasq","2026-09-28T18:36:02Z","2026-09-28T14:36:02-04:00","2026-09-29T12:51:29Z","1.8","1.79","1 km SE of Rocky Mountain, Oklahoma","35.79283333","-94.75516667","United States of America","0.0","0",,,,,"reviewed","0","49","quarry blast","M 1.8 Quarry Blast - 1 km SE of Rocky Mountain, Oklahoma","https://earthquake.usgs.gov/earthquakes/eventpage/ok2026tasq","https://earthquake.usgs.gov/fdsnws/event/1/query?eventid=ok2026tasq&format=geojson"
"ci41340327","2026-09-28T18:17:29Z","2026-09-28T14:17:29-04:00","2026-09-28T19:05:34Z","1.0","0.39","13 km SSW of Searles Valley, CA","35.6675","-117.470166666667","United States of America","7.0","6.97",,,,,"reviewed","0","2","earthquake","M 0.4 - 13 km SSW of Searles Valley, CA","https://earthquake.usgs.gov/earthquakes/eventpage/ci41340327","https://earthquake.usgs.gov/fdsnws/event/1/query?eventid=ci41340327&format=geojson"
"nc75443932","2026-09-28T18:15:53Z","2026-09-28T14:15:53-04:00","2026-09-28T18:17:32Z","1.1","1.08","6 km NW of The Geysers, CA","38.8213348388672","-122.798164367676","United States of America","2.0","1.97",,,,,"automatic","0","18","earthquake","M 1.1 - 6 km NW of The Geysers, CA","https://earthquake.usgs.gov/earthquakes/eventpage/nc75443932","https://earthquake.usgs.gov/fdsnws/event/1/query?eventid=nc75443932&format=geojson"
"tx2026tdaiaq","2026-09-28T18:13:41Z","2026-09-28T14:13:41-04:00","2026-09-28T19:42:03Z","1.5","1.5","22 km S of Westbrook, Texas","32.152","-101.035","United States of America","6.2","6.2256",,,,,"reviewed","0","35","earthquake","M 1.5 - 22 km S of Westbrook, Texas","https://earthquake.usgs.gov/earthquakes/eventpage/tx2026tdaiaq","https://earthquake.usgs.gov/fdsnws/event/1/query?eventid=tx2026tdaiaq&format=geojson"
"nc75443927","2026-09-28T18:10:50Z","2026-09-28T14:10:50-04:00","2026-09-28T18:52:21Z","1.4","1.4","8 km ENE of Pinnacles, CA","36.553165435791","-121.055000305176","United States of America","10.1","10.13",,,,,"automatic","0","30","earthquake","M 1.4 - 8 km ENE of Pinnacles, CA","https://earthquake.usgs.gov/earthquakes/eventpage/nc75443927","https://earthquake.usgs.gov/fdsnws/event/1/query?eventid=nc75443927&format=geojson"
"ci41340319","2026-09-28T18:06:02Z","2026-09-28T14:06:02-04:00","2026-09-28T18:55:37Z","1.0","0.7","20 km E of Little Lake, CA","35.9196666666667","-117.684833333333","United States of America","8.7","8.72",,,,,"reviewed","0","8","earthquake","M 0.7 - 20 km E of Little Lake, CA","https://earthquake.usgs.gov/earthquakes/eventpage/ci41340319","https://earthquake.usgs.gov/fdsnws/event/1/query?eventid=ci41340319&format=geojson"
"nc75443922","2026-09-28T17:56:41Z","2026-09-28T13:56:41-04:00","2026-09-28T17:58:17Z","1.0","0.76","11 km WNW of The Geysers, CA","38.8248329162598","-122.865165710449","United States of America","2.1","2.06",,,,,"automatic","0","9","earthquake","M 0.8 - 11 km WNW of The Geysers, CA","https://earthquake.usgs.gov/earthquakes/eventpage/nc75443922","https://earthquake.usgs.gov/fdsnws/event/1/query?eventid=nc75443922&format=geojson"
"ci41340303","2026-09-28T17:54:33Z","2026-09-28T13:54:33-04:00","2026-09-28T18:55:51Z","1.0","0.8","10 km ENE of Borrego Springs, CA","33.2913333333333","-116.2785","United States of America","10.6","10.61",,,,,"reviewed","0","10","earthquake","M 0.8 - 10 km ENE of Borrego Springs, CA","https://earthquake.usgs.gov/earthquakes/eventpage/ci41340303","https://earthquake.usgs.gov/fdsnws/event/1/query?eventid=ci41340303&format=geojson"
"uw714111012","2026-09-28T17:52:54Z","2026-09-28T13:52:54-04:00","2026-09-28T22:19:21Z","1.7","1.66","8 km SW of Lookingglass, Oregon","43.1218333333333","-123.555333333333","United States of America","-0.5","-0.52",,,,,"reviewed","0","42","explosion","M 1.7 Explosion - 8 km SW of Lookingglass, Oregon","https://earthquake.usgs.gov/earthquakes/eventpage/uw714111012","https://earthquake.usgs.gov/fdsnws/event/1/query?eventid=uw714111012&format=geojson"
"nc75443917","2026-09-28T17:46:58Z","2026-09-28T13:46:58-04:00","2026-09-28T18:22:23Z","1.4","1.39","25 km NW of Parkfield, CA","36.0616683959961","-120.622497558594","United States of America","5.6","5.64",,,,,"automatic","0","30","earthquake","M 1.4 - 25 km NW of Parkfield, CA","https://earthquake.usgs.gov/earthquakes/eventpage/nc75443917","https://earthquake.usgs.gov/fdsnws/event/1/query?eventid=nc75443917&format=geojson"
"uw714110992","2026-09-28T17:18:06Z","2026-09-28T13:18:06-04:00","2026-09-28T22:30:42Z","2.2","2.2","10 km S of Princeton, Canada","49.3678333333333","-120.5185","Canada","-0.4","-0.36",,,,,"reviewed","0","74","explosion","M 2.2 Explosion - 10 km S of Princeton, Canada","https://earthquake.usgs.gov/earthquakes/eventpage/uw714110992","https://earthquake.usgs.gov/fdsnws/event/1/query?eventid=uw714110992&format=geojson"
"ci41340295","2026-09-28T17:17:01Z","2026-09-28T13:17:01-04:00","2026-09-28T20:27:55Z","1.0","0.81","16 km WSW of Johannesburg, CA","35.311","-117.797","United States of America","7.0","6.98",,,,,"reviewed","0","10","earthquake","M 0.8 - 16 km WSW of Johannesburg, CA","https://earthquake.usgs.gov/earthquakes/eventpage/ci41340295","https://earthquake.usgs.gov/fdsnws/event/1/query?eventid=ci41340295&format=geojson"
"ci41340287","2026-09-28T17:14:29Z","2026-09-28T13:14:29-04:00","2026-09-28T18:57:25Z","1.0","0.72","5 km SW of Idyllwild, CA","33.71","-116.7605","United States of America","16.5","16.46",,,,,"reviewed","0","8","earthquake","M 0.7 - 5 km SW of Idyllwild, CA","https://earthquake.usgs.gov/earthquakes/eventpage/ci41340287","https://earthquake.usgs.gov/fdsnws/event/1/query?eventid=ci41340287&format=geojson"
"pr71535008","2026-09-28T17:07:46Z","2026-09-28T13:07:46-04:00","2026-09-28T17:33:47Z","2.0","2.01","2 km N of Indios, Puerto Rico","18.0183333333333","-66.824","Puerto Rico","16.7","16.65",,,,,"reviewed","0","62","earthquake","M 2.0 - 2 km N of Indios, Puerto Rico","https://earthquake.usgs.gov/earthquakes/eventpage/pr71535008","https://earthquake.usgs.gov/fdsnws/event/1/query?eventid=pr71535008&format=geojson"
"ci10254486","2026-09-28T17:06:44Z","2026-09-28T13:06:44-04:00","2026-09-28T19:31:41Z","1.0","0.34","18 km SSW of La Quinta, CA","33.5246666666667","-116.417666666667","United States of America","13.3","13.31",,,,,"reviewed","0","2","earthquake","M 0.3 - 18 km SSW of La Quinta, CA","https://earthquake.usgs.gov/earthquakes/eventpage/ci10254486","https://earthquake.usgs.gov/fdsnws/event/1/query?eventid=ci10254486&format=geojson"
"ci41340279","2026-09-28T17:06:35Z","2026-09-28T13:06:35-04:00","2026-09-28T19:28:07Z","1.0","0.58","19 km SSW of La Quinta, CA","33.5226666666667","-116.4205","United States of America","11.4","11.41",,,,,"reviewed","0","5","earthquake","M 0.6 - 19 km SSW of La Quinta, CA","https://earthquake.usgs.gov/earthquakes/eventpage/ci41340279","https://earthquake.usgs.gov/fdsnws/event/1/query?eventid=ci41340279&format=geojson"
"uu80158191","2026-09-28T16:52:23Z","2026-09-28T12:52:23-04:00","2026-09-28T17:43:19Z","1.0","0.91","55 km E of Warm River, Idaho","44.2148333333333","-110.6355","United States of America","9.1","9.1",,,,,"reviewed","0","13","earthquake","M 0.9 - 55 km E of Warm River, Idaho","https://earthquake.usgs.gov/earthquakes/eventpage/uu80158191","https://earthquake.usgs.gov/fdsnws/event/1/query?eventid=uu80158191&format=geojson"
"ci41340263","2026-09-28T16:43:39Z","2026-09-28T12:43:39-04:00","2026-09-28T18:56:38Z","1.2","1.17","20 km ESE of Anza, CA","33.4838333333333","-116.476666666667","United States of America","12.9","12.88",,,,,"reviewed","0","21","earthquake","M 1.2 - 20 km ESE of Anza, CA","https://earthquake.usgs.gov/earthquakes/eventpage/ci41340263","https://earthquake.usgs.gov/fdsnws/event/1/query?eventid=ci41340263&format=geojson"
"tx2026tcxhub","2026-09-28T16:43:00Z","2026-09-28T12:43:00-04:00","2026-09-28T16:56:07Z","1.5","1.5","25 km W of Garden City, Texas","31.892","-101.748","United States of America","8.9","8.8623",,,,,"reviewed","0","35","earthquake","M 1.5 - 25 km W of Garden City, Texas","https://earthquake.usgs.gov/earthquakes/eventpage/tx2026tcxhub","https://earthquake.usgs.gov/fdsnws/event/1/query?eventid=tx2026tcxhub&format=geojson"
"uu80158186","2026-09-28T16:38:02Z","2026-09-28T12:38:02-04:00","2026-09-28T17:37:32Z","1.0","1.04","4 km ENE of Huntsville, Utah","41.2756666666667","-111.722666666667","United States of America","11.1","11.13",,,,,"reviewed","0","17","earthquake","M 1.0 - 4 km ENE of Huntsville, Utah","https://earthquake.usgs.gov/earthquakes/eventpage/uu80158186","https://earthquake.usgs.gov/fdsnws/event/1/query?eventid=uu80158186&format=geojson"
"nc75443882","2026-09-28T16:37:54Z","2026-09-28T12:37:54-04:00","2026-09-28T17:47:29Z","1.6","1.58","5 km NW of The Geysers, CA","38.8118324279785","-122.792663574219","United States of America","2.9","2.9",,,,,"automatic","0","38","earthquake","M 1.6 - 5 km NW of The Geysers, CA","https://earthquake.usgs.gov/earthquakes/eventpage/nc75443882","https://earthquake.usgs.gov/fdsnws/event/1/query?eventid=nc75443882&format=geojson"
"nc75443867","2026-09-28T16:19:43Z","2026-09-28T12:19:43-04:00","2026-09-28T16:21:22Z","1.0","0.7","6 km WNW of Cobb, CA","38.8363342285156","-122.785499572754","United States of America","1.8","1.77",,,,,"automatic","0","8","earthquake","M 0.7 - 6 km WNW of Cobb, CA","https://earthquake.usgs.gov/earthquakes/eventpage/nc75443867","https://earthquake.usgs.gov/fdsnws/event/1/query?eventid=nc75443867&format=geojson"
"nc75443862","2026-09-28T16:19:25Z","2026-09-28T12:19:25-04:00","2026-09-28T16:21:02Z","1.0","0.7","6 km WNW of Cobb, CA","38.8359985351562","-122.786003112793","United States of America","1.9","1.85",,,,,"automatic","0","8","earthquake","M 0.7 - 6 km WNW of Cobb, CA","https://earthquake.usgs.gov/earthquakes/eventpage/nc75443862","https://earthquake.usgs.gov/fdsnws/event/1/query?eventid=nc75443862&format=geojson"
"tx2026tcwgla","2026-09-28T16:11:04Z","2026-09-28T12:11:04-04:00","2026-09-28T16:37:49Z","1.7","1.7","32 km SW of Garden City, Texas","31.682","-101.744","United States of America","5.4","5.4443",,,,,"reviewed","0","44","earthquake","M 1.7 - 32 km SW of Garden City, Texas","https://earthquake.usgs.gov/earthquakes/eventpage/tx2026tcwgla","https://earthquake.usgs.gov/fdsnws/event/1/query?eventid=tx2026tcwgla&format=geojson"
"nc75443857","2026-09-28T16:00:37Z","2026-09-28T12:00:37-04:00","2026-09-28T16:32:20Z","1.6","1.57","17 km SW of Toms Place, CA","37.4706649780273","-118.83683013916","United States of America","3.8","3.75",,,,,"automatic","0","38","earthquake","M 1.6 - 17 km SW of Toms Place, CA","https://earthquake.usgs.gov/earthquakes/eventpage/nc75443857","https://earthquake.usgs.gov/fdsnws/event/1/query?eventid=nc75443857&format=geojson"
"tx2026tcvwvx","2026-09-28T15:59:54Z","2026-09-28T11:59:54-04:00","2026-09-29T23:01:50Z","1.8","1.8","11 km ESE of Pearsall, Texas","28.868","-98.976","United States of America","8.2","8.1749",,,,,"reviewed","0","50","earthquake","M 1.8 - 11 km ESE of Pearsall, Texas","https://earthquake.usgs.gov/earthquakes/eventpage/tx2026tcvwvx","https://earthquake.usgs.gov/fdsnws/event/1/query?eventid=tx2026tcvwvx&format=geojson"
"nc75443852","2026-09-28T15:48:40Z","2026-09-28T11:48:40-04:00","2026-09-28T15:50:17Z","1.0","0.72","10 km WNW of Cobb, CA","38.8651657104492","-122.821502685547","United States of America","1.3","1.33",,,,,"automatic","0","8","earthquake","M 0.7 - 10 km WNW of Cobb, CA","https://earthquake.usgs.gov/earthquakes/eventpage/nc75443852","https://earthquake.usgs.gov/fdsnws/event/1/query?eventid=nc75443852&format=geojson"
"ok2026tamq","2026-09-28T15:33:30Z","2026-09-28T11:33:30-04:00","2026-09-29T12:50:11Z","1.3","1.26","2 km SE of Owasso, Oklahoma","36.253","-95.84","United States of America","0.0","0",,,,,"reviewed","0","24","quarry blast","M 1.3 Quarry Blast - 2 km SE of Owasso, Oklahoma","https://earthquake.usgs.gov/earthquakes/eventpage/ok2026tamq","https://earthquake.usgs.gov/fdsnws/event/1/query?eventid=ok2026tamq&format=geojson"
"tx2026tctqqi","2026-09-28T14:52:43Z","2026-09-28T10:52:43-04:00","2026-09-28T15:00:37Z","2.4","2.4","60 km S of Whites City, New Mexico","31.635","-104.46","United States of America","6.1","6.1255",,,,,"reviewed","0","89","earthquake","M 2.4 - 60 km S of Whites City, New Mexico","https://earthquake.usgs.gov/earthquakes/eventpage/tx2026tctqqi","https://earthquake.usgs.gov/fdsnws/event/1/query?eventid=tx2026tctqqi&format=geojson"
"ci41340247","2026-09-28T14:33:45Z","2026-09-28T10:33:45-04:00","2026-09-28T21:34:25Z","1.0","1.01","14 km S of Maricopa, CA","34.9311666666667","-119.427333333333","United States of America","9.8","9.81",,,,,"reviewed","0","16","earthquake","M 1.0 - 14 km S of Maricopa, CA","https://earthquake.usgs.gov/earthquakes/eventpage/ci41340247","https://earthquake.usgs.gov/fdsnws/event/1/query?eventid=ci41340247&format=geojson"
"ci41340239","2026-09-28T14:25:59Z","2026-09-28T10:25:59-04:00","2026-09-28T16:22:51Z","1.1","1.13","10 km S of Idyllwild, CA","33.653","-116.703666666667","United States of America","16.6","16.56",,,,,"reviewed","0","20","earthquake","M 1.1 - 10 km S of Idyllwild, CA","https://earthquake.usgs.gov/earthquakes/eventpage/ci41340239","https://earthquake.usgs.gov/fdsnws/event/1/query?eventid=ci41340239&format=geojson"
"ci41340231","2026-09-28T14:19:39Z","2026-09-28T10:19:39-04:00","2026-09-28T18:56:54Z","1.0","0.46","6 km NW of Lake Henshaw, CA","33.2706666666667","-116.811333333333","United States of America","15.1","15.05",,,,,"reviewed","0","3","earthquake","M 0.5 - 6 km NW of Lake Henshaw, CA","https://earthquake.usgs.gov/earthquakes/eventpage/ci41340231","https://earthquake.usgs.gov/fdsnws/event/1/query?eventid=ci41340231&format=geojson"
"uu80158181","2026-09-28T13:55:17Z","2026-09-28T09:55:17-04:00","2026-09-28T16:28:51Z","1.0","0.85","57 km E of Warm River, Idaho","44.2161666666667","-110.615666666667","United States of America","11.8","11.83",,,,,"reviewed","0","11","earthquake","M 0.9 - 57 km E of Warm River, Idaho","https://earthquake.usgs.gov/earthquakes/eventpage/uu80158181","https://earthquake.usgs.gov/fdsnws/event/1/query?eventid=uu80158181&format=geojson"
"uu80158176","2026-09-28T13:47:38Z","2026-09-28T09:47:38-04:00","2026-09-28T16:24:02Z","1.8","1.77","57 km E of Warm River, Idaho","44.2121666666667","-110.616333333333","United States of America","11.9","11.85",,,,,"reviewed","0","48","earthquake","M 1.8 - 57 km E of Warm River, Idaho","https://earthquake.usgs.gov/earthquakes/eventpage/uu80158176","https://earthquake.usgs.gov/fdsnws/event/1/query?eventid=uu80158176&format=geojson"
"nc75443827","2026-09-28T13:32:23Z","2026-09-28T09:32:23-04:00","2026-09-28T13:34:01Z","1.0","0.82","4 km NNW of The Geysers, CA","38.8068351745605","-122.780166625977","United States of America","3.1","3.06",,,,,"automatic","0","10","earthquake","M 0.8 - 4 km NNW of The Geysers, CA","https://earthquake.usgs.gov/earthquakes/eventpage/nc75443827","https://earthquake.usgs.gov/fdsnws/event/1/query?eventid=nc75443827&format=geojson"
"us6000ty59","2026-09-28T13:30:32Z","2026-09-28T09:30:32-04:00","2026-09-28T16:01:01Z","3.2","3.2","275 km W of Indianola, California","41.1377","-127.4517","United States of America","10.0","10",,,,,"reviewed","0","158","earthquake","M 3.2 - 275 km W of Indianola, California","https://earthquake.usgs.gov/earthquakes/eventpage/us6000ty59","https://earthquake.usgs.gov/fdsnws/event/1/query?eventid=us6000ty59&format=geojson"
"ci41340223","2026-09-28T13:02:28Z","2026-09-28T09:02:28-04:00","2026-09-28T19:23:50Z","1.0","0.4","9 km SSW of Idyllwild, CA","33.6655","-116.764666666667","United States of America","10.7","10.73",,,,,"reviewed","0","2","earthquake","M 0.4 - 9 km SSW of Idyllwild, CA","https://earthquake.usgs.gov/earthquakes/eventpage/ci41340223","https://earthquake.usgs.gov/fdsnws/event/1/query?eventid=ci41340223&format=geojson"
"nc75443797","2026-09-28T12:57:55Z","2026-09-28T08:57:55-04:00","2026-09-28T13:37:23Z","1.3","1.26","11 km SSE of Portola Valley, CA","37.2928352355957","-122.198165893555","United States of America","1.9","1.9",,,,,"automatic","0","24","earthquake","M 1.3 - 11 km SSE of Portola Valley, CA","https://earthquake.usgs.gov/earthquakes/eventpage/nc75443797","https://earthquake.usgs.gov/fdsnws/event/1/query?eventid=nc75443797&format=geojson"
"nc75443787","2026-09-28T12:31:33Z","2026-09-28T08:31:33-04:00","2026-09-28T12:33:12Z","1.0","0.75","6 km NW of The Geysers, CA","38.8224983215332","-122.796333312988","United States of America","3.0","2.99",,,,,"automatic","0","9","earthquake","M 0.8 - 6 km NW of The Geysers, CA","https://earthquake.usgs.gov/earthquakes/eventpage/nc75443787","https://earthquake.usgs.gov/fdsnws/event/1/query?eventid=nc75443787&format=geojson"
"ci41340215","2026-09-28T12:07:55Z","2026-09-28T08:07:55-04:00","2026-09-28T13:20:14Z","1.5","1.48","2 km N of Loma Linda, CA","34.0636666666667","-117.263","United States of America","14.3","14.31",,,,,"reviewed","0","34","earthquake","M 1.5 - 2 km N of Loma Linda, CA","https://earthquake.usgs.gov/earthquakes/eventpage/ci41340215","https://earthquake.usgs.gov/fdsnws/event/1/query?eventid=ci41340215&format=geojson"
"ci41340207","2026-09-28T12:04:56Z","2026-09-28T08:04:56-04:00","2026-09-28T13:20:19Z","1.0","0.68","9 km N of Borrego Springs, CA","33.3373333333333","-116.379","United States of America","9.7","9.67",,,,,"reviewed","0","7","earthquake","M 0.7 - 9 km N of Borrego Springs, CA","https://earthquake.usgs.gov/earthquakes/eventpage/ci41340207","https://earthquake.usgs.gov/fdsnws/event/1/query?eventid=ci41340207&format=geojson"
"ok2026tafp","2026-09-28T12:00:08Z","2026-09-28T08:00:08-04:00","2026-09-29T12:48:26Z","1.0","1.03","5 km NNW of Tatums, Oklahoma","34.53133333","-97.47733333","United States of America","1.0","0.96",,,,,"reviewed","0","16","earthquake","M 1.0 - 5 km NNW of Tatums, Oklahoma","https://earthquake.usgs.gov/earthquakes/eventpage/ok2026tafp","https://earthquake.usgs.gov/fdsnws/event/1/query?eventid=ok2026tafp&format=geojson"
"ci41340199","2026-09-28T11:39:33Z","2026-09-28T07:39:33-04:00","2026-09-28T13:20:02Z","1.0","0.55","11 km NE of Julian, CA","33.1501666666667","-116.521833333333","United States of America","6.2","6.16",,,,,"reviewed","0","5","earthquake","M 0.6 - 11 km NE of Julian, CA","https://earthquake.usgs.gov/earthquakes/eventpage/ci41340199","https://earthquake.usgs.gov/fdsnws/event/1/query?eventid=ci41340199&format=geojson"
"nn00924988","2026-09-28T11:20:26Z","2026-09-28T07:20:26-04:00","2026-09-28T11:24:13Z","1.6","1.55","33 km S of Alamo, Nevada","37.0643","-115.229","United States of America","4.1","4.1365",,,,,"automatic","0","37","earthquake","M 1.6 - 33 km S of Alamo, Nevada","https://earthquake.usgs.gov/earthquakes/eventpage/nn00924988","https://earthquake.usgs.gov/fdsnws/event/1/query?eventid=nn00924988&format=geojson"
"nc75443767","2026-09-28T11:19:02Z","2026-09-28T07:19:02-04:00","2026-09-28T11:20:37Z","1.0","0.8","7 km WNW of Cobb, CA","38.8368339538574","-122.799003601074","United States of America","2.1","2.12",,,,,"automatic","0","10","earthquake","M 0.8 - 7 km WNW of Cobb, CA","https://earthquake.usgs.gov/earthquakes/eventpage/nc75443767","https://earthquake.usgs.gov/fdsnws/event/1/query?eventid=nc75443767&format=geojson"
"ci41340191","2026-09-28T11:14:14Z","2026-09-28T07:14:14-04:00","2026-09-28T22:30:13Z","1.2","1.18","19 km N of Pine Mountain Club, CA","35.0126666666667","-119.141166666667","United States of America","14.2","14.15",,,,,"reviewed","0","21","earthquake","M 1.2 - 19 km N of Pine Mountain Club, CA","https://earthquake.usgs.gov/earthquakes/eventpage/ci41340191","https://earthquake.usgs.gov/fdsnws/event/1/query?eventid=ci41340191&format=geojson"
"uw714110832","2026-09-28T10:59:58Z","2026-09-28T06:59:58-04:00","2026-09-28T21:28:32Z","1.0","1.04","23 km N of Trout Lake, Washington","46.2106666666667","-121.532","United States of America","0.0","0",,,,,"reviewed","0","17","earthquake","M 1.0 - 23 km N of Trout Lake, Washington","https://earthquake.usgs.gov/earthquakes/eventpage/uw714110832","https://earthquake.usgs.gov/fdsnws/event/1/query?eventid=uw714110832&format=geojson"
"nm60506373","2026-09-28T10:55:05Z","2026-09-28T06:55:05-04:00","2026-09-28T17:49:57Z","2.1","2.09","3 km E of Enola, Arkansas","35.201","-92.1641666666667","United States of America","2.2","2.21","1","1",,,"reviewed","0","67","earthquake","M 2.1 - 3 km E of Enola, Arkansas","https://earthquake.usgs.gov/earthquakes/eventpage/nm60506373","https://earthquake.usgs.gov/fdsnws/event/1/query?eventid=nm60506373&format=geojson"
"pr2026271000","2026-09-28T10:54:05Z","2026-09-28T06:54:05-04:00","2026-09-28T11:44:47Z","3.8","3.8","5 km WSW of San Rafael del Yuma, Dominican Republic","18.4086","-68.7173","Dominican Republic","153.0","153",,,,,"reviewed","0","222","earthquake","M 3.8 - 5 km WSW of San Rafael del Yuma, Dominican Republic","https://earthquake.usgs.gov/earthquakes/eventpage/pr2026271000","https://earthquake.usgs.gov/fdsnws/event/1/query?eventid=pr2026271000&format=geojson"
"uw714110822","2026-09-28T10:47:48Z","2026-09-28T06:47:48-04:00","2026-09-28T16:05:57Z","1.6","1.63","0 km NE of Wilderness Rim, Washington","47.4495","-121.765333333333","United States of America","22.2","22.21",,,,,"reviewed","0","41","earthquake","M 1.6 - 0 km NE of Wilderness Rim, Washington","https://earthquake.usgs.gov/earthquakes/eventpage/uw714110822","https://earthquake.usgs.gov/fdsnws/event/1/query?eventid=uw714110822&format=geojson"
"nc75443762","2026-09-28T10:47:23Z","2026-09-28T06:47:23-04:00","2026-09-28T10:49:00Z","1.0","0.76","6 km NW of The Geysers, CA","38.8166656494141","-122.796669006348","United States of America","2.9","2.91",,,,,"automatic","0","9","earthquake","M 0.8 - 6 km NW of The Geysers, CA","https://earthquake.usgs.gov/earthquakes/eventpage/nc75443762","https://earthquake.usgs.gov/fdsnws/event/1/query?eventid=nc75443762&format=geojson"
"tx2026tclmyc","2026-09-28T10:46:43Z","2026-09-28T06:46:43-04:00","2026-09-28T16:34:34Z","1.7","1.7","57 km S of Whites City, New Mexico","31.655","-104.365","United States of America","9.8","9.8041",,,,,"reviewed","0","44","earthquake","M 1.7 - 57 km S of Whites City, New Mexico","https://earthquake.usgs.gov/earthquakes/eventpage/tx2026tclmyc","https://earthquake.usgs.gov/fdsnws/event/1/query?eventid=tx2026tclmyc&format=geojson"
"ci41340175","2026-09-28T10:42:34Z","2026-09-28T06:42:34-04:00","2026-09-28T13:29:59Z","1.8","1.79","16 km WSW of Johannesburg, CA","35.3318333333333","-117.803166666667","United States of America","6.8","6.77",,,,,"reviewed","0","49","earthquake","M 1.8 - 16 km WSW of Johannesburg, CA","https://earthquake.usgs.gov/earthquakes/eventpage/ci41340175","https://earthquake.usgs.gov/fdsnws/event/1/query?eventid=ci41340175&format=geojson"
"nc75443752","2026-09-28T10:41:19Z","2026-09-28T06:41:19-04:00","2026-09-28T10:42:55Z","1.0","0.29","11 km NW of The Geysers, CA","38.8443336486816","-122.848999023438","United States of America","4.1","4.05",,,,,"automatic","0","1","earthquake","M 0.3 - 11 km NW of The Geysers, CA","https://earthquake.usgs.gov/earthquakes/eventpage/nc75443752","https://earthquake.usgs.gov/fdsnws/event/1/query?eventid=nc75443752&format=geojson"
"nc75443742","2026-09-28T10:22:40Z","2026-09-28T06:22:40-04:00","2026-09-28T10:24:15Z","1.0","0.66","22 km NW of Parkfield, CA","36.0326652526855","-120.605499267578","United States of America","0.4","0.35",,,,,"automatic","0","7","earthquake","M 0.7 - 22 km NW of Parkfield, CA","https://earthquake.usgs.gov/earthquakes/eventpage/nc75443742","https://earthquake.usgs.gov/fdsnws/event/1/query?eventid=nc75443742&format=geojson"
"uu80158166","2026-09-28T10:15:34Z","2026-09-28T06:15:34-04:00","2026-09-28T16:34:05Z","1.2","1.16","13 km NE of Milford, Utah","38.4881666666667","-112.900333333333","United States of America","4.3","4.33",,,,,"reviewed","0","21","earthquake","M 1.2 - 13 km NE of Milford, Utah","https://earthquake.usgs.gov/earthquakes/eventpage/uu80158166","https://earthquake.usgs.gov/fdsnws/event/1/query?eventid=uu80158166&format=geojson"
"pr71534978","2026-09-28T10:13:38Z","2026-09-28T06:13:38-04:00","2026-09-28T10:46:47Z","2.9","2.86","41 km NNE of Luquillo, Puerto Rico","18.7321666666667","-65.604","Puerto Rico","24.1","24.11",,,,,"reviewed","0","126","earthquake","M 2.9 - 41 km NNE of Luquillo, Puerto Rico","https://earthquake.usgs.gov/earthquakes/eventpage/pr71534978","https://earthquake.usgs.gov/fdsnws/event/1/query?eventid=pr71534978&format=geojson"
"ok2026taca","2026-09-28T10:12:37Z","2026-09-28T06:12:37-04:00","2026-09-29T12:44:49Z","1.0","0.98","4 km NNW of Tatums, Oklahoma","34.52416667","-97.47333333","United States of America","4.4","4.43",,,,,"reviewed","0","15","earthquake","M 1.0 - 4 km NNW of Tatums, Oklahoma","https://earthquake.usgs.gov/earthquakes/eventpage/ok2026taca","https://earthquake.usgs.gov/fdsnws/event/1/query?eventid=ok2026taca&format=geojson"
"nc75443737","2026-09-28T10:11:39Z","2026-09-28T06:11:39-04:00","2026-09-28T10:13:15Z","1.0","0.75","7 km WNW of Cobb, CA","38.8354988098145","-122.806167602539","United States of America","2.1","2.06",,,,,"automatic","0","9","earthquake","M 0.8 - 7 km WNW of Cobb, CA","https://earthquake.usgs.gov/earthquakes/eventpage/nc75443737","https://earthquake.usgs.gov/fdsnws/event/1/query?eventid=nc75443737&format=geojson"
"nc75443732","2026-09-28T09:25:26Z","2026-09-28T05:25:26-04:00","2026-09-28T10:22:20Z","1.5","1.51","10 km NW of The Geysers, CA","38.8293342590332","-122.853332519531","United States of America","2.0","1.97",,,,,"automatic","0","35","earthquake","M 1.5 - 10 km NW of The Geysers, CA","https://earthquake.usgs.gov/earthquakes/eventpage/nc75443732","https://earthquake.usgs.gov/fdsnws/event/1/query?eventid=nc75443732&format=geojson"
"us6000ty43","2026-09-28T09:13:39Z","2026-09-28T05:13:39-04:00","2026-09-28T09:30:37Z","5.2","5.2","190 km WSW of Port McNeill, Canada","50.171","-129.6785","Canada","10.0","10",,,,,"reviewed","1","416","earthquake","M 5.2 - 190 km WSW of Port McNeill, Canada","https://earthquake.usgs.gov/earthquakes/eventpage/us6000ty43","https://earthquake.usgs.gov/fdsnws/event/1/query?eventid=us6000ty43&format=geojson"
"uw714110802","2026-09-28T09:07:45Z","2026-09-28T05:07:45-04:00","2026-09-28T21:21:11Z","1.0","0.83","24 km N of Trout Lake, Washington","46.2165","-121.510333333333","United States of America","-0.2","-0.16",,,,,"reviewed","0","11","earthquake","M 0.8 - 24 km N of Trout Lake, Washington","https://earthquake.usgs.gov/earthquakes/eventpage/uw714110802","https://earthquake.usgs.gov/fdsnws/event/1/query?eventid=uw714110802&format=geojson"
"nc75443727","2026-09-28T08:59:29Z","2026-09-28T04:59:29-04:00","2026-09-28T09:01:06Z","1.0","0.51","23 km NW of Parkfield, CA","36.0359992980957","-120.616500854492","United States of America","8.4","8.37",,,,,"automatic","0","4","earthquake","M 0.5 - 23 km NW of Parkfield, CA","https://earthquake.usgs.gov/earthquakes/eventpage/nc75443727","https://earthquake.usgs.gov/fdsnws/event/1/query?eventid=nc75443727&format=geojson"
"nc75443722","2026-09-28T08:53:59Z","2026-09-28T04:53:59-04:00","2026-09-28T09:57:21Z","1.4","1.43","8 km WSW of The Geysers, CA","38.748664855957","-122.836334228516","United States of America","5.2","5.17",,,,,"automatic","0","31","earthquake","M 1.4 - 8 km WSW of The Geysers, CA","https://earthquake.usgs.gov/earthquakes/eventpage/nc75443722","https://earthquake.usgs.gov/fdsnws/event/1/query?eventid=nc75443722&format=geojson"
"us6000ty40","2026-09-28T08:45:20Z","2026-09-28T04:45:20-04:00","2026-09-28T22:02:41Z","2.7","2.7","199 km W of Gold Beach, Oregon","42.2555","-126.8377","United States of America","10.0","10",,,,,"reviewed","0","112","earthquake","M 2.7 - 199 km W of Gold Beach, Oregon","https://earthquake.usgs.gov/earthquakes/eventpage/us6000ty40","https://earthquake.usgs.gov/fdsnws/event/1/query?eventid=us6000ty40&format=geojson"
"nc75443712","2026-09-28T08:41:33Z","2026-09-28T04:41:33-04:00","2026-09-28T08:43:10Z","1.0","0.87","8 km NW of The Geysers, CA","38.816333770752","-122.829666137695","United States of America","15.9","15.91",,,,,"automatic","0","12","earthquake","M 0.9 - 8 km NW of The Geysers, CA","https://earthquake.usgs.gov/earthquakes/eventpage/nc75443712","https://earthquake.usgs.gov/fdsnws/event/1/query?eventid=nc75443712&format=geojson"
"ok2026szyp","2026-09-28T08:28:15Z","2026-09-28T04:28:15-04:00","2026-09-29T12:41:31Z","1.4","1.36","4 km N of Tatums, Oklahoma","34.52416667","-97.46083333","United States of America","2.7","2.65",,,,,"reviewed","0","28","earthquake","M 1.4 - 4 km N of Tatums, Oklahoma","https://earthquake.usgs.gov/earthquakes/eventpage/ok2026szyp","https://earthquake.usgs.gov/fdsnws/event/1/query?eventid=ok2026szyp&format=geojson"
"ci41340167","2026-09-28T08:25:36Z","2026-09-28T04:25:36-04:00","2026-09-28T22:17:05Z","1.1","1.11","26 km SW of Maricopa, CA","34.9083333333333","-119.613666666667","United States of America","10.9","10.86",,,,,"reviewed","0","19","earthquake","M 1.1 - 26 km SW of Maricopa, CA","https://earthquake.usgs.gov/earthquakes/eventpage/ci41340167","https://earthquake.usgs.gov/fdsnws/event/1/query?eventid=ci41340167&format=geojson"
"ci41340159","2026-09-28T08:17:34Z","2026-09-28T04:17:34-04:00","2026-09-28T13:30:21Z","1.0","0.76","12 km N of Banning, CA","34.033","-116.853166666667","United States of America","12.3","12.29",,,,,"reviewed","0","9","earthquake","M 0.8 - 12 km N of Banning, CA","https://earthquake.usgs.gov/earthquakes/eventpage/ci41340159","https://earthquake.usgs.gov/fdsnws/event/1/query?eventid=ci41340159&format=geojson"
"nc75443697","2026-09-28T07:57:21Z","2026-09-28T03:57:21-04:00","2026-09-28T08:32:22Z","1.3","1.27","10 km WNW of The Geysers, CA","38.8286666870117","-122.855834960938","United States of America","2.6","2.6",,,,,"automatic","0","25","earthquake","M 1.3 - 10 km WNW of The Geysers, CA","https://earthquake.usgs.gov/earthquakes/eventpage/nc75443697","https://earthquake.usgs.gov/fdsnws/event/1/query?eventid=nc75443697&format=geojson"
"pr71534953","2026-09-28T07:37:43Z","2026-09-28T03:37:43-04:00","2026-09-28T08:05:13Z","2.2","2.18","2 km SW of Fuig, Puerto Rico","17.9751666666667","-66.9326666666667","Puerto Rico","7.0","7.03",,,,,"reviewed","0","73","earthquake","M 2.2 - 2 km SW of Fuig, Puerto Rico","https://earthquake.usgs.gov/earthquakes/eventpage/pr71534953","https://earthquake.usgs.gov/fdsnws/event/1/query?eventid=pr71534953&format=geojson"
"pr71534948","2026-09-28T07:35:09Z","2026-09-28T03:35:09-04:00","2026-09-28T08:12:09Z","3.4","3.37","23 km SSE of Boca de Yuma, Dominican Republic","18.185","-68.5103333333333","Dominican Republic","86.5","86.48",,,,,"reviewed","0","175","earthquake","M 3.4 - 23 km SSE of Boca de Yuma, Dominican Republic","https://earthquake.usgs.gov/earthquakes/eventpage/pr71534948","https://earthquake.usgs.gov/fdsnws/event/1/query?eventid=pr71534948&format=geojson"
"us6000ty3k","2026-09-28T07:21:55Z","2026-09-28T03:21:55-04:00","2026-09-29T07:22:46Z","4.4","4.4","20 km SW of El Colomo, Mexico","18.9102","-104.3766","Mexico","51.8","51.814","1","3.1",,,"reviewed","0","298","earthquake","M 4.4 - 20 km SW of El Colomo, Mexico","https://earthquake.usgs.gov/earthquakes/eventpage/us6000ty3k","https://earthquake.usgs.gov/fdsnws/event/1/query?eventid=us6000ty3k&format=geojson"
"ci41340151","2026-09-28T07:10:17Z","2026-09-28T03:10:17-04:00","2026-09-28T13:30:25Z","1.0","0.64","17 km SW of La Quinta, CA","33.5466666666667","-116.435166666667","United States of America","2.4","2.35",,,,,"reviewed","0","6","earthquake","M 0.6 - 17 km SW of La Quinta, CA","https://earthquake.usgs.gov/earthquakes/eventpage/ci41340151","https://earthquake.usgs.gov/fdsnws/event/1/query?eventid=ci41340151&format=geojson"
"nc75443687","2026-09-28T06:48:47Z","2026-09-28T02:48:47-04:00","2026-09-28T06:50:25Z","1.0","1","8 km NW of The Geysers, CA","38.8313331604004","-122.816497802734","United States of America","1.7","1.68",,,,,"automatic","0","15","earthquake","M 1.0 - 8 km NW of The Geysers, CA","https://earthquake.usgs.gov/earthquakes/eventpage/nc75443687","https://earthquake.usgs.gov/fdsnws/event/1/query?eventid=nc75443687&format=geojson"
"nc75443682","2026-09-28T06:30:21Z","2026-09-28T02:30:21-04:00","2026-09-28T06:32:00Z","1.0","0.8","2 km NNW of The Geysers, CA","38.7971649169922","-122.764663696289","United States of America","2.4","2.42",,,,,"automatic","0","10","earthquake","M 0.8 - 2 km NNW of The Geysers, CA","https://earthquake.usgs.gov/earthquakes/eventpage/nc75443682","https://earthquake.usgs.gov/fdsnws/event/1/query?eventid=nc75443682&format=geojson"
"nc75443677","2026-09-28T06:13:05Z","2026-09-28T02:13:05-04:00","2026-09-28T06:14:39Z","1.0","0.81","3 km NNW of The Geysers, CA","38.798999786377","-122.764167785645","United States of America","2.0","1.98",,,,,"automatic","0","10","earthquake","M 0.8 - 3 km NNW of The Geysers, CA","https://earthquake.usgs.gov/earthquakes/eventpage/nc75443677","https://earthquake.usgs.gov/fdsnws/event/1/query?eventid=nc75443677&format=geojson"
"uw714110772","2026-09-28T06:06:28Z","2026-09-28T02:06:28-04:00","2026-09-28T21:15:08Z","1.0","0.84","23 km N of Trout Lake, Washington","46.2123333333333","-121.515833333333","United States of America","-1.3","-1.27",,,,,"reviewed","0","11","earthquake","M 0.8 - 23 km N of Trout Lake, Washington","https://earthquake.usgs.gov/earthquakes/eventpage/uw714110772","https://earthquake.usgs.gov/fdsnws/event/1/query?eventid=uw714110772&format=geojson"
"uw714005273","2026-09-28T05:57:40Z","2026-09-28T01:57:40-04:00","2026-09-28T21:05:39Z","1.0","0.93","23 km N of Trout Lake, Washington","46.2076666666667","-121.519666666667","United States of America","0.1","0.1",,,,,"reviewed","0","13","earthquake","M 0.9 - 23 km N of Trout Lake, Washington","https://earthquake.usgs.gov/earthquakes/eventpage/uw714005273","https://earthquake.usgs.gov/fdsnws/event/1/query?eventid=uw714005273&format=geojson"
"nn00924977","2026-09-28T05:53:11Z","2026-09-28T01:53:11-04:00","2026-09-29T05:52:51Z","3.3","3.3","20 km W of Preston, Nevada","38.896","-115.2938","United States of America","0.0","0",,,,,"reviewed","0","168","earthquake","M 3.3 - 20 km W of Preston, Nevada","https://earthquake.usgs.gov/earthquakes/eventpage/nn00924977","https://earthquake.usgs.gov/fdsnws/event/1/query?eventid=nn00924977&format=geojson"
"ci41340143","2026-09-28T05:49:39Z","2026-09-28T01:49:39-04:00","2026-09-28T13:30:38Z","1.0","0.95","5 km E of Calimesa, CA","33.9941666666667","-117.004666666667","United States of America","14.3","14.29",,,,,"reviewed","0","14","earthquake","M 1.0 - 5 km E of Calimesa, CA","https://earthquake.usgs.gov/earthquakes/eventpage/ci41340143","https://earthquake.usgs.gov/fdsnws/event/1/query?eventid=ci41340143&format=geojson"
"ci41340135","2026-09-28T05:48:56Z","2026-09-28T01:48:56-04:00","2026-09-28T13:31:26Z","1.0","0.82","4 km E of Calimesa, CA","33.9955","-117.006666666667","United States of America","14.7","14.71",,,,,"reviewed","0","10","earthquake","M 0.8 - 4 km E of Calimesa, CA","https://earthquake.usgs.gov/earthquakes/eventpage/ci41340135","https://earthquake.usgs.gov/fdsnws/event/1/query?eventid=ci41340135&format=geojson"
"nc75443662","2026-09-28T05:48:55Z","2026-09-28T01:48:55-04:00","2026-09-28T07:07:22Z","1.5","1.52","1 km NW of The Geysers, CA","38.7876663208008","-122.767333984375","United States of America","1.9","1.87",,,,,"automatic","0","36","earthquake","M 1.5 - 1 km NW of The Geysers, CA","https://earthquake.usgs.gov/earthquakes/eventpage/nc75443662","https://earthquake.usgs.gov/fdsnws/event/1/query?eventid=nc75443662&format=geojson"
"nc75443652","2026-09-28T05:14:42Z","2026-09-28T01:14:42-04:00","2026-09-28T06:42:23Z","1.6","1.62","22 km SW of New Idria, CA","36.2713317871094","-120.837333679199","United States of America","6.7","6.66",,,,,"automatic","0","40","earthquake","M 1.6 - 22 km SW of New Idria, CA","https://earthquake.usgs.gov/earthquakes/eventpage/nc75443652","https://earthquake.usgs.gov/fdsnws/event/1/query?eventid=nc75443652&format=geojson"
"nc75443647","2026-09-28T05:06:49Z","2026-09-28T01:06:49-04:00","2026-09-28T05:08:25Z","1.0","0.31","8 km NW of The Geysers, CA","38.8325004577637","-122.817001342773","United States of America","1.4","1.43",,,,,"automatic","0","1","earthquake","M 0.3 - 8 km NW of The Geysers, CA","https://earthquake.usgs.gov/earthquakes/eventpage/nc75443647","https://earthquake.usgs.gov/fdsnws/event/1/query?eventid=nc75443647&format=geojson"
"nc75443637","2026-09-28T04:49:44Z","2026-09-28T00:49:44-04:00","2026-09-28T06:17:28Z","1.4","1.35","26 km WSW of Westley, CA","37.4188346862793","-121.451667785645","United States of America","4.1","4.12",,,,,"automatic","0","28","earthquake","M 1.4 - 26 km WSW of Westley, CA","https://earthquake.usgs.gov/earthquakes/eventpage/nc75443637","https://earthquake.usgs.gov/fdsnws/event/1/query?eventid=nc75443637&format=geojson"
"nc75443632","2026-09-28T04:49:04Z","2026-09-28T00:49:04-04:00","2026-09-28T07:23:37Z","2.1","2.08","12 km NNE of Alum Rock, CA","37.4618339538574","-121.775329589844","United States of America","5.6","5.56","1","2.2",,,"automatic","0","67","earthquake","M 2.1 - 12 km NNE of Alum Rock, CA","https://earthquake.usgs.gov/earthquakes/eventpage/nc75443632","https://earthquake.usgs.gov/fdsnws/event/1/query?eventid=nc75443632&format=geojson"
"tx2026tbzqex","2026-09-28T04:48:27Z","2026-09-28T00:48:27-04:00","2026-09-28T07:38:09Z","1.8","1.8","58 km S of Whites City, New Mexico","31.653","-104.443","United States of America","6.1","6.0999",,,,,"reviewed","0","50","earthquake","M 1.8 - 58 km S of Whites City, New Mexico","https://earthquake.usgs.gov/earthquakes/eventpage/tx2026tbzqex","https://earthquake.usgs.gov/fdsnws/event/1/query?eventid=tx2026tbzqex&format=geojson"
"tx2026tbzomd","2026-09-28T04:46:27Z","2026-09-28T00:46:27-04:00","2026-09-28T08:53:23Z","1.7","1.7","24 km SW of Garden City, Texas","31.729","-101.686","United States of America","8.5","8.5205",,,,,"reviewed","0","44","earthquake","M 1.7 - 24 km SW of Garden City, Texas","https://earthquake.usgs.gov/earthquakes/eventpage/tx2026tbzomd","https://earthquake.usgs.gov/fdsnws/event/1/query?eventid=tx2026tbzomd&format=geojson"
"us6000ty2u","2026-09-28T04:41:21Z","2026-09-28T00:41:21-04:00","2026-09-29T18:32:05Z","5.4","5.4","231 km WSW of Port McNeill, Canada","50.0527","-130.2208","Canada","10.0","10","3","1","0","green","reviewed","1","449","earthquake","M 5.4 - 231 km WSW of Port McNeill, Canada","https://earthquake.usgs.gov/earthquakes/eventpage/us6000ty2u","https://earthquake.usgs.gov/fdsnws/event/1/query?eventid=us6000ty2u&format=geojson"
"uw714110752","2026-09-28T04:38:57Z","2026-09-28T00:38:57-04:00","2026-09-28T21:00:06Z","1.0","0.91","23 km N of Trout Lake, Washington","46.2116666666667","-121.5165","United States of America","-1.1","-1.1",,,,,"reviewed","0","13","earthquake","M 0.9 - 23 km N of Trout Lake, Washington","https://earthquake.usgs.gov/earthquakes/eventpage/uw714110752","https://earthquake.usgs.gov/fdsnws/event/1/query?eventid=uw714110752&format=geojson"
"tx2026tbzbmy","2026-09-28T04:32:21Z","2026-09-28T00:32:21-04:00","2026-10-02T09:09:39Z","1.0","0.4","26 km SW of Garden City, Texas","31.717","-101.706","United States of America","4.7","4.6631",,,,,"reviewed","0","2","earthquake","M 0.4 - 26 km SW of Garden City, Texas","https://earthquake.usgs.gov/earthquakes/eventpage/tx2026tbzbmy","https://earthquake.usgs.gov/fdsnws/event/1/query?eventid=tx2026tbzbmy&format=geojson"
"nc75443622","2026-09-28T04:31:50Z","2026-09-28T00:31:50-04:00","2026-09-28T05:32:24Z","1.8","1.84","10 km ESE of Cloverdale, CA","38.7869987487793","-122.905830383301","United States of America","6.1","6.13",,,,,"automatic","0","52","earthquake","M 1.8 - 10 km ESE of Cloverdale, CA","https://earthquake.usgs.gov/earthquakes/eventpage/nc75443622","https://earthquake.usgs.gov/fdsnws/event/1/query?eventid=nc75443622&format=geojson"
"nc75443617","2026-09-28T04:30:56Z","2026-09-28T00:30:56-04:00","2026-09-28T05:07:21Z","1.2","1.23","10 km ESE of Cloverdale, CA","38.7881660461426","-122.908836364746","United States of America","5.2","5.15",,,,,"automatic","0","23","earthquake","M 1.2 - 10 km ESE of Cloverdale, CA","https://earthquake.usgs.gov/earthquakes/eventpage/nc75443617","https://earthquake.usgs.gov/fdsnws/event/1/query?eventid=nc75443617&format=geojson"
"ci41340127","2026-09-28T04:24:52Z","2026-09-28T00:24:52-04:00","2026-09-28T13:30:55Z","1.0","0.23","9 km WNW of Anza, CA","33.5828333333333","-116.759166666667","United States of America","12.5","12.5",,,,,"reviewed","0","1","earthquake","M 0.2 - 9 km WNW of Anza, CA","https://earthquake.usgs.gov/earthquakes/eventpage/ci41340127","https://earthquake.usgs.gov/fdsnws/event/1/query?eventid=ci41340127&format=geojson"
"pr71534903","2026-09-28T03:55:31Z","2026-09-27T23:55:31-04:00","2026-09-28T04:24:53Z","2.6","2.59","3 km SE of Galateo, Puerto Rico","18.3465","-66.2358333333333","Puerto Rico","66.5","66.53",,,,,"reviewed","0","103","earthquake","M 2.6 - 3 km SE of Galateo, Puerto Rico","https://earthquake.usgs.gov/earthquakes/eventpage/pr71534903","https://earthquake.usgs.gov/fdsnws/event/1/query?eventid=pr71534903&format=geojson"
"nc75443602","2026-09-28T03:52:27Z","2026-09-27T23:52:27-04:00","2026-09-28T03:54:04Z","1.0","0.75","7 km NW of The Geysers, CA","38.816333770752","-122.820335388184","United States of America","2.1","2.12",,,,,"automatic","0","9","earthquake","M 0.8 - 7 km NW of The Geysers, CA","https://earthquake.usgs.gov/earthquakes/eventpage/nc75443602","https://earthquake.usgs.gov/fdsnws/event/1/query?eventid=nc75443602&format=geojson"
"nc75443592","2026-09-28T03:49:44Z","2026-09-27T23:49:44-04:00","2026-09-28T03:51:19Z","1.0","0.71","6 km NW of The Geysers, CA","38.8178329467773","-122.802001953125","United States of America","2.5","2.53",,,,,"automatic","0","8","earthquake","M 0.7 - 6 km NW of The Geysers, CA","https://earthquake.usgs.gov/earthquakes/eventpage/nc75443592","https://earthquake.usgs.gov/fdsnws/event/1/query?eventid=nc75443592&format=geojson"
"ci41340111","2026-09-28T03:45:37Z","2026-09-27T23:45:37-04:00","2026-09-28T14:54:19Z","1.6","1.61","9 km WNW of Holtville, CA","32.8293333333333","-115.474","United States of America","8.6","8.61",,,,,"reviewed","0","40","earthquake","M 1.6 - 9 km WNW of Holtville, CA","https://earthquake.usgs.gov/earthquakes/eventpage/ci41340111","https://earthquake.usgs.gov/fdsnws/event/1/query?eventid=ci41340111&format=geojson"
"tx2026tbxlim","2026-09-28T03:42:24Z","2026-09-27T23:42:24-04:00","2026-10-01T11:43:27Z","1.3","1.3","17 km ESE of Pearsall, Texas","28.823","-98.934","United States of America","3.2","3.2252",,,,,"reviewed","0","26","earthquake","M 1.3 - 17 km ESE of Pearsall, Texas","https://earthquake.usgs.gov/earthquakes/eventpage/tx2026tbxlim","https://earthquake.usgs.gov/fdsnws/event/1/query?eventid=tx2026tbxlim&format=geojson"
"ci41340103","2026-09-28T03:24:27Z","2026-09-27T23:24:27-04:00","2026-09-28T13:33:58Z","1.1","1.14","11 km SSW of Idyllwild, CA","33.6486666666667","-116.7625","United States of America","14.2","14.24",,,,,"reviewed","0","20","earthquake","M 1.1 - 11 km SSW of Idyllwild, CA","https://earthquake.usgs.gov/earthquakes/eventpage/ci41340103","https://earthquake.usgs.gov/fdsnws/event/1/query?eventid=ci41340103&format=geojson"
"pr71534893","2026-09-28T03:22:43Z","2026-09-27T23:22:43-04:00","2026-09-28T03:33:37Z","1.7","1.7","4 km SW of Guánica, Puerto Rico","17.9396666666667","-66.9353333333333","Puerto Rico","6.8","6.8",,,,,"reviewed","0","44","earthquake","M 1.7 - 4 km SW of Guánica, Puerto Rico","https://earthquake.usgs.gov/earthquakes/eventpage/pr71534893","https://earthquake.usgs.gov/fdsnws/event/1/query?eventid=pr71534893&format=geojson"
"ci41340095","2026-09-28T03:22:16Z","2026-09-27T23:22:16-04:00","2026-09-28T19:20:50Z","1.2","1.2","17 km N of Borrego Springs, CA","33.4063333333333","-116.361166666667","United States of America","11.3","11.3",,,,,"reviewed","0","22","earthquake","M 1.2 - 17 km N of Borrego Springs, CA","https://earthquake.usgs.gov/earthquakes/eventpage/ci41340095","https://earthquake.usgs.gov/fdsnws/event/1/query?eventid=ci41340095&format=geojson"
"tx2026tbwpir","2026-09-28T03:16:55Z","2026-09-27T23:16:55-04:00","2026-10-02T09:05:38Z","1.0","0.3","18 km NE of Gardendale, Texas","32.129","-102.226","United States of America","6.7","6.665",,,,,"reviewed","0","1","earthquake","M 0.3 - 18 km NE of Gardendale, Texas","https://earthquake.usgs.gov/earthquakes/eventpage/tx2026tbwpir","https://earthquake.usgs.gov/fdsnws/event/1/query?eventid=tx2026tbwpir&format=geojson"
"ci41340087","2026-09-28T03:00:18Z","2026-09-27T23:00:18-04:00","2026-09-28T21:42:31Z","1.1","1.07","14 km W of Searles Valley, CA","35.7685","-117.554833333333","United States of America","13.2","13.19",,,,,"reviewed","0","18","earthquake","M 1.1 - 14 km W of Searles Valley, CA","https://earthquake.usgs.gov/earthquakes/eventpage/ci41340087","https://earthquake.usgs.gov/fdsnws/event/1/query?eventid=ci41340087&format=geojson"
"mb90209358","2026-09-28T02:54:16Z","2026-09-27T22:54:16-04:00","2026-09-28T13:48:49Z","1.6","1.58","11 km ESE of Lincoln, Montana","46.914","-112.536333333333","United States of America","11.7","11.71",,,,,"reviewed","0","38","earthquake","M 1.6 - 11 km ESE of Lincoln, Montana","https://earthquake.usgs.gov/earthquakes/eventpage/mb90209358","https://earthquake.usgs.gov/fdsnws/event/1/query?eventid=mb90209358&format=geojson"
"us6000ty27","2026-09-28T02:53:43Z","2026-09-27T22:53:43-04:00","2026-09-28T03:52:40Z","4.9","4.9","195 km WSW of Port McNeill, Canada","50.2372","-129.7765","Canada","10.0","10",,,,,"reviewed","0","369","earthquake","M 4.9 - 195 km WSW of Port McNeill, Canada","https://earthquake.usgs.gov/earthquakes/eventpage/us6000ty27","https://earthquake.usgs.gov/fdsnws/event/1/query?eventid=us6000ty27&format=geojson"
"ci41340079","2026-09-28T02:45:25Z","2026-09-27T22:45:25-04:00","2026-09-28T19:30:26Z","1.0","0.93","9 km WNW of Anza, CA","33.5773333333333","-116.763166666667","United States of America","12.8","12.79",,,,,"reviewed","0","13","earthquake","M 0.9 - 9 km WNW of Anza, CA","https://earthquake.usgs.gov/earthquakes/eventpage/ci41340079","https://earthquake.usgs.gov/fdsnws/event/1/query?eventid=ci41340079&format=geojson"
"ci41340071","2026-09-28T02:42:40Z","2026-09-27T22:42:40-04:00","2026-09-28T13:35:39Z","1.7","1.71","9 km WNW of Anza, CA","33.574","-116.766166666667","United States of America","12.1","12.05",,,,,"reviewed","0","45","earthquake","M 1.7 - 9 km WNW of Anza, CA","https://earthquake.usgs.gov/earthquakes/eventpage/ci41340071","https://earthquake.usgs.gov/fdsnws/event/1/query?eventid=ci41340071&format=geojson"
"uw714110722","2026-09-28T02:36:56Z","2026-09-27T22:36:56-04:00","2026-09-28T21:55:28Z","1.0","0.66","20 km ESE of Castle Rock, Washington","46.2381666666667","-122.642333333333","United States of America","17.7","17.72",,,,,"reviewed","0","7","earthquake","M 0.7 - 20 km ESE of Castle Rock, Washington","https://earthquake.usgs.gov/earthquakes/eventpage/uw714110722","https://earthquake.usgs.gov/fdsnws/event/1/query?eventid=uw714110722&format=geojson"
"tx2026tbuxoo","2026-09-28T02:26:05Z","2026-09-27T22:26:05-04:00","2026-10-01T13:23:07Z","1.4","1.4","16 km ESE of Pearsall, Texas","28.83","-98.936","United States of America","7.0","7.01",,,,,"reviewed","0","30","earthquake","M 1.4 - 16 km ESE of Pearsall, Texas","https://earthquake.usgs.gov/earthquakes/eventpage/tx2026tbuxoo","https://earthquake.usgs.gov/fdsnws/event/1/query?eventid=tx2026tbuxoo&format=geojson"
"tx2026tbtncl","2026-09-28T01:44:16Z","2026-09-27T21:44:16-04:00","2026-09-28T10:14:58Z","1.4","1.4","37 km SSW of Los Ybanez, Texas","32.429","-102.117","United States of America","8.4","8.4229",,,,,"reviewed","0","30","earthquake","M 1.4 - 37 km SSW of Los Ybanez, Texas","https://earthquake.usgs.gov/earthquakes/eventpage/tx2026tbtncl","https://earthquake.usgs.gov/fdsnws/event/1/query?eventid=tx2026tbtncl&format=geojson"
"tx2026tbtkop","2026-09-28T01:42:04Z","2026-09-27T21:42:04-04:00","2026-10-01T11:53:48Z","1.5","1.5","53 km W of Mentone, Texas","31.702","-104.166","United States of America","7.9","7.8943",,,,,"reviewed","0","35","earthquake","M 1.5 - 53 km W of Mentone, Texas","https://earthquake.usgs.gov/earthquakes/eventpage/tx2026tbtkop","https://earthquake.usgs.gov/fdsnws/event/1/query?eventid=tx2026tbtkop&format=geojson"
"tx2026tbthps","2026-09-28T01:37:26Z","2026-09-27T21:37:26-04:00","2026-10-02T08:59:09Z","1.0","0.6","3 km NW of Stanton, Texas","32.151","-101.817","United States of America","8.6","8.5693",,,,,"reviewed","0","6","earthquake","M 0.6 - 3 km NW of Stanton, Texas","https://earthquake.usgs.gov/earthquakes/eventpage/tx2026tbthps","https://earthquake.usgs.gov/fdsnws/event/1/query?eventid=tx2026tbthps&format=geojson"
"tx2026tbsorg","2026-09-28T01:15:29Z","2026-09-27T21:15:29-04:00","2026-09-28T07:05:44Z","2.5","2.5","52 km SSW of Whites City, New Mexico","31.717","-104.505","United States of America","5.8","5.7922",,,,,"reviewed","0","96","earthquake","M 2.5 - 52 km SSW of Whites City, New Mexico","https://earthquake.usgs.gov/earthquakes/eventpage/tx2026tbsorg","https://earthquake.usgs.gov/fdsnws/event/1/query?eventid=tx2026tbsorg&format=geojson"
"pr71534883","2026-09-28T01:05:11Z","2026-09-27T21:05:11-04:00","2026-09-28T06:46:44Z","3.4","3.43","19 km SE of La Romana, Dominican Republic","18.3016666666667","-68.8423333333333","Dominican Republic","156.6","156.59","1","2",,,"reviewed","0","181","earthquake","M 3.4 - 19 km SE of La Romana, Dominican Republic","https://earthquake.usgs.gov/earthquakes/eventpage/pr71534883","https://earthquake.usgs.gov/fdsnws/event/1/query?eventid=pr71534883&format=geojson"
"ci41340055","2026-09-28T00:47:47Z","2026-09-27T20:47:47-04:00","2026-09-28T13:34:47Z","1.0","0.8","4 km NNW of Big Bear City, CA","34.2938333333333","-116.859833333333","United States of America","4.3","4.28",,,,,"reviewed","0","10","earthquake","M 0.8 - 4 km NNW of Big Bear City, CA","https://earthquake.usgs.gov/earthquakes/eventpage/ci41340055","https://earthquake.usgs.gov/fdsnws/event/1/query?eventid=ci41340055&format=geojson"
"uw714110702","2026-09-28T00:42:04Z","2026-09-27T20:42:04-04:00","2026-09-28T21:51:14Z","1.4","1.37","13 km N of Amboy, Washington","46.0353333333333","-122.434","United States of America","15.8","15.84",,,,,"reviewed","0","29","earthquake","M 1.4 - 13 km N of Amboy, Washington","https://earthquake.usgs.gov/earthquakes/eventpage/uw714110702","https://earthquake.usgs.gov/fdsnws/event/1/query?eventid=uw714110702&format=geojson"
"nc75443562","2026-09-28T00:15:24Z","2026-09-27T20:15:24-04:00","2026-09-28T00:16:59Z","1.0","0.75","4 km NW of The Geysers, CA","38.803165435791","-122.78133392334","United States of America","3.6","3.61",,,,,"automatic","0","9","earthquake","M 0.8 - 4 km NW of The Geysers, CA","https://earthquake.usgs.gov/earthquakes/eventpage/nc75443562","https://earthquake.usgs.gov/fdsnws/event/1/query?eventid=nc75443562&format=geojson"
"uw714110692","2026-09-28T00:12:09Z","2026-09-27T20:12:09-04:00","2026-10-01T20:44:15Z","2.6","2.56","23 km N of Trout Lake, Washington","46.2126666666667","-121.518666666667","United States of America","-1.1","-1.07","2","2.2",,,"reviewed","0","101","earthquake","M 2.6 - 23 km N of Trout Lake, Washington","https://earthquake.usgs.gov/earthquakes/eventpage/uw714110692","https://earthquake.usgs.gov/fdsnws/event/1/query?eventid=uw714110692&format=geojson"
"tx2026tbqgoz","2026-09-28T00:05:51Z","2026-09-27T20:05:51-04:00","2026-09-28T09:39:37Z","1.6","1.6","36 km WSW of Mentone, Texas","31.619","-103.976","United States of America","7.2","7.1765",,,,,"reviewed","0","39","earthquake","M 1.6 - 36 km WSW of Mentone, Texas","https://earthquake.usgs.gov/earthquakes/eventpage/tx2026tbqgoz","https://earthquake.usgs.gov/fdsnws/event/1/query?eventid=tx2026tbqgoz&format=geojson"
"uw714110682","2026-09-28T00:05:15Z","2026-09-27T20:05:15-04:00","2026-09-28T20:58:32Z","1.1","1.08","23 km N of Trout Lake, Washington","46.211","-121.516666666667","United States of America","0.2","0.18",,,,,"reviewed","0","18","earthquake","M 1.1 - 23 km N of Trout Lake, Washington","https://earthquake.usgs.gov/earthquakes/eventpage/uw714110682","https://earthquake.usgs.gov/fdsnws/event/1/query?eventid=uw714110682&format=geojson"
"ci41340047","2026-09-27T23:52:37Z","2026-09-27T19:52:37-04:00","2026-09-28T13:35:02Z","1.0","0.77","4 km SW of Anza, CA","33.5351666666667","-116.706666666667","United States of America","5.5","5.51",,,,,"reviewed","0","9","earthquake","M 0.8 - 4 km SW of Anza, CA","https://earthquake.usgs.gov/earthquakes/eventpage/ci41340047","https://earthquake.usgs.gov/fdsnws/event/1/query?eventid=ci41340047&format=geojson"
"tx2026tbppja","2026-09-27T23:45:52Z","2026-09-27T19:45:52-04:00","2026-10-01T20:47:23Z","2.5","2.5","59 km NW of Toyah, Texas","31.617","-104.312","United States of America","8.5","8.4583",,,,,"reviewed","0","96","earthquake","M 2.5 - 59 km NW of Toyah, Texas","https://earthquake.usgs.gov/earthquakes/eventpage/tx2026tbppja","https://earthquake.usgs.gov/fdsnws/event/1/query?eventid=tx2026tbppja&format=geojson"
"ci41340039","2026-09-27T23:43:28Z","2026-09-27T19:43:28-04:00","2026-09-28T13:35:06Z","1.0","0.76","2 km E of Loma Linda, CA","34.0471666666667","-117.243","United States of America","15.7","15.73",,,,,"reviewed","0","9","earthquake","M 0.8 - 2 km E of Loma Linda, CA","https://earthquake.usgs.gov/earthquakes/eventpage/ci41340039","https://earthquake.usgs.gov/fdsnws/event/1/query?eventid=ci41340039&format=geojson"
"uw714110662","2026-09-27T23:30:01Z","2026-09-27T19:30:01-04:00","2026-09-28T20:58:01Z","1.4","1.36","24 km N of Trout Lake, Washington","46.2193333333333","-121.518166666667","United States of America","-1.3","-1.27",,,,,"reviewed","0","28","earthquake","M 1.4 - 24 km N of Trout Lake, Washington","https://earthquake.usgs.gov/earthquakes/eventpage/uw714110662","https://earthquake.usgs.gov/fdsnws/event/1/query?eventid=uw714110662&format=geojson"
"ci41340031","2026-09-27T23:19:11Z","2026-09-27T19:19:11-04:00","2026-09-28T18:52:21Z","1.7","1.65","6 km NW of Boron, CA","35.0336666666667","-117.694666666667","United States of America","-0.8","-0.82",,,,,"reviewed","0","42","quarry blast","M 1.7 Quarry Blast - 6 km NW of Boron, CA","https://earthquake.usgs.gov/earthquakes/eventpage/ci41340031","https://earthquake.usgs.gov/fdsnws/event/1/query?eventid=ci41340031&format=geojson"
"ci41340023","2026-09-27T23:12:22Z","2026-09-27T19:12:22-04:00","2026-09-28T13:35:18Z","1.0","0.5","3 km WSW of Anza, CA","33.5385","-116.705666666667","United States of America","5.9","5.91",,,,,"reviewed","0","4","earthquake","M 0.5 - 3 km WSW of Anza, CA","https://earthquake.usgs.gov/earthquakes/eventpage/ci41340023","https://earthquake.usgs.gov/fdsnws/event/1/query?eventid=ci41340023&format=geojson"
"nc75443512","2026-09-27T23:06:03Z","2026-09-27T19:06:03-04:00","2026-09-27T23:37:21Z","1.1","1.12","2 km NNW of The Geysers, CA","38.7988319396973","-122.762832641602","United States of America","-0.3","-0.26",,,,,"automatic","0","19","earthquake","M 1.1 - 2 km NNW of The Geysers, CA","https://earthquake.usgs.gov/earthquakes/eventpage/nc75443512","https://earthquake.usgs.gov/fdsnws/event/1/query?eventid=nc75443512&format=geojson"
"nc75443507","2026-09-27T23:02:56Z","2026-09-27T19:02:56-04:00","2026-09-28T01:42:25Z","2.2","2.16","15 km N of Brooktrails, CA","39.5761680603027","-123.374000549316","United States of America","6.9","6.88",,,,,"automatic","0","72","earthquake","M 2.2 - 15 km N of Brooktrails, CA","https://earthquake.usgs.gov/earthquakes/eventpage/nc75443507","https://earthquake.usgs.gov/fdsnws/event/1/query?eventid=nc75443507&format=geojson"
"ci41340015","2026-09-27T22:42:18Z","2026-09-27T18:42:18-04:00","2026-09-28T23:12:20Z","1.0","0.66","7 km WSW of Big Bear Lake, CA","34.215","-116.975166666667","United States of America","1.7","1.65",,,,,"reviewed","0","7","earthquake","M 0.7 - 7 km WSW of Big Bear Lake, CA","https://earthquake.usgs.gov/earthquakes/eventpage/ci41340015","https://earthquake.usgs.gov/fdsnws/event/1/query?eventid=ci41340015&format=geojson"
"nc75443452","2026-09-27T22:10:29Z","2026-09-27T18:10:29-04:00","2026-09-28T00:07:23Z","2.2","2.22","5 km SW of Yountville, CA","38.3683319091797","-122.406997680664","United States of America","7.5","7.53","3","2.2",,,"automatic","0","76","earthquake","M 2.2 - 5 km SW of Yountville, CA","https://earthquake.usgs.gov/earthquakes/eventpage/nc75443452","https://earthquake.usgs.gov/fdsnws/event/1/query?eventid=nc75443452&format=geojson"
"us6000ty0q","2026-09-27T21:49:48Z","2026-09-27T17:49:48-04:00","2026-09-28T14:03:38Z","4.8","4.8","2 km W of Guaymate, Dominican Republic","18.5869","-68.9986","Dominican Republic","119.2","119.235","216","3.8",,,"reviewed","0","437","earthquake","M 4.8 - 2 km W of Guaymate, Dominican Republic","https://earthquake.usgs.gov/earthquakes/eventpage/us6000ty0q","https://earthquake.usgs.gov/fdsnws/event/1/query?eventid=us6000ty0q&format=geojson"
"nc75443422","2026-09-27T21:44:17Z","2026-09-27T17:44:17-04:00","2026-09-27T21:45:54Z","1.0","0.76","9 km NW of The Geysers, CA","38.8250007629395","-122.84366607666","United States of America","2.0","1.96",,,,,"automatic","0","9","earthquake","M 0.8 - 9 km NW of The Geysers, CA","https://earthquake.usgs.gov/earthquakes/eventpage/nc75443422","https://earthquake.usgs.gov/fdsnws/event/1/query?eventid=nc75443422&format=geojson"
"nc75443407","2026-09-27T21:40:16Z","2026-09-27T17:40:16-04:00","2026-09-27T21:41:53Z","1.0","0.35","2 km WNW of The Geysers, CA","38.7853317260742","-122.775833129883","United States of America","3.1","3.09",,,,,"automatic","0","2","earthquake","M 0.4 - 2 km WNW of The Geysers, CA","https://earthquake.usgs.gov/earthquakes/eventpage/nc75443407","https://earthquake.usgs.gov/fdsnws/event/1/query?eventid=nc75443407&format=geojson"
"ci41340007","2026-09-27T21:40:01Z","2026-09-27T17:40:01-04:00","2026-09-28T13:35:49Z","1.1","1.11","7 km NE of Banning, CA","33.9781666666667","-116.825666666667","United States of America","17.7","17.69",,,,,"reviewed","0","19","earthquake","M 1.1 - 7 km NE of Banning, CA","https://earthquake.usgs.gov/earthquakes/eventpage/ci41340007","https://earthquake.usgs.gov/fdsnws/event/1/query?eventid=ci41340007&format=geojson"
"ci41339999","2026-09-27T21:39:32Z","2026-09-27T17:39:32-04:00","2026-09-28T13:36:07Z","1.2","1.18","7 km NE of Banning, CA","33.975","-116.830333333333","United States of America","18.4","18.42",,,,,"reviewed","0","21","earthquake","M 1.2 - 7 km NE of Banning, CA","https://earthquake.usgs.gov/earthquakes/eventpage/ci41339999","https://earthquake.usgs.gov/fdsnws/event/1/query?eventid=ci41339999&format=geojson"
"ok2026szdc","2026-09-27T21:36:51Z","2026-09-27T17:36:51-04:00","2026-09-28T15:02:42Z","1.1","1.1","4 km NNW of Tatums, Oklahoma","34.52583333","-97.47466667","United States of America","5.0","5",,,,,"reviewed","0","19","earthquake","M 1.1 - 4 km NNW of Tatums, Oklahoma","https://earthquake.usgs.gov/earthquakes/eventpage/ok2026szdc","https://earthquake.usgs.gov/fdsnws/event/1/query?eventid=ok2026szdc&format=geojson"
"nc75443377","2026-09-27T21:22:12Z","2026-09-27T17:22:12-04:00","2026-09-27T22:17:29Z","1.5","1.47","8 km NW of The Geysers, CA","38.8300018310547","-122.818664550781","United States of America","1.8","1.82",,,,,"automatic","0","33","earthquake","M 1.5 - 8 km NW of The Geysers, CA","https://earthquake.usgs.gov/earthquakes/eventpage/nc75443377","https://earthquake.usgs.gov/fdsnws/event/1/query?eventid=nc75443377&format=geojson"
"uw714110532","2026-09-27T21:15:13Z","2026-09-27T17:15:13-04:00","2026-09-27T21:47:54Z","1.3","1.34","20 km E of Castle Rock, Washington","46.2441666666667","-122.642833333333","United States of America","16.9","16.85",,,,,"reviewed","0","28","earthquake","M 1.3 - 20 km E of Castle Rock, Washington","https://earthquake.usgs.gov/earthquakes/eventpage/uw714110532","https://earthquake.usgs.gov/fdsnws/event/1/query?eventid=uw714110532&format=geojson"
"nc75443367","2026-09-27T21:09:16Z","2026-09-27T17:09:16-04:00","2026-09-27T23:17:29Z","1.2","1.21","26 km WSW of Westley, CA","37.4174995422363","-121.451499938965","United States of America","4.9","4.9",,,,,"automatic","0","23","earthquake","M 1.2 - 26 km WSW of Westley, CA","https://earthquake.usgs.gov/earthquakes/eventpage/nc75443367","https://earthquake.usgs.gov/fdsnws/event/1/query?eventid=nc75443367&format=geojson"
"nc75443357","2026-09-27T21:03:08Z","2026-09-27T17:03:08-04:00","2026-09-27T21:37:20Z","1.2","1.19","9 km WNW of Cobb, CA","38.8386650085449","-122.825164794922","United States of America","1.8","1.8",,,,,"automatic","0","22","earthquake","M 1.2 - 9 km WNW of Cobb, CA","https://earthquake.usgs.gov/earthquakes/eventpage/nc75443357","https://earthquake.usgs.gov/fdsnws/event/1/query?eventid=nc75443357&format=geojson"
"nc75443337","2026-09-27T20:05:19Z","2026-09-27T16:05:19-04:00","2026-09-27T21:07:22Z","1.4","1.36","3 km W of Cobb, CA","38.8228340148926","-122.761833190918","United States of America","1.7","1.66",,,,,"automatic","0","28","earthquake","M 1.4 - 3 km W of Cobb, CA","https://earthquake.usgs.gov/earthquakes/eventpage/nc75443337","https://earthquake.usgs.gov/fdsnws/event/1/query?eventid=nc75443337&format=geojson"
"nc75443327","2026-09-27T20:01:22Z","2026-09-27T16:01:22-04:00","2026-09-27T20:47:26Z","1.1","1.12","5 km WNW of The Geysers, CA","38.7933349609375","-122.807502746582","United States of America","3.0","2.98",,,,,"automatic","0","19","earthquake","M 1.1 - 5 km WNW of The Geysers, CA","https://earthquake.usgs.gov/earthquakes/eventpage/nc75443327","https://earthquake.usgs.gov/fdsnws/event/1/query?eventid=nc75443327&format=geojson"
"ok2026syzp","2026-09-27T19:50:47Z","2026-09-27T15:50:47-04:00","2026-09-28T15:07:56Z","1.1","1.08","5 km N of Tatums, Oklahoma","34.533","-97.47066667","United States of America","2.0","2",,,,,"reviewed","0","18","earthquake","M 1.1 - 5 km N of Tatums, Oklahoma","https://earthquake.usgs.gov/earthquakes/eventpage/ok2026syzp","https://earthquake.usgs.gov/fdsnws/event/1/query?eventid=ok2026syzp&format=geojson"
"nc75443307","2026-09-27T19:47:43Z","2026-09-27T15:47:43-04:00","2026-09-27T20:22:23Z","1.2","1.17","5 km WNW of The Geysers, CA","38.7933349609375","-122.807167053223","United States of America","3.4","3.36",,,,,"automatic","0","21","earthquake","M 1.2 - 5 km WNW of The Geysers, CA","https://earthquake.usgs.gov/earthquakes/eventpage/nc75443307","https://earthquake.usgs.gov/fdsnws/event/1/query?eventid=nc75443307&format=geojson"
"nc75443302","2026-09-27T19:45:57Z","2026-09-27T15:45:57-04:00","2026-09-27T22:07:24Z","2.2","2.15","5 km WNW of The Geysers, CA","38.7908325195312","-122.807998657227","United States of America","3.0","3",,,,,"automatic","0","71","earthquake","M 2.2 - 5 km WNW of The Geysers, CA","https://earthquake.usgs.gov/earthquakes/eventpage/nc75443302","https://earthquake.usgs.gov/fdsnws/event/1/query?eventid=nc75443302&format=geojson"
"nc75443297","2026-09-27T19:43:00Z","2026-09-27T15:43:00-04:00","2026-09-27T19:44:38Z","1.0","0.74","2 km NNW of The Geysers, CA","38.7943344116211","-122.760833740234","United States of America","1.2","1.19",,,,,"automatic","0","8","earthquake","M 0.7 - 2 km NNW of The Geysers, CA","https://earthquake.usgs.gov/earthquakes/eventpage/nc75443297","https://earthquake.usgs.gov/fdsnws/event/1/query?eventid=nc75443297&format=geojson"
"nc75443292","2026-09-27T19:41:41Z","2026-09-27T15:41:41-04:00","2026-09-27T19:43:18Z","1.1","1.09","5 km WNW of Cobb, CA","38.8361663818359","-122.783500671387","United States of America","2.0","1.96",,,,,"automatic","0","18","earthquake","M 1.1 - 5 km WNW of Cobb, CA","https://earthquake.usgs.gov/earthquakes/eventpage/nc75443292","https://earthquake.usgs.gov/fdsnws/event/1/query?eventid=nc75443292&format=geojson"
"nc75443272","2026-09-27T19:21:51Z","2026-09-27T15:21:51-04:00","2026-09-27T19:42:23Z","1.6","1.55","7 km NW of Redwood Valley, CA","39.3148345947266","-123.254333496094","United States of America","2.7","2.72",,,,,"automatic","0","37","earthquake","M 1.6 - 7 km NW of Redwood Valley, CA","https://earthquake.usgs.gov/earthquakes/eventpage/nc75443272","https://earthquake.usgs.gov/fdsnws/event/1/query?eventid=nc75443272&format=geojson"
"nc75443252","2026-09-27T19:10:36Z","2026-09-27T15:10:36-04:00","2026-09-28T03:26:31Z","2.6","2.63","9 km NW of Redwood Valley, CA","39.3238334655762","-123.270164489746","United States of America","-0.4","-0.38","7","2.7",,,"automatic","0","108","earthquake","M 2.6 - 9 km NW of Redwood Valley, CA","https://earthquake.usgs.gov/earthquakes/eventpage/nc75443252","https://earthquake.usgs.gov/fdsnws/event/1/query?eventid=nc75443252&format=geojson"
"ci41339983","2026-09-27T18:42:54Z","2026-09-27T14:42:54-04:00","2026-09-28T13:36:47Z","1.5","1.51","19 km ESE of Anza, CA","33.4856666666667","-116.482","United States of America","13.0","12.99",,,,,"reviewed","0","35","earthquake","M 1.5 - 19 km ESE of Anza, CA","https://earthquake.usgs.gov/earthquakes/eventpage/ci41339983","https://earthquake.usgs.gov/fdsnws/event/1/query?eventid=ci41339983&format=geojson"
"ci41339975","2026-09-27T18:36:31Z","2026-09-27T14:36:31-04:00","2026-09-28T13:36:43Z","1.1","1.1","12 km NW of Big Bear Lake, CA","34.328","-117.000833333333","United States of America","9.3","9.25",,,,,"reviewed","0","19","earthquake","M 1.1 - 12 km NW of Big Bear Lake, CA","https://earthquake.usgs.gov/earthquakes/eventpage/ci41339975","https://earthquake.usgs.gov/fdsnws/event/1/query?eventid=ci41339975&format=geojson"
"ok2026sywq","2026-09-27T18:20:18Z","2026-09-27T14:20:18-04:00","2026-09-28T15:14:28Z","1.1","1.07","6 km NNW of Tatums, Oklahoma","34.542","-97.47783333","United States of America","2.0","2",,,,,"reviewed","0","18","earthquake","M 1.1 - 6 km NNW of Tatums, Oklahoma","https://earthquake.usgs.gov/earthquakes/eventpage/ok2026sywq","https://earthquake.usgs.gov/fdsnws/event/1/query?eventid=ok2026sywq&format=geojson"
"nc75443227","2026-09-27T18:15:58Z","2026-09-27T14:15:58-04:00","2026-09-27T20:07:22Z","2.3","2.33","16 km S of Tres Pinos, CA","36.6479988098145","-121.303169250488","United States of America","8.1","8.13",,,,,"automatic","0","84","earthquake","M 2.3 - 16 km S of Tres Pinos, CA","https://earthquake.usgs.gov/earthquakes/eventpage/nc75443227","https://earthquake.usgs.gov/fdsnws/event/1/query?eventid=nc75443227&format=geojson"
"tx2026tbelii","2026-09-27T18:09:41Z","2026-09-27T14:09:41-04:00","2026-09-28T16:00:55Z","1.9","1.9","24 km E of Forsan, Texas","32.121","-101.11","United States of America","8.3","8.2764",,,,,"reviewed","0","56","earthquake","M 1.9 - 24 km E of Forsan, Texas","https://earthquake.usgs.gov/earthquakes/eventpage/tx2026tbelii","https://earthquake.usgs.gov/fdsnws/event/1/query?eventid=tx2026tbelii&format=geojson"
"nc75443222","2026-09-27T18:03:11Z","2026-09-27T14:03:11-04:00","2026-09-27T19:47:26Z","1.3","1.27","26 km WSW of Westley, CA","37.4218330383301","-121.454833984375","United States of America","4.5","4.49",,,,,"automatic","0","25","earthquake","M 1.3 - 26 km WSW of Westley, CA","https://earthquake.usgs.gov/earthquakes/eventpage/nc75443222","https://earthquake.usgs.gov/fdsnws/event/1/query?eventid=nc75443222&format=geojson"
"nn00924968","2026-09-27T17:52:13Z","2026-09-27T13:52:13-04:00","2026-09-28T19:11:52Z","1.6","1.63","6 km SW of Walker, California","38.479","-119.5406","United States of America","4.8","4.7993",,,,,"reviewed","0","41","earthquake","M 1.6 - 6 km SW of Walker, California","https://earthquake.usgs.gov/earthquakes/eventpage/nn00924968","https://earthquake.usgs.gov/fdsnws/event/1/query?eventid=nn00924968&format=geojson"
"ok2026syuz","2026-09-27T17:30:07Z","2026-09-27T13:30:07-04:00","2026-09-28T15:19:46Z","1.2","1.23","5 km N of Tatums, Oklahoma","34.52783333","-97.45733333","United States of America","5.6","5.59",,,,,"reviewed","0","23","earthquake","M 1.2 - 5 km N of Tatums, Oklahoma","https://earthquake.usgs.gov/earthquakes/eventpage/ok2026syuz","https://earthquake.usgs.gov/fdsnws/event/1/query?eventid=ok2026syuz&format=geojson"
"ok2026syuv","2026-09-27T17:26:26Z","2026-09-27T13:26:26-04:00","2026-09-28T15:24:58Z","1.3","1.32","5 km NNW of Tatums, Oklahoma","34.531","-97.47483333","United States of America","5.0","5",,,,,"reviewed","0","27","earthquake","M 1.3 - 5 km NNW of Tatums, Oklahoma","https://earthquake.usgs.gov/earthquakes/eventpage/ok2026syuv","https://earthquake.usgs.gov/fdsnws/event/1/query?eventid=ok2026syuv&format=geojson"
"ci41339959","2026-09-27T17:19:05Z","2026-09-27T13:19:05-04:00","2026-09-28T20:19:06Z","1.0","1.03","2 km WSW of Brawley, CA","32.9708333333333","-115.551333333333","United States of America","10.7","10.65",,,,,"reviewed","0","16","earthquake","M 1.0 - 2 km WSW of Brawley, CA","https://earthquake.usgs.gov/earthquakes/eventpage/ci41339959","https://earthquake.usgs.gov/fdsnws/event/1/query?eventid=ci41339959&format=geojson"
"nc75443182","2026-09-27T16:55:26Z","2026-09-27T12:55:26-04:00","2026-09-27T16:57:02Z","1.0","0.88","4 km NW of The Geysers, CA","38.8025016784668","-122.78150177002","United States of America","3.3","3.28",,,,,"automatic","0","12","earthquake","M 0.9 - 4 km NW of The Geysers, CA","https://earthquake.usgs.gov/earthquakes/eventpage/nc75443182","https://earthquake.usgs.gov/fdsnws/event/1/query?eventid=nc75443182&format=geojson"
"ci41339951","2026-09-27T16:50:14Z","2026-09-27T12:50:14-04:00","2026-09-28T14:00:22Z","1.0","0.57","12 km SSW of Borrego Springs, CA","33.1561666666667","-116.412833333333","United States of America","10.9","10.94",,,,,"reviewed","0","5","earthquake","M 0.6 - 12 km SSW of Borrego Springs, CA","https://earthquake.usgs.gov/earthquakes/eventpage/ci41339951","https://earthquake.usgs.gov/fdsnws/event/1/query?eventid=ci41339951&format=geojson"
"nc75443177","2026-09-27T16:47:05Z","2026-09-27T12:47:05-04:00","2026-09-28T20:06:59Z","1.0","0.82","10 km E of Alum Rock, CA","37.3523333333333","-121.7115","United States of America","7.6","7.62",,,,,"reviewed","0","10","earthquake","M 0.8 - 10 km E of Alum Rock, CA","https://earthquake.usgs.gov/earthquakes/eventpage/nc75443177","https://earthquake.usgs.gov/fdsnws/event/1/query?eventid=nc75443177&format=geojson"
"ok2026syti","2026-09-27T16:40:38Z","2026-09-27T12:40:38-04:00","2026-09-28T16:38:17Z","1.1","1.08","6 km NNW of Tatums, Oklahoma","34.53383333","-97.4865","United States of America","4.2","4.21",,,,,"reviewed","0","18","earthquake","M 1.1 - 6 km NNW of Tatums, Oklahoma","https://earthquake.usgs.gov/earthquakes/eventpage/ok2026syti","https://earthquake.usgs.gov/fdsnws/event/1/query?eventid=ok2026syti&format=geojson"
"nc75443167","2026-09-27T16:19:39Z","2026-09-27T12:19:39-04:00","2026-09-27T16:21:17Z","1.0","0.76","6 km NW of The Geysers, CA","38.8186683654785","-122.794830322266","United States of America","3.0","3.03",,,,,"automatic","0","9","earthquake","M 0.8 - 6 km NW of The Geysers, CA","https://earthquake.usgs.gov/earthquakes/eventpage/nc75443167","https://earthquake.usgs.gov/fdsnws/event/1/query?eventid=nc75443167&format=geojson"
"nc75443157","2026-09-27T16:06:58Z","2026-09-27T12:06:58-04:00","2026-09-27T18:27:22Z","1.3","1.3","5 km WNW of The Geysers, CA","38.7923316955566","-122.806999206543","United States of America","3.1","3.05",,,,,"automatic","0","26","earthquake","M 1.3 - 5 km WNW of The Geysers, CA","https://earthquake.usgs.gov/earthquakes/eventpage/nc75443157","https://earthquake.usgs.gov/fdsnws/event/1/query?eventid=nc75443157&format=geojson"
"nc75443152","2026-09-27T16:06:33Z","2026-09-27T12:06:33-04:00","2026-09-27T18:07:21Z","1.7","1.68","26 km WSW of Westley, CA","37.4223327636719","-121.452835083008","United States of America","4.3","4.28",,,,,"automatic","0","43","earthquake","M 1.7 - 26 km WSW of Westley, CA","https://earthquake.usgs.gov/earthquakes/eventpage/nc75443152","https://earthquake.usgs.gov/fdsnws/event/1/query?eventid=nc75443152&format=geojson"
"pr71534858","2026-09-27T16:01:21Z","2026-09-27T12:01:21-04:00","2026-09-27T16:16:33Z","1.8","1.84","16 km SSE of Tallaboa, Puerto Rico","17.859","-66.6498333333333","Puerto Rico","13.8","13.78",,,,,"reviewed","0","52","earthquake","M 1.8 - 16 km SSE of Tallaboa, Puerto Rico","https://earthquake.usgs.gov/earthquakes/eventpage/pr71534858","https://earthquake.usgs.gov/fdsnws/event/1/query?eventid=pr71534858&format=geojson"
"tx2026tazxoz","2026-09-27T15:52:35Z","2026-09-27T11:52:35-04:00","2026-09-28T16:44:47Z","2.3","2.3","55 km SSW of Whites City, New Mexico","31.699","-104.556","United States of America","5.5","5.4974",,,,,"reviewed","0","81","earthquake","M 2.3 - 55 km SSW of Whites City, New Mexico","https://earthquake.usgs.gov/earthquakes/eventpage/tx2026tazxoz","https://earthquake.usgs.gov/fdsnws/event/1/query?eventid=tx2026tazxoz&format=geojson"
"uw714110462","2026-09-27T15:50:31Z","2026-09-27T11:50:31-04:00","2026-09-28T20:57:02Z","1.1","1.11","24 km N of Trout Lake, Washington","46.2141666666667","-121.516666666667","United States of America","-1.2","-1.16",,,,,"reviewed","0","19","earthquake","M 1.1 - 24 km N of Trout Lake, Washington","https://earthquake.usgs.gov/earthquakes/eventpage/uw714110462","https://earthquake.usgs.gov/fdsnws/event/1/query?eventid=uw714110462&format=geojson"
"nc75443142","2026-09-27T15:47:25Z","2026-09-27T11:47:25-04:00","2026-09-27T17:32:25Z","1.4","1.4","26 km WSW of Westley, CA","37.4263343811035","-121.456001281738","United States of America","4.8","4.76",,,,,"automatic","0","30","earthquake","M 1.4 - 26 km WSW of Westley, CA","https://earthquake.usgs.gov/earthquakes/eventpage/nc75443142","https://earthquake.usgs.gov/fdsnws/event/1/query?eventid=nc75443142&format=geojson"
"ci41339935","2026-09-27T15:45:37Z","2026-09-27T11:45:37-04:00","2026-09-28T13:41:40Z","1.0","0.96","6 km SSE of Loma Linda, CA","33.9955","-117.2485","United States of America","10.8","10.82",,,,,"reviewed","0","14","earthquake","M 1.0 - 6 km SSE of Loma Linda, CA","https://earthquake.usgs.gov/earthquakes/eventpage/ci41339935","https://earthquake.usgs.gov/fdsnws/event/1/query?eventid=ci41339935&format=geojson"
"us6000txze","2026-09-27T15:45:09Z","2026-09-27T11:45:09-04:00","2026-09-27T17:50:05Z","2.6","2.6","15 km E of Socorro, New Mexico","34.0659","-106.7188","United States of America","5.0","5","1","2.7",,,"reviewed","0","104","earthquake","M 2.6 - 15 km E of Socorro, New Mexico","https://earthquake.usgs.gov/earthquakes/eventpage/us6000txze","https://earthquake.usgs.gov/fdsnws/event/1/query?eventid=us6000txze&format=geojson"
"ci41339927","2026-09-27T15:40:01Z","2026-09-27T11:40:01-04:00","2026-10-01T10:54:06Z","3.6","3.55","7 km WSW of Hermosa Beach, CA","33.843","-118.468833333333","United States of America","11.9","11.85","2121","3.4","3.41",,"reviewed","0","534","earthquake","M 3.6 - 7 km WSW of Hermosa Beach, CA","https://earthquake.usgs.gov/earthquakes/eventpage/ci41339927","https://earthquake.usgs.gov/fdsnws/event/1/query?eventid=ci41339927&format=geojson"
"uw714110452","2026-09-27T15:25:51Z","2026-09-27T11:25:51-04:00","2026-09-28T18:57:32Z","1.0","1.02","29 km SW of Neah Bay, Washington","48.1503333333333","-124.854","United States of America","-0.2","-0.15",,,,,"reviewed","0","16","earthquake","M 1.0 - 29 km SW of Neah Bay, Washington","https://earthquake.usgs.gov/earthquakes/eventpage/uw714110452","https://earthquake.usgs.gov/fdsnws/event/1/query?eventid=uw714110452&format=geojson"
"tx2026tayttf","2026-09-27T15:17:57Z","2026-09-27T11:17:57-04:00","2026-09-28T19:18:07Z","1.9","1.9","4 km S of Falls City, Texas","28.94","-98.021","United States of America","8.0","8.0193",,,,,"reviewed","0","56","earthquake","M 1.9 - 4 km S of Falls City, Texas","https://earthquake.usgs.gov/earthquakes/eventpage/tx2026tayttf","https://earthquake.usgs.gov/fdsnws/event/1/query?eventid=tx2026tayttf&format=geojson"
"ci41339919","2026-09-27T15:15:52Z","2026-09-27T11:15:52-04:00","2026-09-28T13:43:00Z","1.4","1.4","4 km NW of Aguanga, CA","33.4691666666667","-116.887666666667","United States of America","13.1","13.11",,,,,"reviewed","0","30","earthquake","M 1.4 - 4 km NW of Aguanga, CA","https://earthquake.usgs.gov/earthquakes/eventpage/ci41339919","https://earthquake.usgs.gov/fdsnws/event/1/query?eventid=ci41339919&format=geojson"
"ci41339911","2026-09-27T14:58:20Z","2026-09-27T10:58:20-04:00","2026-09-28T13:42:01Z","1.0","0.75","6 km SSE of Loma Linda, CA","33.998","-117.248833333333","United States of America","11.0","10.95",,,,,"reviewed","0","9","earthquake","M 0.8 - 6 km SSE of Loma Linda, CA","https://earthquake.usgs.gov/earthquakes/eventpage/ci41339911","https://earthquake.usgs.gov/fdsnws/event/1/query?eventid=ci41339911&format=geojson"
"nc75443112","2026-09-27T14:40:46Z","2026-09-27T10:40:46-04:00","2026-09-27T16:22:21Z","2.6","2.63","26 km WSW of Westley, CA","37.4211654663086","-121.45532989502","United States of America","2.7","2.7","0","1",,,"automatic","0","106","earthquake","M 2.6 - 26 km WSW of Westley, CA","https://earthquake.usgs.gov/earthquakes/eventpage/nc75443112","https://earthquake.usgs.gov/fdsnws/event/1/query?eventid=nc75443112&format=geojson"
"ci41339903","2026-09-27T14:37:29Z","2026-09-27T10:37:29-04:00","2026-09-28T13:42:14Z","1.0","0.54","11 km ESE of Anza, CA","33.5161666666667","-116.569666666667","United States of America","13.1","13.1",,,,,"reviewed","0","4","earthquake","M 0.5 - 11 km ESE of Anza, CA","https://earthquake.usgs.gov/earthquakes/eventpage/ci41339903","https://earthquake.usgs.gov/fdsnws/event/1/query?eventid=ci41339903&format=geojson"
"nc75443102","2026-09-27T14:32:25Z","2026-09-27T10:32:25-04:00","2026-09-27T16:07:25Z","1.3","1.34","26 km WSW of Westley, CA","37.4226684570312","-121.45532989502","United States of America","4.6","4.58",,,,,"automatic","0","28","earthquake","M 1.3 - 26 km WSW of Westley, CA","https://earthquake.usgs.gov/earthquakes/eventpage/nc75443102","https://earthquake.usgs.gov/fdsnws/event/1/query?eventid=nc75443102&format=geojson"
"nc75443097","2026-09-27T14:21:50Z","2026-09-27T10:21:50-04:00","2026-09-28T15:12:53Z","3.3","3.32","27 km WSW of Westley, CA","37.4158333333333","-121.452666666667","United States of America","3.4","3.37","15","2","3.499",,"reviewed","0","173","earthquake","M 3.3 - 27 km WSW of Westley, CA","https://earthquake.usgs.gov/earthquakes/eventpage/nc75443097","https://earthquake.usgs.gov/fdsnws/event/1/query?eventid=nc75443097&format=geojson"
"tx2026tawrxg","2026-09-27T14:15:25Z","2026-09-27T10:15:25-04:00","2026-09-28T17:22:35Z","2.2","2.2","5 km S of Falls City, Texas","28.929","-98.013","United States of America","7.3","7.2575",,,,,"reviewed","0","74","earthquake","M 2.2 - 5 km S of Falls City, Texas","https://earthquake.usgs.gov/earthquakes/eventpage/tx2026tawrxg","https://earthquake.usgs.gov/fdsnws/event/1/query?eventid=tx2026tawrxg&format=geojson"
"tx2026tawrko","2026-09-27T14:14:50Z","2026-09-27T10:14:50-04:00","2026-09-28T17:01:02Z","2.3","2.3","4 km S of Falls City, Texas","28.94","-98.022","United States of America","7.4","7.4137",,,,,"reviewed","0","81","earthquake","M 2.3 - 4 km S of Falls City, Texas","https://earthquake.usgs.gov/earthquakes/eventpage/tx2026tawrko","https://earthquake.usgs.gov/fdsnws/event/1/query?eventid=tx2026tawrko&format=geojson"
"nc75443087","2026-09-27T14:11:15Z","2026-09-27T10:11:15-04:00","2026-09-27T15:22:21Z","1.7","1.72","18 km SW of Toms Place, CA","37.4606666564941","-118.834999084473","United States of America","2.9","2.87",,,,,"automatic","0","46","earthquake","M 1.7 - 18 km SW of Toms Place, CA","https://earthquake.usgs.gov/earthquakes/eventpage/nc75443087","https://earthquake.usgs.gov/fdsnws/event/1/query?eventid=nc75443087&format=geojson"
"nc75443082","2026-09-27T14:09:35Z","2026-09-27T10:09:35-04:00","2026-09-27T14:52:23Z","1.2","1.2","17 km SW of Toms Place, CA","37.4630012512207","-118.83366394043","United States of America","1.2","1.24",,,,,"automatic","0","22","earthquake","M 1.2 - 17 km SW of Toms Place, CA","https://earthquake.usgs.gov/earthquakes/eventpage/nc75443082","https://earthquake.usgs.gov/fdsnws/event/1/query?eventid=nc75443082&format=geojson"
"nn00924959","2026-09-27T13:56:21Z","2026-09-27T09:56:21-04:00","2026-09-28T18:36:59Z","2.0","2","22 km W of Preston, Nevada","38.9335","-115.3241","United States of America","2.8","2.8134",,,,,"reviewed","0","62","earthquake","M 2.0 - 22 km W of Preston, Nevada","https://earthquake.usgs.gov/earthquakes/eventpage/nn00924959","https://earthquake.usgs.gov/fdsnws/event/1/query?eventid=nn00924959&format=geojson"
"tx2026tavzrm","2026-09-27T13:54:15Z","2026-09-27T09:54:15-04:00","2026-09-28T16:55:51Z","2.3","2.3","4 km S of Falls City, Texas","28.946","-98.02","United States of America","8.1","8.1172",,,,,"reviewed","0","81","earthquake","M 2.3 - 4 km S of Falls City, Texas","https://earthquake.usgs.gov/earthquakes/eventpage/tx2026tavzrm","https://earthquake.usgs.gov/fdsnws/event/1/query?eventid=tx2026tavzrm&format=geojson"
"nn00924958","2026-09-27T13:36:41Z","2026-09-27T09:36:41-04:00","2026-09-27T13:39:11Z","1.6","1.58","82 km NE of Tonopah, Nevada","38.503","-116.4606","United States of America","4.0","3.9591",,,,,"automatic","0","38","earthquake","M 1.6 - 82 km NE of Tonopah, Nevada","https://earthquake.usgs.gov/earthquakes/eventpage/nn00924958","https://earthquake.usgs.gov/fdsnws/event/1/query?eventid=nn00924958&format=geojson"
"ci41339895","2026-09-27T13:23:30Z","2026-09-27T09:23:30-04:00","2026-09-28T16:01:28Z","1.0","0.33","9 km SSW of Lytle Creek, CA","34.1838333333333","-117.52","United States of America","16.5","16.5",,,,,"reviewed","0","2","earthquake","M 0.3 - 9 km SSW of Lytle Creek, CA","https://earthquake.usgs.gov/earthquakes/eventpage/ci41339895","https://earthquake.usgs.gov/fdsnws/event/1/query?eventid=ci41339895&format=geojson"
"nc75443077","2026-09-27T13:14:25Z","2026-09-27T09:14:25-04:00","2026-09-27T13:16:01Z","1.0","0.75","11 km WNW of The Geysers, CA","38.8288345336914","-122.865333557129","United States of America","2.5","2.54",,,,,"automatic","0","9","earthquake","M 0.8 - 11 km WNW of The Geysers, CA","https://earthquake.usgs.gov/earthquakes/eventpage/nc75443077","https://earthquake.usgs.gov/fdsnws/event/1/query?eventid=nc75443077&format=geojson"
"ci41339887","2026-09-27T13:13:15Z","2026-09-27T09:13:15-04:00","2026-09-28T13:42:55Z","1.0","0.92","12 km NW of Warner Springs, CA","33.3673333333333","-116.710333333333","United States of America","10.1","10.11",,,,,"reviewed","0","13","earthquake","M 0.9 - 12 km NW of Warner Springs, CA","https://earthquake.usgs.gov/earthquakes/eventpage/ci41339887","https://earthquake.usgs.gov/fdsnws/event/1/query?eventid=ci41339887&format=geojson"
"uu80158111","2026-09-27T13:08:42Z","2026-09-27T09:08:42-04:00","2026-09-28T13:37:21Z","1.5","1.5","28 km WNW of Enoch, Utah","37.8953333333333","-113.303666666667","United States of America","6.5","6.54",,,,,"reviewed","0","35","earthquake","M 1.5 - 28 km WNW of Enoch, Utah","https://earthquake.usgs.gov/earthquakes/eventpage/uu80158111","https://earthquake.usgs.gov/fdsnws/event/1/query?eventid=uu80158111&format=geojson"
"nc75443067","2026-09-27T12:52:46Z","2026-09-27T08:52:46-04:00","2026-09-27T14:27:23Z","1.3","1.32","11 km NNE of Parkfield, CA","35.9850006103516","-120.380500793457","United States of America","5.4","5.44",,,,,"automatic","0","27","earthquake","M 1.3 - 11 km NNE of Parkfield, CA","https://earthquake.usgs.gov/earthquakes/eventpage/nc75443067","https://earthquake.usgs.gov/fdsnws/event/1/query?eventid=nc75443067&format=geojson"
"ci41339879","2026-09-27T12:45:45Z","2026-09-27T08:45:45-04:00","2026-09-28T13:43:01Z","1.0","0.93","7 km WSW of Anza, CA","33.5315","-116.744166666667","United States of America","2.6","2.62",,,,,"reviewed","0","13","earthquake","M 0.9 - 7 km WSW of Anza, CA","https://earthquake.usgs.gov/earthquakes/eventpage/ci41339879","https://earthquake.usgs.gov/fdsnws/event/1/query?eventid=ci41339879&format=geojson"
"ci41339871","2026-09-27T12:45:34Z","2026-09-27T08:45:34-04:00","2026-09-28T13:43:05Z","1.0","0.95","12 km NNW of Banning, CA","34.0311666666667","-116.908333333333","United States of America","2.6","2.63",,,,,"reviewed","0","14","earthquake","M 1.0 - 12 km NNW of Banning, CA","https://earthquake.usgs.gov/earthquakes/eventpage/ci41339871","https://earthquake.usgs.gov/fdsnws/event/1/query?eventid=ci41339871&format=geojson"
"tx2026tatppr","2026-09-27T12:42:15Z","2026-09-27T08:42:15-04:00","2026-09-28T17:30:45Z","1.9","1.9","36 km NNW of Toyah, Texas","31.605","-103.967","United States of America","9.3","9.3427",,,,,"reviewed","0","56","earthquake","M 1.9 - 36 km NNW of Toyah, Texas","https://earthquake.usgs.gov/earthquakes/eventpage/tx2026tatppr","https://earthquake.usgs.gov/fdsnws/event/1/query?eventid=tx2026tatppr&format=geojson"
"ci41339863","2026-09-27T12:39:38Z","2026-09-27T08:39:38-04:00","2026-09-28T14:36:39Z","1.4","1.4","4 km NE of Heber, CA","32.7496666666667","-115.4985","United States of America","16.9","16.88",,,,,"reviewed","0","30","earthquake","M 1.4 - 4 km NE of Heber, CA","https://earthquake.usgs.gov/earthquakes/eventpage/ci41339863","https://earthquake.usgs.gov/fdsnws/event/1/query?eventid=ci41339863&format=geojson"
"uu80008098","2026-09-27T12:34:25Z","2026-09-27T08:34:25-04:00","2026-09-28T14:42:00Z","1.0","0.81","10 km S of Beaver, Utah","38.1813333333333","-112.656833333333","United States of America","1.8","1.78",,,,,"reviewed","0","10","earthquake","M 0.8 - 10 km S of Beaver, Utah","https://earthquake.usgs.gov/earthquakes/eventpage/uu80008098","https://earthquake.usgs.gov/fdsnws/event/1/query?eventid=uu80008098&format=geojson"
"nc75443062","2026-09-27T12:33:43Z","2026-09-27T08:33:43-04:00","2026-09-27T14:07:19Z","1.3","1.25","7 km WNW of Cobb, CA","38.8348350524902","-122.796836853027","United States of America","2.0","2.04",,,,,"automatic","0","24","earthquake","M 1.3 - 7 km WNW of Cobb, CA","https://earthquake.usgs.gov/earthquakes/eventpage/nc75443062","https://earthquake.usgs.gov/fdsnws/event/1/query?eventid=nc75443062&format=geojson"
"ci41339855","2026-09-27T12:26:57Z","2026-09-27T08:26:57-04:00","2026-09-28T13:43:19Z","1.0","0.62","7 km ESE of Palomar Observatory, CA","33.3256666666667","-116.793666666667","United States of America","17.3","17.34",,,,,"reviewed","0","6","earthquake","M 0.6 - 7 km ESE of Palomar Observatory, CA","https://earthquake.usgs.gov/earthquakes/eventpage/ci41339855","https://earthquake.usgs.gov/fdsnws/event/1/query?eventid=ci41339855&format=geojson"
"tx2026tatcip","2026-09-27T12:26:50Z","2026-09-27T08:26:50-04:00","2026-09-28T17:35:13Z","1.6","1.6","16 km ESE of Pearsall, Texas","28.84","-98.938","United States of America","7.7","7.7336",,,,,"reviewed","0","39","earthquake","M 1.6 - 16 km ESE of Pearsall, Texas","https://earthquake.usgs.gov/earthquakes/eventpage/tx2026tatcip","https://earthquake.usgs.gov/fdsnws/event/1/query?eventid=tx2026tatcip&format=geojson"
"ok2026syjv","2026-09-27T11:52:20Z","2026-09-27T07:52:20-04:00","2026-09-28T14:36:23Z","2.5","2.54","4 km NNE of Tatums, Oklahoma","34.52533333","-97.449","United States of America","0.1","0.06",,,,,"reviewed","0","99","earthquake","M 2.5 - 4 km NNE of Tatums, Oklahoma","https://earthquake.usgs.gov/earthquakes/eventpage/ok2026syjv","https://earthquake.usgs.gov/fdsnws/event/1/query?eventid=ok2026syjv&format=geojson"
"nc75443057","2026-09-27T11:48:42Z","2026-09-27T07:48:42-04:00","2026-09-27T11:50:20Z","1.0","0.34","11 km WNW of The Geysers, CA","38.8263320922852","-122.867332458496","United States of America","2.2","2.2",,,,,"automatic","0","2","earthquake","M 0.3 - 11 km WNW of The Geysers, CA","https://earthquake.usgs.gov/earthquakes/eventpage/nc75443057","https://earthquake.usgs.gov/fdsnws/event/1/query?eventid=nc75443057&format=geojson"
"nc75443052","2026-09-27T11:47:28Z","2026-09-27T07:47:28-04:00","2026-09-27T11:49:05Z","1.0","0.57","8 km NW of The Geysers, CA","38.8274993896484","-122.814498901367","United States of America","2.3","2.29",,,,,"automatic","0","5","earthquake","M 0.6 - 8 km NW of The Geysers, CA","https://earthquake.usgs.gov/earthquakes/eventpage/nc75443052","https://earthquake.usgs.gov/fdsnws/event/1/query?eventid=nc75443052&format=geojson"
"uw714110402","2026-09-27T11:43:32Z","2026-09-27T07:43:32-04:00","2026-09-28T18:16:26Z","1.0","1","38 km NNE of Amboy, Washington","46.2056666666667","-122.192","United States of America","2.8","2.79",,,,,"reviewed","0","15","earthquake","M 1.0 - 38 km NNE of Amboy, Washington","https://earthquake.usgs.gov/earthquakes/eventpage/uw714110402","https://earthquake.usgs.gov/fdsnws/event/1/query?eventid=uw714110402&format=geojson"
"ci41339839","2026-09-27T11:41:44Z","2026-09-27T07:41:44-04:00","2026-09-28T13:43:33Z","1.0","0.24","4 km WSW of Anza, CA","33.538","-116.707833333333","United States of America","6.4","6.38",,,,,"reviewed","0","1","earthquake","M 0.2 - 4 km WSW of Anza, CA","https://earthquake.usgs.gov/earthquakes/eventpage/ci41339839","https://earthquake.usgs.gov/fdsnws/event/1/query?eventid=ci41339839&format=geojson"
"nc75443042","2026-09-27T11:19:20Z","2026-09-27T07:19:20-04:00","2026-09-27T11:20:56Z","1.1","1.09","2 km NW of The Geysers, CA","38.7901649475098","-122.76782989502","United States of America","1.8","1.83",,,,,"automatic","0","18","earthquake","M 1.1 - 2 km NW of The Geysers, CA","https://earthquake.usgs.gov/earthquakes/eventpage/nc75443042","https://earthquake.usgs.gov/fdsnws/event/1/query?eventid=nc75443042&format=geojson"
"nc75443037","2026-09-27T11:05:03Z","2026-09-27T07:05:03-04:00","2026-09-27T11:06:41Z","1.0","0.74","9 km WNW of Cobb, CA","38.8429985046387","-122.822830200195","United States of America","1.5","1.47",,,,,"automatic","0","8","earthquake","M 0.7 - 9 km WNW of Cobb, CA","https://earthquake.usgs.gov/earthquakes/eventpage/nc75443037","https://earthquake.usgs.gov/fdsnws/event/1/query?eventid=nc75443037&format=geojson"
"nc75443032","2026-09-27T10:58:14Z","2026-09-27T06:58:14-04:00","2026-09-27T10:59:50Z","1.0","0.7","7 km W of Cobb, CA","38.832332611084","-122.800331115723","United States of America","2.3","2.31",,,,,"automatic","0","8","earthquake","M 0.7 - 7 km W of Cobb, CA","https://earthquake.usgs.gov/earthquakes/eventpage/nc75443032","https://earthquake.usgs.gov/fdsnws/event/1/query?eventid=nc75443032&format=geojson"
"nc75443027","2026-09-27T10:48:34Z","2026-09-27T06:48:34-04:00","2026-09-27T13:17:25Z","1.6","1.59","3 km SW of San Ramon, CA","37.7638320922852","-122.000831604004","United States of America","8.0","7.99",,,,,"automatic","0","39","earthquake","M 1.6 - 3 km SW of San Ramon, CA","https://earthquake.usgs.gov/earthquakes/eventpage/nc75443027","https://earthquake.usgs.gov/fdsnws/event/1/query?eventid=nc75443027&format=geojson"
"nc75443022","2026-09-27T10:42:06Z","2026-09-27T06:42:06-04:00","2026-09-27T10:43:41Z","1.1","1.06","7 km W of Cobb, CA","38.8330001831055","-122.800163269043","United States of America","2.3","2.27",,,,,"automatic","0","17","earthquake","M 1.1 - 7 km W of Cobb, CA","https://earthquake.usgs.gov/earthquakes/eventpage/nc75443022","https://earthquake.usgs.gov/fdsnws/event/1/query?eventid=nc75443022&format=geojson"
"nc75443017","2026-09-27T10:37:09Z","2026-09-27T06:37:09-04:00","2026-09-27T10:38:45Z","1.0","0.7","6 km WNW of Cobb, CA","38.835334777832","-122.791664123535","United States of America","1.7","1.74",,,,,"automatic","0","8","earthquake","M 0.7 - 6 km WNW of Cobb, CA","https://earthquake.usgs.gov/earthquakes/eventpage/nc75443017","https://earthquake.usgs.gov/fdsnws/event/1/query?eventid=nc75443017&format=geojson"
"nc75443012","2026-09-27T10:36:52Z","2026-09-27T06:36:52-04:00","2026-09-27T10:38:30Z","1.0","0.69","6 km WNW of Cobb, CA","38.8349990844727","-122.792503356934","United States of America","1.8","1.81",,,,,"automatic","0","7","earthquake","M 0.7 - 6 km WNW of Cobb, CA","https://earthquake.usgs.gov/earthquakes/eventpage/nc75443012","https://earthquake.usgs.gov/fdsnws/event/1/query?eventid=nc75443012&format=geojson"
"ci41339831","2026-09-27T10:29:07Z","2026-09-27T06:29:07-04:00","2026-09-28T13:43:37Z","1.0","0.51","4 km N of Julian, CA","33.112","-116.607666666667","United States of America","15.3","15.25",,,,,"reviewed","0","4","earthquake","M 0.5 - 4 km N of Julian, CA","https://earthquake.usgs.gov/earthquakes/eventpage/ci41339831","https://earthquake.usgs.gov/fdsnws/event/1/query?eventid=ci41339831&format=geojson"
"nc75443007","2026-09-27T10:27:58Z","2026-09-27T06:27:58-04:00","2026-09-27T10:29:36Z","1.0","0.78","2 km N of The Geysers, CA","38.7911682128906","-122.759498596191","United States of America","1.5","1.48",,,,,"automatic","0","9","earthquake","M 0.8 - 2 km N of The Geysers, CA","https://earthquake.usgs.gov/earthquakes/eventpage/nc75443007","https://earthquake.usgs.gov/fdsnws/event/1/query?eventid=nc75443007&format=geojson"
"us6000txya","2026-09-27T10:07:08Z","2026-09-27T06:07:08-04:00","2026-09-28T00:13:43Z","4.2","4.2","13 km SSW of Bayaguana, Dominican Republic","18.647","-69.6988","Dominican Republic","98.1","98.093","30","3.1",,,"reviewed","0","281","earthquake","M 4.2 - 13 km SSW of Bayaguana, Dominican Republic","https://earthquake.usgs.gov/earthquakes/eventpage/us6000txya","https://earthquake.usgs.gov/fdsnws/event/1/query?eventid=us6000txya&format=geojson"
"ci41339815","2026-09-27T10:00:19Z","2026-09-27T06:00:19-04:00","2026-09-28T16:22:23Z","2.3","2.33","24 km WSW of Westmorland, CA","32.9598333333333","-115.861333333333","United States of America","10.7","10.7",,,,,"reviewed","0","84","earthquake","M 2.3 - 24 km WSW of Westmorland, CA","https://earthquake.usgs.gov/earthquakes/eventpage/ci41339815","https://earthquake.usgs.gov/fdsnws/event/1/query?eventid=ci41339815&format=geojson"
"tx2026taodxn","2026-09-27T09:57:50Z","2026-09-27T05:57:50-04:00","2026-09-28T17:18:14Z","1.9","1.9","53 km NW of Toyah, Texas","31.653","-104.194","United States of America","7.0","7.0099",,,,,"reviewed","0","56","earthquake","M 1.9 - 53 km NW of Toyah, Texas","https://earthquake.usgs.gov/earthquakes/eventpage/tx2026taodxn","https://earthquake.usgs.gov/fdsnws/event/1/query?eventid=tx2026taodxn&format=geojson"
"ci41339807","2026-09-27T09:46:17Z","2026-09-27T05:46:17-04:00","2026-09-28T13:45:13Z","1.0","0.8","10 km NNE of Cabazon, CA","33.9971666666667","-116.7465","United States of America","15.8","15.79",,,,,"reviewed","0","10","earthquake","M 0.8 - 10 km NNE of Cabazon, CA","https://earthquake.usgs.gov/earthquakes/eventpage/ci41339807","https://earthquake.usgs.gov/fdsnws/event/1/query?eventid=ci41339807&format=geojson"
"tx2026tanmeq","2026-09-27T09:37:12Z","2026-09-27T05:37:12-04:00","2026-09-28T16:50:22Z","2.2","2.2","18 km ESE of Pearsall, Texas","28.843","-98.914","United States of America","7.8","7.7697",,,,,"reviewed","0","74","earthquake","M 2.2 - 18 km ESE of Pearsall, Texas","https://earthquake.usgs.gov/earthquakes/eventpage/tx2026tanmeq","https://earthquake.usgs.gov/fdsnws/event/1/query?eventid=tx2026tanmeq&format=geojson"
"uu80008103","2026-09-27T09:26:16Z","2026-09-27T05:26:16-04:00","2026-09-28T17:28:37Z","1.6","1.56","3 km SW of Circleville, Utah","38.151","-112.302666666667","United States of America","7.7","7.73",,,,,"reviewed","0","37","earthquake","M 1.6 - 3 km SW of Circleville, Utah","https://earthquake.usgs.gov/earthquakes/eventpage/uu80008103","https://earthquake.usgs.gov/fdsnws/event/1/query?eventid=uu80008103&format=geojson"
"ci41339799","2026-09-27T09:10:46Z","2026-09-27T05:10:46-04:00","2026-09-28T13:45:09Z","1.0","0.83","10 km NNW of Anza, CA","33.6388333333333","-116.714666666667","United States of America","13.8","13.82",,,,,"reviewed","0","11","earthquake","M 0.8 - 10 km NNW of Anza, CA","https://earthquake.usgs.gov/earthquakes/eventpage/ci41339799","https://earthquake.usgs.gov/fdsnws/event/1/query?eventid=ci41339799&format=geojson"
"ci41339791","2026-09-27T09:06:39Z","2026-09-27T05:06:39-04:00","2026-09-28T18:47:23Z","1.4","1.38","1 km NNE of Silver Lake, CA","34.102","-118.260666666667","United States of America","5.8","5.8",,,,,"reviewed","0","29","earthquake","M 1.4 - 1 km NNE of Silver Lake, CA","https://earthquake.usgs.gov/earthquakes/eventpage/ci41339791","https://earthquake.usgs.gov/fdsnws/event/1/query?eventid=ci41339791&format=geojson"
"nn00924954","2026-09-27T08:54:07Z","2026-09-27T04:54:07-04:00","2026-10-02T09:04:21Z","4.1","4.1","20 km W of Preston, Nevada","38.9229","-115.2989","United States of America","6.0","6","1","1","3.93","green","reviewed","0","259","earthquake","M 4.1 - 20 km W of Preston, Nevada","https://earthquake.usgs.gov/earthquakes/eventpage/nn00924954","https://earthquake.usgs.gov/fdsnws/event/1/query?eventid=nn00924954&format=geojson"
"ci41339767","2026-09-27T08:44:02Z","2026-09-27T04:44:02-04:00","2026-09-28T13:45:08Z","1.2","1.21","16 km WSW of Johannesburg, CA","35.3088333333333","-117.7965","United States of America","6.6","6.57",,,,,"reviewed","0","23","earthquake","M 1.2 - 16 km WSW of Johannesburg, CA","https://earthquake.usgs.gov/earthquakes/eventpage/ci41339767","https://earthquake.usgs.gov/fdsnws/event/1/query?eventid=ci41339767&format=geojson"
"nn00924953","2026-09-27T08:38:04Z","2026-09-27T04:38:04-04:00","2026-09-28T18:08:20Z","1.8","1.82","26 km W of Preston, Nevada","38.9557","-115.3569","United States of America","6.4","6.4028",,,,,"reviewed","0","51","earthquake","M 1.8 - 26 km W of Preston, Nevada","https://earthquake.usgs.gov/earthquakes/eventpage/nn00924953","https://earthquake.usgs.gov/fdsnws/event/1/query?eventid=nn00924953&format=geojson"
"nc75442982","2026-09-27T08:35:52Z","2026-09-27T04:35:52-04:00","2026-09-27T08:37:31Z","1.0","0.28","7 km W of Cobb, CA","38.8333320617676","-122.800498962402","United States of America","2.5","2.49",,,,,"automatic","0","1","earthquake","M 0.3 - 7 km W of Cobb, CA","https://earthquake.usgs.gov/earthquakes/eventpage/nc75442982","https://earthquake.usgs.gov/fdsnws/event/1/query?eventid=nc75442982&format=geojson"
"nc75442972","2026-09-27T08:34:18Z","2026-09-27T04:34:18-04:00","2026-09-27T10:32:21Z","1.5","1.54","7 km W of Cobb, CA","38.8325004577637","-122.799835205078","United States of America","2.1","2.1",,,,,"automatic","0","36","earthquake","M 1.5 - 7 km W of Cobb, CA","https://earthquake.usgs.gov/earthquakes/eventpage/nc75442972","https://earthquake.usgs.gov/fdsnws/event/1/query?eventid=nc75442972&format=geojson"
"nc75442967","2026-09-27T08:34:10Z","2026-09-27T04:34:10-04:00","2026-09-27T10:07:23Z","2.0","1.99","7 km W of Cobb, CA","38.8334999084473","-122.800163269043","United States of America","2.3","2.25",,,,,"automatic","0","61","earthquake","M 2.0 - 7 km W of Cobb, CA","https://earthquake.usgs.gov/earthquakes/eventpage/nc75442967","https://earthquake.usgs.gov/fdsnws/event/1/query?eventid=nc75442967&format=geojson"
"nn00924951","2026-09-27T08:25:53Z","2026-09-27T04:25:53-04:00","2026-09-28T02:04:54Z","2.6","2.56","20 km W of Preston, Nevada","38.9316","-115.3013","United States of America","4.2","4.233",,,,,"reviewed","0","101","earthquake","M 2.6 - 20 km W of Preston, Nevada","https://earthquake.usgs.gov/earthquakes/eventpage/nn00924951","https://earthquake.usgs.gov/fdsnws/event/1/query?eventid=nn00924951&format=geojson"
"tx2026takyir","2026-09-27T08:20:48Z","2026-09-27T04:20:48-04:00","2026-10-01T22:41:21Z","2.3","2.3","16 km ESE of Pearsall, Texas","28.854","-98.928","United States of America","9.2","9.1727",,,,,"reviewed","0","81","earthquake","M 2.3 - 16 km ESE of Pearsall, Texas","https://earthquake.usgs.gov/earthquakes/eventpage/tx2026takyir","https://earthquake.usgs.gov/fdsnws/event/1/query?eventid=tx2026takyir&format=geojson"
"nc75442952","2026-09-27T08:07:16Z","2026-09-27T04:07:16-04:00","2026-09-27T08:42:23Z","1.1","1.14","7 km SW of Atascadero, CA","35.438835144043","-120.713836669922","United States of America","6.9","6.87",,,,,"automatic","0","20","earthquake","M 1.1 - 7 km SW of Atascadero, CA","https://earthquake.usgs.gov/earthquakes/eventpage/nc75442952","https://earthquake.usgs.gov/fdsnws/event/1/query?eventid=nc75442952&format=geojson"
"ci41339759","2026-09-27T08:02:43Z","2026-09-27T04:02:43-04:00","2026-09-28T13:46:23Z","1.0","0.69","5 km S of Idyllwild, CA","33.6936666666667","-116.711666666667","United States of America","17.5","17.53",,,,,"reviewed","0","7","earthquake","M 0.7 - 5 km S of Idyllwild, CA","https://earthquake.usgs.gov/earthquakes/eventpage/ci41339759","https://earthquake.usgs.gov/fdsnws/event/1/query?eventid=ci41339759&format=geojson"
"nc75442947","2026-09-27T07:56:26Z","2026-09-27T03:56:26-04:00","2026-09-27T07:58:00Z","1.0","0.63","11 km WNW of The Geysers, CA","38.8258323669434","-122.867164611816","United States of America","2.0","2.02",,,,,"automatic","0","6","earthquake","M 0.6 - 11 km WNW of The Geysers, CA","https://earthquake.usgs.gov/earthquakes/eventpage/nc75442947","https://earthquake.usgs.gov/fdsnws/event/1/query?eventid=nc75442947&format=geojson"
"uu80158086","2026-09-27T07:44:49Z","2026-09-27T03:44:49-04:00","2026-09-28T17:05:47Z","2.5","2.45","13 km NE of Hatch, Utah","37.7321666666667","-112.323833333333","United States of America","7.0","6.96",,,,,"reviewed","0","92","earthquake","M 2.5 - 13 km NE of Hatch, Utah","https://earthquake.usgs.gov/earthquakes/eventpage/uu80158086","https://earthquake.usgs.gov/fdsnws/event/1/query?eventid=uu80158086&format=geojson"
"nc75442942","2026-09-27T07:40:38Z","2026-09-27T03:40:38-04:00","2026-09-27T07:42:16Z","1.0","0.5","7 km NW of The Geysers, CA","38.8258323669434","-122.807334899902","United States of America","3.3","3.3",,,,,"automatic","0","4","earthquake","M 0.5 - 7 km NW of The Geysers, CA","https://earthquake.usgs.gov/earthquakes/eventpage/nc75442942","https://earthquake.usgs.gov/fdsnws/event/1/query?eventid=nc75442942&format=geojson"
"uw714110362","2026-09-27T07:38:17Z","2026-09-27T03:38:17-04:00","2026-09-28T18:06:24Z","-0.2","-0.21","23 km ENE of Ashford, Washington","46.856","-121.756666666667","United States of America","1.2","1.22",,,,,"reviewed","0","0","earthquake","M -0.2 - 23 km ENE of Ashford, Washington","https://earthquake.usgs.gov/earthquakes/eventpage/uw714110362","https://earthquake.usgs.gov/fdsnws/event/1/query?eventid=uw714110362&format=geojson"
"ci41339751","2026-09-27T07:29:30Z","2026-09-27T03:29:30-04:00","2026-09-28T14:45:58Z","1.5","1.5","3 km SW of Brawley, CA","32.9568333333333","-115.549666666667","United States of America","8.8","8.8",,,,,"reviewed","0","35","earthquake","M 1.5 - 3 km SW of Brawley, CA","https://earthquake.usgs.gov/earthquakes/eventpage/ci41339751","https://earthquake.usgs.gov/fdsnws/event/1/query?eventid=ci41339751&format=geojson"
"nn00924939","2026-09-27T07:18:53Z","2026-09-27T03:18:53-04:00","2026-09-28T15:33:21Z","3.3","3.3","21 km W of Preston, Nevada","38.9253","-115.3111","United States of America","6.0","6",,,,,"reviewed","0","168","earthquake","M 3.3 - 21 km W of Preston, Nevada","https://earthquake.usgs.gov/earthquakes/eventpage/nn00924939","https://earthquake.usgs.gov/fdsnws/event/1/query?eventid=nn00924939&format=geojson"
"nn00924934","2026-09-27T07:12:58Z","2026-09-27T03:12:58-04:00","2026-09-28T02:04:21Z","3.0","2.97","20 km W of Preston, Nevada","38.9231","-115.3002","United States of America","3.5","3.5438",,,,,"reviewed","0","136","earthquake","M 3.0 - 20 km W of Preston, Nevada","https://earthquake.usgs.gov/earthquakes/eventpage/nn00924934","https://earthquake.usgs.gov/fdsnws/event/1/query?eventid=nn00924934&format=geojson"
"ci41339743","2026-09-27T07:12:48Z","2026-09-27T03:12:48-04:00","2026-09-28T16:45:00Z","0.0","-0.03","12 km W of Anza, CA","33.5743333333333","-116.803666666667","United States of America","5.7","5.74","1","2.2",,,"reviewed","0","0","earthquake","M 0.0 - 12 km W of Anza, CA","https://earthquake.usgs.gov/earthquakes/eventpage/ci41339743","https://earthquake.usgs.gov/fdsnws/event/1/query?eventid=ci41339743&format=geojson"
"ci41339735","2026-09-27T07:03:25Z","2026-09-27T03:03:25-04:00","2026-09-28T19:40:04Z","1.4","1.39","16 km WSW of Johannesburg, CA","35.3095","-117.7905","United States of America","6.8","6.83",,,,,"reviewed","0","30","earthquake","M 1.4 - 16 km WSW of Johannesburg, CA","https://earthquake.usgs.gov/earthquakes/eventpage/ci41339735","https://earthquake.usgs.gov/fdsnws/event/1/query?eventid=ci41339735&format=geojson"
"nn00924930","2026-09-27T07:01:41Z","2026-09-27T03:01:41-04:00","2026-09-29T17:01:08Z","4.1","4.07","21 km W of Preston, Nevada","38.9319","-115.3083","United States of America","6.0","6","7","4.3","4.001","green","reviewed","0","258","earthquake","M 4.1 - 21 km W of Preston, Nevada","https://earthquake.usgs.gov/earthquakes/eventpage/nn00924930","https://earthquake.usgs.gov/fdsnws/event/1/query?eventid=nn00924930&format=geojson"
"ci41339727","2026-09-27T07:00:41Z","2026-09-27T03:00:41-04:00","2026-09-28T13:46:19Z","1.0","0.91","1 km S of Garnet, CA","33.8925","-116.5465","United States of America","12.2","12.2",,,,,"reviewed","0","13","earthquake","M 0.9 - 1 km S of Garnet, CA","https://earthquake.usgs.gov/earthquakes/eventpage/ci41339727","https://earthquake.usgs.gov/fdsnws/event/1/query?eventid=ci41339727&format=geojson"
"nc75442917","2026-09-27T07:00:00Z","2026-09-27T03:00:00-04:00","2026-09-27T07:32:24Z","1.3","1.27","5 km WNW of The Geysers, CA","38.791332244873","-122.811836242676","United States of America","1.0","0.97",,,,,"automatic","0","25","earthquake","M 1.3 - 5 km WNW of The Geysers, CA","https://earthquake.usgs.gov/earthquakes/eventpage/nc75442917","https://earthquake.usgs.gov/fdsnws/event/1/query?eventid=nc75442917&format=geojson"
"ci41339719","2026-09-27T06:53:05Z","2026-09-27T02:53:05-04:00","2026-09-28T13:46:40Z","1.0","0.93","16 km WSW of Johannesburg, CA","35.3118333333333","-117.7915","United States of America","6.3","6.27",,,,,"reviewed","0","13","earthquake","M 0.9 - 16 km WSW of Johannesburg, CA","https://earthquake.usgs.gov/earthquakes/eventpage/ci41339719","https://earthquake.usgs.gov/fdsnws/event/1/query?eventid=ci41339719&format=geojson"
"uu80008108","2026-09-27T06:51:31Z","2026-09-27T02:51:31-04:00","2026-09-28T15:54:33Z","1.0","0.77","10 km NE of Hildale, Utah","37.0766666666667","-112.891","United States of America","17.2","17.24",,,,,"reviewed","0","9","earthquake","M 0.8 - 10 km NE of Hildale, Utah","https://earthquake.usgs.gov/earthquakes/eventpage/uu80008108","https://earthquake.usgs.gov/fdsnws/event/1/query?eventid=uu80008108&format=geojson"
"uu80008113","2026-09-27T06:47:53Z","2026-09-27T02:47:53-04:00","2026-09-28T15:40:58Z","1.3","1.33","11 km NE of Hildale, Utah","37.0863333333333","-112.895666666667","United States of America","14.0","13.97",,,,,"reviewed","0","27","earthquake","M 1.3 - 11 km NE of Hildale, Utah","https://earthquake.usgs.gov/earthquakes/eventpage/uu80008113","https://earthquake.usgs.gov/fdsnws/event/1/query?eventid=uu80008113&format=geojson"
"uu80158056","2026-09-27T06:47:29Z","2026-09-27T02:47:29-04:00","2026-09-28T15:34:13Z","1.3","1.31","17 km WNW of Orangeville, Utah","39.3115","-111.221","United States of America","-1.4","-1.4",,,,,"reviewed","0","26","earthquake","M 1.3 - 17 km WNW of Orangeville, Utah","https://earthquake.usgs.gov/earthquakes/eventpage/uu80158056","https://earthquake.usgs.gov/fdsnws/event/1/query?eventid=uu80158056&format=geojson"
"nc75442912","2026-09-27T06:44:43Z","2026-09-27T02:44:43-04:00","2026-09-27T06:46:21Z","1.0","0.67","6 km WNW of Cobb, CA","38.8346672058105","-122.793334960938","United States of America","1.9","1.93",,,,,"automatic","0","7","earthquake","M 0.7 - 6 km WNW of Cobb, CA","https://earthquake.usgs.gov/earthquakes/eventpage/nc75442912","https://earthquake.usgs.gov/fdsnws/event/1/query?eventid=nc75442912&format=geojson"
"nc75442907","2026-09-27T06:35:40Z","2026-09-27T02:35:40-04:00","2026-09-27T06:37:16Z","1.0","0.68","11 km NW of The Geysers, CA","38.8470001220703","-122.84700012207","United States of America","1.2","1.16",,,,,"automatic","0","7","earthquake","M 0.7 - 11 km NW of The Geysers, CA","https://earthquake.usgs.gov/earthquakes/eventpage/nc75442907","https://earthquake.usgs.gov/fdsnws/event/1/query?eventid=nc75442907&format=geojson"
"nc75442902","2026-09-27T06:29:41Z","2026-09-27T02:29:41-04:00","2026-09-27T07:07:20Z","2.2","2.2","32 km NE of Redway, CA","40.3120002746582","-123.540496826172","United States of America","30.6","30.63","1","0",,,"automatic","0","74","earthquake","M 2.2 - 32 km NE of Redway, CA","https://earthquake.usgs.gov/earthquakes/eventpage/nc75442902","https://earthquake.usgs.gov/fdsnws/event/1/query?eventid=nc75442902&format=geojson"
"pr71534808","2026-09-27T06:25:25Z","2026-09-27T02:25:25-04:00","2026-09-27T07:09:18Z","2.3","2.3","5 km SW of Guánica, Puerto Rico","17.9355","-66.9466666666667","Puerto Rico","7.4","7.36",,,,,"reviewed","0","81","earthquake","M 2.3 - 5 km SW of Guánica, Puerto Rico","https://earthquake.usgs.gov/earthquakes/eventpage/pr71534808","https://earthquake.usgs.gov/fdsnws/event/1/query?eventid=pr71534808&format=geojson"
"nc75442897","2026-09-27T06:10:53Z","2026-09-27T02:10:53-04:00","2026-09-27T06:42:21Z","1.2","1.19","1 km WSW of Anderson Springs, CA","38.7703323364258","-122.703666687012","United States of America","2.4","2.42",,,,,"automatic","0","22","earthquake","M 1.2 - 1 km WSW of Anderson Springs, CA","https://earthquake.usgs.gov/earthquakes/eventpage/nc75442897","https://earthquake.usgs.gov/fdsnws/event/1/query?eventid=nc75442897&format=geojson"
"pr71534818","2026-09-27T06:06:32Z","2026-09-27T02:06:32-04:00","2026-09-27T07:25:17Z","1.2","1.23","6 km SW of Guánica, Puerto Rico","17.9245","-66.9476666666667","Puerto Rico","6.5","6.52",,,,,"reviewed","0","23","earthquake","M 1.2 - 6 km SW of Guánica, Puerto Rico","https://earthquake.usgs.gov/earthquakes/eventpage/pr71534818","https://earthquake.usgs.gov/fdsnws/event/1/query?eventid=pr71534818&format=geojson"
"pr71534788","2026-09-27T06:06:03Z","2026-09-27T02:06:03-04:00","2026-09-27T06:41:04Z","2.0","2.01","8 km SSW of Guánica, Puerto Rico","17.9066666666667","-66.9518333333333","Puerto Rico","8.4","8.37",,,,,"reviewed","0","62","earthquake","M 2.0 - 8 km SSW of Guánica, Puerto Rico","https://earthquake.usgs.gov/earthquakes/eventpage/pr71534788","https://earthquake.usgs.gov/fdsnws/event/1/query?eventid=pr71534788&format=geojson"
"pr71534823","2026-09-27T06:05:40Z","2026-09-27T02:05:40-04:00","2026-09-27T07:38:38Z","1.2","1.2","6 km SW of Guánica, Puerto Rico","17.9211666666667","-66.9456666666667","Puerto Rico","6.8","6.76",,,,,"reviewed","0","22","earthquake","M 1.2 - 6 km SW of Guánica, Puerto Rico","https://earthquake.usgs.gov/earthquakes/eventpage/pr71534823","https://earthquake.usgs.gov/fdsnws/event/1/query?eventid=pr71534823&format=geojson"
"nc75442892","2026-09-27T05:52:16Z","2026-09-27T01:52:16-04:00","2026-09-27T05:53:55Z","1.1","1.05","5 km WNW of The Geysers, CA","38.7946662902832","-122.810836791992","United States of America","2.8","2.84",,,,,"automatic","0","17","earthquake","M 1.1 - 5 km WNW of The Geysers, CA","https://earthquake.usgs.gov/earthquakes/eventpage/nc75442892","https://earthquake.usgs.gov/fdsnws/event/1/query?eventid=nc75442892&format=geojson"
"uu80008118","2026-09-27T05:39:19Z","2026-09-27T01:39:19-04:00","2026-09-28T15:30:55Z","1.0","0.54","8 km E of North Logan, Utah","41.7701666666667","-111.696833333333","United States of America","14.0","14",,,,,"reviewed","0","4","earthquake","M 0.5 - 8 km E of North Logan, Utah","https://earthquake.usgs.gov/earthquakes/eventpage/uu80008118","https://earthquake.usgs.gov/fdsnws/event/1/query?eventid=uu80008118&format=geojson"
"nc75442887","2026-09-27T05:35:08Z","2026-09-27T01:35:08-04:00","2026-09-27T05:36:44Z","1.0","1.03","6 km WNW of Cobb, CA","38.8385009765625","-122.784164428711","United States of America","1.0","1.01",,,,,"automatic","0","16","earthquake","M 1.0 - 6 km WNW of Cobb, CA","https://earthquake.usgs.gov/earthquakes/eventpage/nc75442887","https://earthquake.usgs.gov/fdsnws/event/1/query?eventid=nc75442887&format=geojson"
"uw714110322","2026-09-27T05:28:32Z","2026-09-27T01:28:32-04:00","2026-09-27T13:42:48Z","1.0","0.55","7 km NNE of Swede Heaven, Washington","48.3496666666667","-121.692","United States of America","4.7","4.66",,,,,"reviewed","0","5","earthquake","M 0.6 - 7 km NNE of Swede Heaven, Washington","https://earthquake.usgs.gov/earthquakes/eventpage/uw714110322","https://earthquake.usgs.gov/fdsnws/event/1/query?eventid=uw714110322&format=geojson"
"tx2026taffpj","2026-09-27T05:28:12Z","2026-09-27T01:28:12-04:00","2026-10-02T09:33:13Z","1.3","1.3","40 km ESE of Malaga, New Mexico","32.078","-103.679","United States of America","7.8","7.843",,,,,"reviewed","0","26","earthquake","M 1.3 - 40 km ESE of Malaga, New Mexico","https://earthquake.usgs.gov/earthquakes/eventpage/tx2026taffpj","https://earthquake.usgs.gov/fdsnws/event/1/query?eventid=tx2026taffpj&format=geojson"
"nc75442877","2026-09-27T05:27:02Z","2026-09-27T01:27:02-04:00","2026-09-27T05:28:39Z","1.0","0.31","8 km NW of The Geysers, CA","38.8326683044434","-122.817001342773","United States of America","2.4","2.41",,,,,"automatic","0","1","earthquake","M 0.3 - 8 km NW of The Geysers, CA","https://earthquake.usgs.gov/earthquakes/eventpage/nc75442877","https://earthquake.usgs.gov/fdsnws/event/1/query?eventid=nc75442877&format=geojson"
"nc75442867","2026-09-27T05:25:24Z","2026-09-27T01:25:24-04:00","2026-09-27T05:26:59Z","1.0","0.56","8 km NW of The Geysers, CA","38.8330001831055","-122.815170288086","United States of America","1.4","1.37",,,,,"automatic","0","5","earthquake","M 0.6 - 8 km NW of The Geysers, CA","https://earthquake.usgs.gov/earthquakes/eventpage/nc75442867","https://earthquake.usgs.gov/fdsnws/event/1/query?eventid=nc75442867&format=geojson"
"nc75442862","2026-09-27T05:25:06Z","2026-09-27T01:25:06-04:00","2026-09-27T06:12:19Z","1.3","1.28","8 km NW of The Geysers, CA","38.8320007324219","-122.813835144043","United States of America","1.5","1.47",,,,,"automatic","0","25","earthquake","M 1.3 - 8 km NW of The Geysers, CA","https://earthquake.usgs.gov/earthquakes/eventpage/nc75442862","https://earthquake.usgs.gov/fdsnws/event/1/query?eventid=nc75442862&format=geojson"
"nm60628271","2026-09-27T05:05:38Z","2026-09-27T01:05:38-04:00","2026-09-27T13:21:08Z","1.9","1.9","9 km N of New Madrid, Missouri","36.6675","-89.5385","United States of America","8.2","8.19",,,,,"reviewed","0","56","earthquake","M 1.9 - 9 km N of New Madrid, Missouri","https://earthquake.usgs.gov/earthquakes/eventpage/nm60628271","https://earthquake.usgs.gov/fdsnws/event/1/query?eventid=nm60628271&format=geojson"
"ci41339711","2026-09-27T05:04:24Z","2026-09-27T01:04:24-04:00","2026-09-28T13:46:44Z","1.0","0.54","4 km WNW of Anza, CA","33.5751666666667","-116.714166666667","United States of America","11.8","11.8",,,,,"reviewed","0","4","earthquake","M 0.5 - 4 km WNW of Anza, CA","https://earthquake.usgs.gov/earthquakes/eventpage/ci41339711","https://earthquake.usgs.gov/fdsnws/event/1/query?eventid=ci41339711&format=geojson"
"ci41339703","2026-09-27T05:00:00Z","2026-09-27T01:00:00-04:00","2026-09-28T21:48:33Z","1.0","0.37","8 km WNW of Anza, CA","33.5823333333333","-116.7585","United States of America","11.9","11.87",,,,,"reviewed","0","2","earthquake","M 0.4 - 8 km WNW of Anza, CA","https://earthquake.usgs.gov/earthquakes/eventpage/ci41339703","https://earthquake.usgs.gov/fdsnws/event/1/query?eventid=ci41339703&format=geojson"
"tx2026taedwy","2026-09-27T04:56:02Z","2026-09-27T00:56:02-04:00","2026-10-02T09:25:30Z","1.5","1.5","58 km S of Whites City, New Mexico","31.653","-104.422","United States of America","5.2","5.2283",,,,,"reviewed","0","35","earthquake","M 1.5 - 58 km S of Whites City, New Mexico","https://earthquake.usgs.gov/earthquakes/eventpage/tx2026taedwy","https://earthquake.usgs.gov/fdsnws/event/1/query?eventid=tx2026taedwy&format=geojson"
"ci41339695","2026-09-27T04:52:32Z","2026-09-27T00:52:32-04:00","2026-09-29T14:26:34Z","1.0","1.02","21 km ENE of Thermal, CA","33.7278333333333","-115.94","United States of America","2.4","2.39",,,,,"reviewed","0","16","earthquake","M 1.0 - 21 km ENE of Thermal, CA","https://earthquake.usgs.gov/earthquakes/eventpage/ci41339695","https://earthquake.usgs.gov/fdsnws/event/1/query?eventid=ci41339695&format=geojson"
"nc75442847","2026-09-27T04:40:15Z","2026-09-27T00:40:15-04:00","2026-09-27T04:41:49Z","1.0","0.72","3 km NNW of The Geysers, CA","38.8046684265137","-122.772499084473","United States of America","0.8","0.8",,,,,"automatic","0","8","earthquake","M 0.7 - 3 km NNW of The Geysers, CA","https://earthquake.usgs.gov/earthquakes/eventpage/nc75442847","https://earthquake.usgs.gov/fdsnws/event/1/query?eventid=nc75442847&format=geojson"
"nc75442842","2026-09-27T04:18:48Z","2026-09-27T00:18:48-04:00","2026-09-27T04:20:25Z","1.1","1.06","5 km WNW of The Geysers, CA","38.7946662902832","-122.810668945312","United States of America","3.0","2.96",,,,,"automatic","0","17","earthquake","M 1.1 - 5 km WNW of The Geysers, CA","https://earthquake.usgs.gov/earthquakes/eventpage/nc75442842","https://earthquake.usgs.gov/fdsnws/event/1/query?eventid=nc75442842&format=geojson"
"nm60628261","2026-09-27T03:54:00Z","2026-09-26T23:54:00-04:00","2026-09-27T15:57:21Z","2.0","2.03","7 km SSE of Ridgely, Tennessee","36.203","-89.4543333333333","United States of America","8.7","8.73",,,,,"reviewed","0","63","earthquake","M 2.0 - 7 km SSE of Ridgely, Tennessee","https://earthquake.usgs.gov/earthquakes/eventpage/nm60628261","https://earthquake.usgs.gov/fdsnws/event/1/query?eventid=nm60628261&format=geojson"
"tx2026tabvtz","2026-09-27T03:46:28Z","2026-09-26T23:46:28-04:00","2026-10-02T09:18:37Z","1.5","1.5","56 km S of Whites City, New Mexico","31.668","-104.437","United States of America","6.1","6.0999",,,,,"reviewed","0","35","earthquake","M 1.5 - 56 km S of Whites City, New Mexico","https://earthquake.usgs.gov/earthquakes/eventpage/tx2026tabvtz","https://earthquake.usgs.gov/fdsnws/event/1/query?eventid=tx2026tabvtz&format=geojson"
"pr71534778","2026-09-27T03:34:09Z","2026-09-26T23:34:09-04:00","2026-09-27T04:33:57Z","2.1","2.07","3 km W of Fuig, Puerto Rico","17.9838333333333","-66.9441666666667","Puerto Rico","5.9","5.85",,,,,"reviewed","0","66","earthquake","M 2.1 - 3 km W of Fuig, Puerto Rico","https://earthquake.usgs.gov/earthquakes/eventpage/pr71534778","https://earthquake.usgs.gov/fdsnws/event/1/query?eventid=pr71534778&format=geojson"
"ci41339679","2026-09-27T03:30:32Z","2026-09-26T23:30:32-04:00","2026-09-28T13:48:42Z","1.2","1.21","20 km ESE of Anza, CA","33.4838333333333","-116.48","United States of America","13.0","12.98",,,,,"reviewed","0","23","earthquake","M 1.2 - 20 km ESE of Anza, CA","https://earthquake.usgs.gov/earthquakes/eventpage/ci41339679","https://earthquake.usgs.gov/fdsnws/event/1/query?eventid=ci41339679&format=geojson"
"ci41339671","2026-09-27T03:29:45Z","2026-09-26T23:29:45-04:00","2026-09-28T17:45:22Z","2.3","2.3","20 km ESE of Anza, CA","33.4791666666667","-116.483333333333","United States of America","14.3","14.27",,,,,"reviewed","0","81","earthquake","M 2.3 - 20 km ESE of Anza, CA","https://earthquake.usgs.gov/earthquakes/eventpage/ci41339671","https://earthquake.usgs.gov/fdsnws/event/1/query?eventid=ci41339671&format=geojson"
"ci10254430","2026-09-27T03:29:35Z","2026-09-26T23:29:35-04:00","2026-09-28T18:03:15Z","1.6","1.59","23 km ESE of Anza, CA","33.4855","-116.440666666667","United States of America","19.8","19.79",,,,,"reviewed","0","39","earthquake","M 1.6 - 23 km ESE of Anza, CA","https://earthquake.usgs.gov/earthquakes/eventpage/ci10254430","https://earthquake.usgs.gov/fdsnws/event/1/query?eventid=ci10254430&format=geojson"
"ci41339663","2026-09-27T03:29:29Z","2026-09-26T23:29:29-04:00","2026-09-28T13:51:29Z","1.6","1.6","20 km ESE of Anza, CA","33.4796666666667","-116.483","United States of America","13.9","13.86",,,,,"reviewed","0","39","earthquake","M 1.6 - 20 km ESE of Anza, CA","https://earthquake.usgs.gov/earthquakes/eventpage/ci41339663","https://earthquake.usgs.gov/fdsnws/event/1/query?eventid=ci41339663&format=geojson"
"nc75442817","2026-09-27T02:55:57Z","2026-09-26T22:55:57-04:00","2026-09-27T04:52:23Z","1.4","1.41","6 km ESE of Redwood Valley, CA","39.2523345947266","-123.132164001465","United States of America","5.0","4.96",,,,,"automatic","0","31","earthquake","M 1.4 - 6 km ESE of Redwood Valley, CA","https://earthquake.usgs.gov/earthquakes/eventpage/nc75442817","https://earthquake.usgs.gov/fdsnws/event/1/query?eventid=nc75442817&format=geojson"
"ci41339655","2026-09-27T02:51:17Z","2026-09-26T22:51:17-04:00","2026-09-28T13:52:34Z","1.2","1.18","5 km NE of Banning, CA","33.9576666666667","-116.845833333333","United States of America","8.6","8.59",,,,,"reviewed","0","21","earthquake","M 1.2 - 5 km NE of Banning, CA","https://earthquake.usgs.gov/earthquakes/eventpage/ci41339655","https://earthquake.usgs.gov/fdsnws/event/1/query?eventid=ci41339655&format=geojson"
"nc75442812","2026-09-27T02:48:08Z","2026-09-26T22:48:08-04:00","2026-09-27T04:27:19Z","1.7","1.69","10 km W of Boonville, CA","39.0115013122559","-123.483665466309","United States of America","1.3","1.32",,,,,"automatic","0","44","earthquake","M 1.7 - 10 km W of Boonville, CA","https://earthquake.usgs.gov/earthquakes/eventpage/nc75442812","https://earthquake.usgs.gov/fdsnws/event/1/query?eventid=nc75442812&format=geojson"
"uu80158051","2026-09-27T02:41:58Z","2026-09-26T22:41:58-04:00","2026-09-28T15:06:22Z","2.7","2.69","15 km E of Kenilworth, Utah","39.711","-110.621666666667","United States of America","3.2","3.21",,,,,"reviewed","0","111","earthquake","M 2.7 - 15 km E of Kenilworth, Utah","https://earthquake.usgs.gov/earthquakes/eventpage/uu80158051","https://earthquake.usgs.gov/fdsnws/event/1/query?eventid=uu80158051&format=geojson"
"nc75442802","2026-09-27T02:36:14Z","2026-09-26T22:36:14-04:00","2026-09-27T04:07:23Z","1.1","1.12","2 km NNW of The Geysers, CA","38.7934989929199","-122.769996643066","United States of America","4.0","3.96",,,,,"automatic","0","19","earthquake","M 1.1 - 2 km NNW of The Geysers, CA","https://earthquake.usgs.gov/earthquakes/eventpage/nc75442802","https://earthquake.usgs.gov/fdsnws/event/1/query?eventid=nc75442802&format=geojson"
"ci10254598","2026-09-27T02:06:46Z","2026-09-26T22:06:46-04:00","2026-09-29T18:31:20Z","1.0","0.84","16 km WSW of Johannesburg, CA","35.3215","-117.797","United States of America","2.9","2.89",,,,,"reviewed","0","11","earthquake","M 0.8 - 16 km WSW of Johannesburg, CA","https://earthquake.usgs.gov/earthquakes/eventpage/ci10254598","https://earthquake.usgs.gov/fdsnws/event/1/query?eventid=ci10254598&format=geojson"
"ci41339647","2026-09-27T02:06:39Z","2026-09-26T22:06:39-04:00","2026-09-29T18:31:38Z","1.1","1.07","16 km WSW of Johannesburg, CA","35.3088333333333","-117.795166666667","United States of America","6.7","6.74",,,,,"reviewed","0","18","earthquake","M 1.1 - 16 km WSW of Johannesburg, CA","https://earthquake.usgs.gov/earthquakes/eventpage/ci41339647","https://earthquake.usgs.gov/fdsnws/event/1/query?eventid=ci41339647&format=geojson"
"nc75442787","2026-09-27T01:47:25Z","2026-09-26T21:47:25-04:00","2026-09-27T03:07:23Z","1.1","1.13","8 km SSE of Sunol, CA","37.5423316955566","-121.841331481934","United States of America","9.2","9.2",,,,,"automatic","0","20","earthquake","M 1.1 - 8 km SSE of Sunol, CA","https://earthquake.usgs.gov/earthquakes/eventpage/nc75442787","https://earthquake.usgs.gov/fdsnws/event/1/query?eventid=nc75442787&format=geojson"
"ci41339639","2026-09-27T01:41:01Z","2026-09-26T21:41:01-04:00","2026-09-28T13:51:46Z","1.0","0.92","6 km NNE of Yucca Valley, CA","34.1605","-116.3955","United States of America","2.4","2.37",,,,,"reviewed","0","13","earthquake","M 0.9 - 6 km NNE of Yucca Valley, CA","https://earthquake.usgs.gov/earthquakes/eventpage/ci41339639","https://earthquake.usgs.gov/fdsnws/event/1/query?eventid=ci41339639&format=geojson"
"nc75442782","2026-09-27T01:36:17Z","2026-09-26T21:36:17-04:00","2026-09-27T02:37:21Z","1.9","1.85","5 km SE of Pinnacles, CA","36.5029983520508","-121.104331970215","United States of America","0.1","0.14",,,,,"automatic","0","53","earthquake","M 1.9 - 5 km SE of Pinnacles, CA","https://earthquake.usgs.gov/earthquakes/eventpage/nc75442782","https://earthquake.usgs.gov/fdsnws/event/1/query?eventid=nc75442782&format=geojson"
"nc75442767","2026-09-27T01:26:44Z","2026-09-26T21:26:44-04:00","2026-09-27T01:28:19Z","1.1","1.06","1 km ENE of The Geysers, CA","38.7826652526855","-122.744834899902","United States of America","0.6","0.58",,,,,"automatic","0","17","earthquake","M 1.1 - 1 km ENE of The Geysers, CA","https://earthquake.usgs.gov/earthquakes/eventpage/nc75442767","https://earthquake.usgs.gov/fdsnws/event/1/query?eventid=nc75442767&format=geojson"
"nc75442762","2026-09-27T01:21:09Z","2026-09-26T21:21:09-04:00","2026-09-27T01:42:23Z","2.4","2.4","1 km SSW of Novato, CA","38.0966682434082","-122.574668884277","United States of America","8.0","8.02",,,,,"automatic","0","89","earthquake","M 2.4 - 1 km SSW of Novato, CA","https://earthquake.usgs.gov/earthquakes/eventpage/nc75442762","https://earthquake.usgs.gov/fdsnws/event/1/query?eventid=nc75442762&format=geojson"
"tx2026szuhde","2026-09-26T23:58:09Z","2026-09-26T19:58:09-04:00","2026-09-28T16:07:55Z","1.8","1.8","55 km NW of Toyah, Texas","31.656","-104.222","United States of America","7.1","7.1252",,,,,"reviewed","0","50","earthquake","M 1.8 - 55 km NW of Toyah, Texas","https://earthquake.usgs.gov/earthquakes/eventpage/tx2026szuhde","https://earthquake.usgs.gov/fdsnws/event/1/query?eventid=tx2026szuhde&format=geojson"
"ci41339631","2026-09-26T23:52:54Z","2026-09-26T19:52:54-04:00","2026-09-28T20:49:34Z","1.4","1.38","17 km WSW of Johannesburg, CA","35.3111666666667","-117.8015","United States of America","6.2","6.16",,,,,"reviewed","0","29","earthquake","M 1.4 - 17 km WSW of Johannesburg, CA","https://earthquake.usgs.gov/earthquakes/eventpage/ci41339631","https://earthquake.usgs.gov/fdsnws/event/1/query?eventid=ci41339631&format=geojson"
"tx2026sztxwx","2026-09-26T23:47:25Z","2026-09-26T19:47:25-04:00","2026-10-01T17:15:07Z","1.8","1.8","55 km SSW of Whites City, New Mexico","31.696","-104.555","United States of America","4.6","4.5618",,,,,"reviewed","0","50","earthquake","M 1.8 - 55 km SSW of Whites City, New Mexico","https://earthquake.usgs.gov/earthquakes/eventpage/tx2026sztxwx","https://earthquake.usgs.gov/fdsnws/event/1/query?eventid=tx2026sztxwx&format=geojson"
"nc75442712","2026-09-26T23:44:51Z","2026-09-26T19:44:51-04:00","2026-09-26T23:46:29Z","1.1","1.06","2 km N of The Geysers, CA","38.792667388916","-122.759834289551","United States of America","2.4","2.35",,,,,"automatic","0","17","earthquake","M 1.1 - 2 km N of The Geysers, CA","https://earthquake.usgs.gov/earthquakes/eventpage/nc75442712","https://earthquake.usgs.gov/fdsnws/event/1/query?eventid=nc75442712&format=geojson"
"tx2026sztofm","2026-09-26T23:36:21Z","2026-09-26T19:36:21-04:00","2026-10-02T17:17:04Z","1.3","1.3","23 km W of Coyanosa, Texas","31.251","-103.311","United States of America","2.8","2.8186",,,,,"reviewed","0","26","earthquake","M 1.3 - 23 km W of Coyanosa, Texas","https://earthquake.usgs.gov/earthquakes/eventpage/tx2026sztofm","https://earthquake.usgs.gov/fdsnws/event/1/query?eventid=tx2026sztofm&format=geojson"
"tx2026sztlax","2026-09-26T23:32:26Z","2026-09-26T19:32:26-04:00","2026-10-01T17:00:53Z","1.6","1.6","17 km E of Pearsall, Texas","28.865","-98.919","United States of America","5.0","4.9605",,,,,"reviewed","0","39","earthquake","M 1.6 - 17 km E of Pearsall, Texas","https://earthquake.usgs.gov/earthquakes/eventpage/tx2026sztlax","https://earthquake.usgs.gov/fdsnws/event/1/query?eventid=tx2026sztlax&format=geojson"
"ci41339623","2026-09-26T22:57:34Z","2026-09-26T18:57:34-04:00","2026-09-28T14:00:30Z","1.0","0.63","8 km WNW of Anza, CA","33.5821666666667","-116.759333333333","United States of America","12.0","12.04",,,,,"reviewed","0","6","earthquake","M 0.6 - 8 km WNW of Anza, CA","https://earthquake.usgs.gov/earthquakes/eventpage/ci41339623","https://earthquake.usgs.gov/fdsnws/event/1/query?eventid=ci41339623&format=geojson"
"tx2026szrcnm","2026-09-26T22:22:10Z","2026-09-26T18:22:10-04:00","2026-10-02T17:36:17Z","1.5","1.5","12 km ESE of Pearsall, Texas","28.846","-98.98","United States of America","6.9","6.8852",,,,,"reviewed","0","35","earthquake","M 1.5 - 12 km ESE of Pearsall, Texas","https://earthquake.usgs.gov/earthquakes/eventpage/tx2026szrcnm","https://earthquake.usgs.gov/fdsnws/event/1/query?eventid=tx2026szrcnm&format=geojson"
"ci41339615","2026-09-26T22:06:10Z","2026-09-26T18:06:10-04:00","2026-09-28T13:52:38Z","1.6","1.61","9 km WSW of Grapevine, CA","34.9151666666667","-119.025333333333","United States of America","9.0","8.95",,,,,"reviewed","0","40","earthquake","M 1.6 - 9 km WSW of Grapevine, CA","https://earthquake.usgs.gov/earthquakes/eventpage/ci41339615","https://earthquake.usgs.gov/fdsnws/event/1/query?eventid=ci41339615&format=geojson"
"tx2026szqncz","2026-09-26T22:04:28Z","2026-09-26T18:04:28-04:00","2026-09-28T16:19:45Z","1.2","1.2","4 km SSW of Forsan, Texas","32.072","-101.38","United States of America","7.9","7.8857",,,,,"reviewed","0","22","earthquake","M 1.2 - 4 km SSW of Forsan, Texas","https://earthquake.usgs.gov/earthquakes/eventpage/tx2026szqncz","https://earthquake.usgs.gov/fdsnws/event/1/query?eventid=tx2026szqncz&format=geojson"
"nc75442622","2026-09-26T21:58:59Z","2026-09-26T17:58:59-04:00","2026-09-26T23:27:22Z","1.3","1.33","2 km NNW of The Geysers, CA","38.7911682128906","-122.761001586914","United States of America","1.9","1.93",,,,,"automatic","0","27","earthquake","M 1.3 - 2 km NNW of The Geysers, CA","https://earthquake.usgs.gov/earthquakes/eventpage/nc75442622","https://earthquake.usgs.gov/fdsnws/event/1/query?eventid=nc75442622&format=geojson"
"ci41339599","2026-09-26T21:57:58Z","2026-09-26T17:57:58-04:00","2026-09-28T13:52:36Z","1.1","1.05","17 km N of Indio, CA","33.872","-116.205333333333","United States of America","8.0","8.02",,,,,"reviewed","0","17","earthquake","M 1.1 - 17 km N of Indio, CA","https://earthquake.usgs.gov/earthquakes/eventpage/ci41339599","https://earthquake.usgs.gov/fdsnws/event/1/query?eventid=ci41339599&format=geojson"
"tx2026szpwsb","2026-09-26T21:45:17Z","2026-09-26T17:45:17-04:00","2026-09-28T16:48:08Z","1.7","1.7","17 km ESE of Pearsall, Texas","28.847","-98.923","United States of America","8.6","8.6046",,,,,"reviewed","0","44","earthquake","M 1.7 - 17 km ESE of Pearsall, Texas","https://earthquake.usgs.gov/earthquakes/eventpage/tx2026szpwsb","https://earthquake.usgs.gov/fdsnws/event/1/query?eventid=tx2026szpwsb&format=geojson"
"tx2026szprll","2026-09-26T21:39:26Z","2026-09-26T17:39:26-04:00","2026-09-28T17:05:30Z","1.7","1.7","16 km SSE of Lindsay, Texas","31.236","-103.465","United States of America","3.5","3.4595",,,,,"reviewed","0","44","earthquake","M 1.7 - 16 km SSE of Lindsay, Texas","https://earthquake.usgs.gov/earthquakes/eventpage/tx2026szprll","https://earthquake.usgs.gov/fdsnws/event/1/query?eventid=tx2026szprll&format=geojson"
"nc75442612","2026-09-26T21:32:06Z","2026-09-26T17:32:06-04:00","2026-09-26T22:07:22Z","1.2","1.21","8 km SSE of Sunol, CA","37.5415000915527","-121.84700012207","United States of America","8.1","8.12",,,,,"automatic","0","23","earthquake","M 1.2 - 8 km SSE of Sunol, CA","https://earthquake.usgs.gov/earthquakes/eventpage/nc75442612","https://earthquake.usgs.gov/fdsnws/event/1/query?eventid=nc75442612&format=geojson"
"nc75442597","2026-09-26T21:18:30Z","2026-09-26T17:18:30-04:00","2026-09-26T21:20:05Z","1.0","0.26","10 km WNW of The Geysers, CA","38.8235015869141","-122.853164672852","United States of America","2.7","2.65",,,,,"automatic","0","1","earthquake","M 0.3 - 10 km WNW of The Geysers, CA","https://earthquake.usgs.gov/earthquakes/eventpage/nc75442597","https://earthquake.usgs.gov/fdsnws/event/1/query?eventid=nc75442597&format=geojson"
"tx2026szodmt","2026-09-26T20:52:51Z","2026-09-26T16:52:51-04:00","2026-10-02T16:24:17Z","1.5","1.5","35 km WSW of Mentone, Texas","31.602","-103.949","United States of America","8.6","8.5608",,,,,"reviewed","0","35","earthquake","M 1.5 - 35 km WSW of Mentone, Texas","https://earthquake.usgs.gov/earthquakes/eventpage/tx2026szodmt","https://earthquake.usgs.gov/fdsnws/event/1/query?eventid=tx2026szodmt&format=geojson"
"tx2026szoalq","2026-09-26T20:49:18Z","2026-09-26T16:49:18-04:00","2026-09-26T21:00:11Z","2.8","2.8","17 km W of Charlotte, Texas","28.848","-98.884","United States of America","6.3","6.3136",,,,,"reviewed","0","121","earthquake","M 2.8 - 17 km W of Charlotte, Texas","https://earthquake.usgs.gov/earthquakes/eventpage/tx2026szoalq","https://earthquake.usgs.gov/fdsnws/event/1/query?eventid=tx2026szoalq&format=geojson"
"tx2026sznqpd","2026-09-26T20:37:50Z","2026-09-26T16:37:50-04:00","2026-09-26T21:09:42Z","2.7","2.7","16 km ESE of Pearsall, Texas","28.835","-98.941","United States of America","6.7","6.6925",,,,,"reviewed","0","112","earthquake","M 2.7 - 16 km ESE of Pearsall, Texas","https://earthquake.usgs.gov/earthquakes/eventpage/tx2026sznqpd","https://earthquake.usgs.gov/fdsnws/event/1/query?eventid=tx2026sznqpd&format=geojson"
"tx2026sznfrs","2026-09-26T20:25:12Z","2026-09-26T16:25:12-04:00","2026-10-02T17:30:31Z","2.1","2.1","17 km ESE of Pearsall, Texas","28.835","-98.927","United States of America","6.5","6.4833",,,,,"reviewed","0","68","earthquake","M 2.1 - 17 km ESE of Pearsall, Texas","https://earthquake.usgs.gov/earthquakes/eventpage/tx2026sznfrs","https://earthquake.usgs.gov/fdsnws/event/1/query?eventid=tx2026sznfrs&format=geojson"
"ok2026sxfe","2026-09-26T20:23:17Z","2026-09-26T16:23:17-04:00","2026-09-28T16:48:49Z","1.6","1.59","6 km SE of Chickasha, Oklahoma","35.01833333","-97.87416667","United States of America","9.4","9.35",,,,,"reviewed","0","39","earthquake","M 1.6 - 6 km SE of Chickasha, Oklahoma","https://earthquake.usgs.gov/earthquakes/eventpage/ok2026sxfe","https://earthquake.usgs.gov/fdsnws/event/1/query?eventid=ok2026sxfe&format=geojson"
"tx2026szmkom","2026-09-26T20:00:40Z","2026-09-26T16:00:40-04:00","2026-10-02T17:43:00Z","1.5","1.5","17 km ESE of Pearsall, Texas","28.814","-98.942","United States of America","7.7","7.7211",,,,,"reviewed","0","35","earthquake","M 1.5 - 17 km ESE of Pearsall, Texas","https://earthquake.usgs.gov/earthquakes/eventpage/tx2026szmkom","https://earthquake.usgs.gov/fdsnws/event/1/query?eventid=tx2026szmkom&format=geojson"
"ci41339583","2026-09-26T19:52:26Z","2026-09-26T15:52:26-04:00","2026-09-28T13:52:51Z","1.0","1","12 km E of Desert Hot Springs, CA","33.9653333333333","-116.371166666667","United States of America","8.5","8.53",,,,,"reviewed","0","15","earthquake","M 1.0 - 12 km E of Desert Hot Springs, CA","https://earthquake.usgs.gov/earthquakes/eventpage/ci41339583","https://earthquake.usgs.gov/fdsnws/event/1/query?eventid=ci41339583&format=geojson"
"mb90209348","2026-09-26T19:27:18Z","2026-09-26T15:27:18-04:00","2026-09-28T13:58:50Z","1.6","1.6","13 km ENE of Elliston, Montana","46.6265","-112.283","United States of America","6.9","6.87",,,,,"reviewed","0","39","earthquake","M 1.6 - 13 km ENE of Elliston, Montana","https://earthquake.usgs.gov/earthquakes/eventpage/mb90209348","https://earthquake.usgs.gov/fdsnws/event/1/query?eventid=mb90209348&format=geojson"
"tx2026szkutr","2026-09-26T19:12:13Z","2026-09-26T15:12:13-04:00","2026-09-28T17:09:51Z","1.8","1.8","34 km WSW of Mentone, Texas","31.602","-103.944","United States of America","8.2","8.2147",,,,,"reviewed","0","50","earthquake","M 1.8 - 34 km WSW of Mentone, Texas","https://earthquake.usgs.gov/earthquakes/eventpage/tx2026szkutr","https://earthquake.usgs.gov/fdsnws/event/1/query?eventid=tx2026szkutr&format=geojson"
"tx2026szkhnm","2026-09-26T18:57:02Z","2026-09-26T14:57:02-04:00","2026-09-28T17:14:14Z","1.7","1.7","33 km SE of Malaga, New Mexico","32.001","-103.835","United States of America","7.2","7.215",,,,,"reviewed","0","44","earthquake","M 1.7 - 33 km SE of Malaga, New Mexico","https://earthquake.usgs.gov/earthquakes/eventpage/tx2026szkhnm","https://earthquake.usgs.gov/fdsnws/event/1/query?eventid=tx2026szkhnm&format=geojson"
"ci41339567","2026-09-26T18:51:47Z","2026-09-26T14:51:47-04:00","2026-09-28T13:52:55Z","1.0","0.39","4 km WSW of Anza, CA","33.5386666666667","-116.707","United States of America","5.6","5.56",,,,,"reviewed","0","2","earthquake","M 0.4 - 4 km WSW of Anza, CA","https://earthquake.usgs.gov/earthquakes/eventpage/ci41339567","https://earthquake.usgs.gov/fdsnws/event/1/query?eventid=ci41339567&format=geojson"
"nc75442537","2026-09-26T18:48:05Z","2026-09-26T14:48:05-04:00","2026-09-26T18:49:39Z","1.0","0.81","2 km NNW of The Geysers, CA","38.7919998168945","-122.761001586914","United States of America","2.3","2.34",,,,,"automatic","0","10","earthquake","M 0.8 - 2 km NNW of The Geysers, CA","https://earthquake.usgs.gov/earthquakes/eventpage/nc75442537","https://earthquake.usgs.gov/fdsnws/event/1/query?eventid=nc75442537&format=geojson"
"tx2026szjwdn","2026-09-26T18:43:39Z","2026-09-26T14:43:39-04:00","2026-10-02T17:21:08Z","1.0","0.4","34 km ENE of McKinney Acres, Texas","32.379","-102.171","United States of America","8.9","8.8623",,,,,"reviewed","0","2","earthquake","M 0.4 - 34 km ENE of McKinney Acres, Texas","https://earthquake.usgs.gov/earthquakes/eventpage/tx2026szjwdn","https://earthquake.usgs.gov/fdsnws/event/1/query?eventid=tx2026szjwdn&format=geojson"
"tx2026szjngd","2026-09-26T18:33:25Z","2026-09-26T14:33:25-04:00","2026-10-02T16:27:50Z","1.5","1.5","34 km NNW of Toyah, Texas","31.599","-103.948","United States of America","8.0","7.9968",,,,,"reviewed","0","35","earthquake","M 1.5 - 34 km NNW of Toyah, Texas","https://earthquake.usgs.gov/earthquakes/eventpage/tx2026szjngd","https://earthquake.usgs.gov/fdsnws/event/1/query?eventid=tx2026szjngd&format=geojson"
"nc75442517","2026-09-26T18:30:52Z","2026-09-26T14:30:52-04:00","2026-09-26T19:07:25Z","1.5","1.5","1 km WSW of Anderson Springs, CA","38.7719993591309","-122.707336425781","United States of America","2.0","1.98",,,,,"automatic","0","35","earthquake","M 1.5 - 1 km WSW of Anderson Springs, CA","https://earthquake.usgs.gov/earthquakes/eventpage/nc75442517","https://earthquake.usgs.gov/fdsnws/event/1/query?eventid=nc75442517&format=geojson"
"tx2026szjhul","2026-09-26T18:27:00Z","2026-09-26T14:27:00-04:00","2026-09-28T17:21:13Z","1.2","1.2","8 km NW of Stanton, Texas","32.173","-101.857","United States of America","5.6","5.6152",,,,,"reviewed","0","22","earthquake","M 1.2 - 8 km NW of Stanton, Texas","https://earthquake.usgs.gov/earthquakes/eventpage/tx2026szjhul","https://earthquake.usgs.gov/fdsnws/event/1/query?eventid=tx2026szjhul&format=geojson"
"nc75442512","2026-09-26T18:16:48Z","2026-09-26T14:16:48-04:00","2026-09-26T18:18:24Z","1.0","0.2","7 km WNW of Cobb, CA","38.8381652832031","-122.806999206543","United States of America","2.1","2.05",,,,,"automatic","0","1","earthquake","M 0.2 - 7 km WNW of Cobb, CA","https://earthquake.usgs.gov/earthquakes/eventpage/nc75442512","https://earthquake.usgs.gov/fdsnws/event/1/query?eventid=nc75442512&format=geojson"
"ci41339559","2026-09-26T18:14:11Z","2026-09-26T14:14:11-04:00","2026-09-28T18:09:50Z","1.7","1.72","21 km ENE of Thermal, CA","33.7266666666667","-115.943166666667","United States of America","1.9","1.94",,,,,"reviewed","0","46","earthquake","M 1.7 - 21 km ENE of Thermal, CA","https://earthquake.usgs.gov/earthquakes/eventpage/ci41339559","https://earthquake.usgs.gov/fdsnws/event/1/query?eventid=ci41339559&format=geojson"
"nc75442507","2026-09-26T18:08:20Z","2026-09-26T14:08:20-04:00","2026-09-26T18:09:54Z","1.0","0.74","8 km WNW of Cobb, CA","38.8371658325195","-122.809829711914","United States of America","1.9","1.94",,,,,"automatic","0","8","earthquake","M 0.7 - 8 km WNW of Cobb, CA","https://earthquake.usgs.gov/earthquakes/eventpage/nc75442507","https://earthquake.usgs.gov/fdsnws/event/1/query?eventid=nc75442507&format=geojson"
"uw714110092","2026-09-26T18:06:11Z","2026-09-26T14:06:11-04:00","2026-09-28T21:07:42Z","1.0","0.21","9 km NNE of Government Camp, Oregon","45.3746666666667","-121.698166666667","United States of America","-0.9","-0.91",,,,,"reviewed","0","1","earthquake","M 0.2 - 9 km NNE of Government Camp, Oregon","https://earthquake.usgs.gov/earthquakes/eventpage/uw714110092","https://earthquake.usgs.gov/fdsnws/event/1/query?eventid=uw714110092&format=geojson"
"ci41339551","2026-09-26T17:47:26Z","2026-09-26T13:47:26-04:00","2026-09-28T20:04:28Z","1.0","0.21","12 km NNW of Warner Springs, CA","33.3713333333333","-116.699333333333","United States of America","9.7","9.71",,,,,"reviewed","0","1","earthquake","M 0.2 - 12 km NNW of Warner Springs, CA","https://earthquake.usgs.gov/earthquakes/eventpage/ci41339551","https://earthquake.usgs.gov/fdsnws/event/1/query?eventid=ci41339551&format=geojson"
"nc75442482","2026-09-26T17:41:27Z","2026-09-26T13:41:27-04:00","2026-09-27T02:04:27Z","2.3","2.34","4 km WNW of Orinda, CA","37.8891677856445","-122.224334716797","United States of America","3.9","3.91","2","1",,,"automatic","0","84","earthquake","M 2.3 - 4 km WNW of Orinda, CA","https://earthquake.usgs.gov/earthquakes/eventpage/nc75442482","https://earthquake.usgs.gov/fdsnws/event/1/query?eventid=nc75442482&format=geojson"
"pr71534753","2026-09-26T17:40:43Z","2026-09-26T13:40:43-04:00","2026-09-26T17:51:49Z","2.1","2.08","2 km WSW of Fuig, Puerto Rico","17.9746666666667","-66.9388333333333","Puerto Rico","7.7","7.68",,,,,"reviewed","0","67","earthquake","M 2.1 - 2 km WSW of Fuig, Puerto Rico","https://earthquake.usgs.gov/earthquakes/eventpage/pr71534753","https://earthquake.usgs.gov/fdsnws/event/1/query?eventid=pr71534753&format=geojson"
"ci41339543","2026-09-26T17:29:06Z","2026-09-26T13:29:06-04:00","2026-09-28T13:53:09Z","1.1","1.11","4 km NNW of Mira Loma, CA","34.0281666666667","-117.529","United States of America","15.7","15.72",,,,,"reviewed","0","19","earthquake","M 1.1 - 4 km NNW of Mira Loma, CA","https://earthquake.usgs.gov/earthquakes/eventpage/ci41339543","https://earthquake.usgs.gov/fdsnws/event/1/query?eventid=ci41339543&format=geojson"
"nc75442457","2026-09-26T17:05:41Z","2026-09-26T13:05:41-04:00","2026-09-26T17:52:23Z","1.9","1.89","8 km WNW of Cobb, CA","38.8371658325195","-122.808670043945","United States of America","2.2","2.17",,,,,"automatic","0","55","earthquake","M 1.9 - 8 km WNW of Cobb, CA","https://earthquake.usgs.gov/earthquakes/eventpage/nc75442457","https://earthquake.usgs.gov/fdsnws/event/1/query?eventid=nc75442457&format=geojson"
"nc75442437","2026-09-26T16:48:00Z","2026-09-26T12:48:00-04:00","2026-09-26T17:22:21Z","1.3","1.26","5 km NNW of The Geysers, CA","38.8151664733887","-122.787002563477","United States of America","0.3","0.27",,,,,"automatic","0","24","earthquake","M 1.3 - 5 km NNW of The Geysers, CA","https://earthquake.usgs.gov/earthquakes/eventpage/nc75442437","https://earthquake.usgs.gov/fdsnws/event/1/query?eventid=nc75442437&format=geojson"
"nc75442432","2026-09-26T16:46:09Z","2026-09-26T12:46:09-04:00","2026-09-26T16:47:44Z","1.0","0.75","5 km NNW of The Geysers, CA","38.8141670227051","-122.787170410156","United States of America","0.6","0.64",,,,,"automatic","0","9","earthquake","M 0.8 - 5 km NNW of The Geysers, CA","https://earthquake.usgs.gov/earthquakes/eventpage/nc75442432","https://earthquake.usgs.gov/fdsnws/event/1/query?eventid=nc75442432&format=geojson"
"uw714110062","2026-09-26T15:51:25Z","2026-09-26T11:51:25-04:00","2026-09-28T20:38:23Z","1.0","0.59","7 km NE of Ashford, Washington","46.804","-121.957","United States of America","7.8","7.75",,,,,"reviewed","0","5","earthquake","M 0.6 - 7 km NE of Ashford, Washington","https://earthquake.usgs.gov/earthquakes/eventpage/uw714110062","https://earthquake.usgs.gov/fdsnws/event/1/query?eventid=uw714110062&format=geojson"
"tx2026szdthx","2026-09-26T15:39:34Z","2026-09-26T11:39:34-04:00","2026-10-01T22:04:54Z","1.7","1.7","25 km SW of Garden City, Texas","31.72","-101.693","United States of America","9.3","9.2529",,,,,"reviewed","0","44","earthquake","M 1.7 - 25 km SW of Garden City, Texas","https://earthquake.usgs.gov/earthquakes/eventpage/tx2026szdthx","https://earthquake.usgs.gov/fdsnws/event/1/query?eventid=tx2026szdthx&format=geojson"
"ok2026swvv","2026-09-26T15:39:16Z","2026-09-26T11:39:16-04:00","2026-09-28T16:58:01Z","1.7","1.68","4 km SSE of Foster, Oklahoma","34.58183333","-97.47633333","United States of America","6.0","6",,,,,"reviewed","0","43","quarry blast","M 1.7 Quarry Blast - 4 km SSE of Foster, Oklahoma","https://earthquake.usgs.gov/earthquakes/eventpage/ok2026swvv","https://earthquake.usgs.gov/fdsnws/event/1/query?eventid=ok2026swvv&format=geojson"
"tx2026szdgsg","2026-09-26T15:24:38Z","2026-09-26T11:24:38-04:00","2026-09-28T19:35:00Z","2.4","2.4","37 km SSW of Lamesa, Texas","32.444","-102.157","United States of America","7.4","7.373",,,,,"reviewed","0","89","earthquake","M 2.4 - 37 km SSW of Lamesa, Texas","https://earthquake.usgs.gov/earthquakes/eventpage/tx2026szdgsg","https://earthquake.usgs.gov/fdsnws/event/1/query?eventid=tx2026szdgsg&format=geojson"
"tx2026szcvco","2026-09-26T15:11:25Z","2026-09-26T11:11:25-04:00","2026-09-28T19:42:45Z","2.1","2.1","33 km SE of Malaga, New Mexico","32","-103.828","United States of America","7.9","7.9456",,,,,"reviewed","0","68","earthquake","M 2.1 - 33 km SE of Malaga, New Mexico","https://earthquake.usgs.gov/earthquakes/eventpage/tx2026szcvco","https://earthquake.usgs.gov/fdsnws/event/1/query?eventid=tx2026szcvco&format=geojson"
"pr71534743","2026-09-26T15:03:03Z","2026-09-26T11:03:03-04:00","2026-09-26T21:10:39Z","3.2","3.21","40 km SE of Esperanza, Puerto Rico","17.839","-65.1946666666667","Puerto Rico","11.8","11.76","1","1",,,"reviewed","0","159","earthquake","M 3.2 - 40 km SE of Esperanza, Puerto Rico","https://earthquake.usgs.gov/earthquakes/eventpage/pr71534743","https://earthquake.usgs.gov/fdsnws/event/1/query?eventid=pr71534743&format=geojson"
"ci41339527","2026-09-26T14:14:42Z","2026-09-26T10:14:42-04:00","2026-09-28T13:53:43Z","1.0","0.86","2 km S of Palomar Observatory, CA","33.338","-116.860333333333","United States of America","14.2","14.17",,,,,"reviewed","0","11","earthquake","M 0.9 - 2 km S of Palomar Observatory, CA","https://earthquake.usgs.gov/earthquakes/eventpage/ci41339527","https://earthquake.usgs.gov/fdsnws/event/1/query?eventid=ci41339527&format=geojson"
"nc75442392","2026-09-26T14:03:57Z","2026-09-26T10:03:57-04:00","2026-09-26T14:05:33Z","1.0","1.02","7 km W of Cobb, CA","38.828498840332","-122.799003601074","United States of America","2.0","1.98",,,,,"automatic","0","16","earthquake","M 1.0 - 7 km W of Cobb, CA","https://earthquake.usgs.gov/earthquakes/eventpage/nc75442392","https://earthquake.usgs.gov/fdsnws/event/1/query?eventid=nc75442392&format=geojson"
"nc75442382","2026-09-26T13:55:41Z","2026-09-26T09:55:41-04:00","2026-09-26T13:57:18Z","1.1","1.09","2 km WSW of Anderson Springs, CA","38.7691650390625","-122.708168029785","United States of America","1.7","1.71",,,,,"automatic","0","18","earthquake","M 1.1 - 2 km WSW of Anderson Springs, CA","https://earthquake.usgs.gov/earthquakes/eventpage/nc75442382","https://earthquake.usgs.gov/fdsnws/event/1/query?eventid=nc75442382&format=geojson"
"ci41339503","2026-09-26T13:48:50Z","2026-09-26T09:48:50-04:00","2026-09-28T13:53:30Z","1.0","0.58","19 km SW of Ocotillo Wells, CA","33.032","-116.29","United States of America","7.2","7.24",,,,,"reviewed","0","5","earthquake","M 0.6 - 19 km SW of Ocotillo Wells, CA","https://earthquake.usgs.gov/earthquakes/eventpage/ci41339503","https://earthquake.usgs.gov/fdsnws/event/1/query?eventid=ci41339503&format=geojson"
"nc75442372","2026-09-26T13:48:32Z","2026-09-26T09:48:32-04:00","2026-09-26T13:50:08Z","1.0","1.04","11 km NW of The Geysers, CA","38.84716796875","-122.84716796875","United States of America","1.0","1.04",,,,,"automatic","0","17","earthquake","M 1.0 - 11 km NW of The Geysers, CA","https://earthquake.usgs.gov/earthquakes/eventpage/nc75442372","https://earthquake.usgs.gov/fdsnws/event/1/query?eventid=nc75442372&format=geojson"
"tx2026syzdnq","2026-09-26T13:23:43Z","2026-09-26T09:23:43-04:00","2026-09-28T20:24:03Z","1.8","1.8","55 km S of Whites City, New Mexico","31.674","-104.373","United States of America","8.5","8.5095",,,,,"reviewed","0","50","earthquake","M 1.8 - 55 km S of Whites City, New Mexico","https://earthquake.usgs.gov/earthquakes/eventpage/tx2026syzdnq","https://earthquake.usgs.gov/fdsnws/event/1/query?eventid=tx2026syzdnq&format=geojson"
"ci41339487","2026-09-26T13:22:35Z","2026-09-26T09:22:35-04:00","2026-09-28T13:53:44Z","1.2","1.22","23 km N of Ridgecrest, CA","35.8278333333333","-117.673833333333","United States of America","6.7","6.66",,,,,"reviewed","0","23","earthquake","M 1.2 - 23 km N of Ridgecrest, CA","https://earthquake.usgs.gov/earthquakes/eventpage/ci41339487","https://earthquake.usgs.gov/fdsnws/event/1/query?eventid=ci41339487&format=geojson"
"ci41339479","2026-09-26T13:20:42Z","2026-09-26T09:20:42-04:00","2026-09-28T20:36:45Z","0.0","-0.02","11 km SE of Anza, CA","33.4863333333333","-116.586166666667","United States of America","6.4","6.38",,,,,"reviewed","0","0","earthquake","M 0.0 - 11 km SE of Anza, CA","https://earthquake.usgs.gov/earthquakes/eventpage/ci41339479","https://earthquake.usgs.gov/fdsnws/event/1/query?eventid=ci41339479&format=geojson"
"nc75442362","2026-09-26T13:10:41Z","2026-09-26T09:10:41-04:00","2026-09-26T13:42:23Z","1.1","1.14","2 km NW of Hollister, CA","36.8553352355957","-121.411834716797","United States of America","8.7","8.68",,,,,"automatic","0","20","earthquake","M 1.1 - 2 km NW of Hollister, CA","https://earthquake.usgs.gov/earthquakes/eventpage/nc75442362","https://earthquake.usgs.gov/fdsnws/event/1/query?eventid=nc75442362&format=geojson"
"tx2026syxynb","2026-09-26T12:44:21Z","2026-09-26T08:44:21-04:00","2026-10-01T22:21:37Z","1.5","1.5","58 km S of Whites City, New Mexico","31.647","-104.429","United States of America","7.7","7.6892",,,,,"reviewed","0","35","earthquake","M 1.5 - 58 km S of Whites City, New Mexico","https://earthquake.usgs.gov/earthquakes/eventpage/tx2026syxynb","https://earthquake.usgs.gov/fdsnws/event/1/query?eventid=tx2026syxynb&format=geojson"
"pr71534723","2026-09-26T12:30:18Z","2026-09-26T08:30:18-04:00","2026-09-26T12:51:09Z","2.4","2.36","3 km SSE of Maria Antonia, Puerto Rico","17.9508333333333","-66.882","Puerto Rico","8.9","8.94",,,,,"reviewed","0","86","earthquake","M 2.4 - 3 km SSE of Maria Antonia, Puerto Rico","https://earthquake.usgs.gov/earthquakes/eventpage/pr71534723","https://earthquake.usgs.gov/fdsnws/event/1/query?eventid=pr71534723&format=geojson"
"ci41339471","2026-09-26T12:20:48Z","2026-09-26T08:20:48-04:00","2026-09-28T13:55:02Z","1.0","1.03","6 km WNW of Calimesa, CA","34.014","-117.113333333333","United States of America","13.5","13.45",,,,,"reviewed","0","16","earthquake","M 1.0 - 6 km WNW of Calimesa, CA","https://earthquake.usgs.gov/earthquakes/eventpage/ci41339471","https://earthquake.usgs.gov/fdsnws/event/1/query?eventid=ci41339471&format=geojson"
"uu80008123","2026-09-26T12:15:35Z","2026-09-26T08:15:35-04:00","2026-09-28T14:10:45Z","1.2","1.2","13 km W of Levan, Utah","39.5496666666667","-112.020833333333","United States of America","6.1","6.13",,,,,"reviewed","0","22","earthquake","M 1.2 - 13 km W of Levan, Utah","https://earthquake.usgs.gov/earthquakes/eventpage/uu80008123","https://earthquake.usgs.gov/fdsnws/event/1/query?eventid=uu80008123&format=geojson"
"tx2026sywwyr","2026-09-26T12:12:23Z","2026-09-26T08:12:23-04:00","2026-10-01T22:33:10Z","1.4","1.4","11 km WSW of Stanton, Texas","32.101","-101.905","United States of America","8.2","8.1787",,,,,"reviewed","0","30","earthquake","M 1.4 - 11 km WSW of Stanton, Texas","https://earthquake.usgs.gov/earthquakes/eventpage/tx2026sywwyr","https://earthquake.usgs.gov/fdsnws/event/1/query?eventid=tx2026sywwyr&format=geojson"
"ci41339463","2026-09-26T12:07:40Z","2026-09-26T08:07:40-04:00","2026-09-28T13:54:01Z","1.4","1.35","18 km E of Little Lake, CA","35.9128333333333","-117.707833333333","United States of America","4.6","4.57",,,,,"reviewed","0","28","earthquake","M 1.4 - 18 km E of Little Lake, CA","https://earthquake.usgs.gov/earthquakes/eventpage/ci41339463","https://earthquake.usgs.gov/fdsnws/event/1/query?eventid=ci41339463&format=geojson"
"ci41339455","2026-09-26T12:03:43Z","2026-09-26T08:03:43-04:00","2026-09-28T13:54:56Z","1.3","1.34","8 km S of Chino Hills, CA","33.927","-117.743333333333","United States of America","5.5","5.46",,,,,"reviewed","0","28","earthquake","M 1.3 - 8 km S of Chino Hills, CA","https://earthquake.usgs.gov/earthquakes/eventpage/ci41339455","https://earthquake.usgs.gov/fdsnws/event/1/query?eventid=ci41339455&format=geojson"
"uw714109972","2026-09-26T11:56:24Z","2026-09-26T07:56:24-04:00","2026-09-28T20:57:13Z","1.5","1.47","11 km N of Selah, Washington","46.7581666666667","-120.5435","United States of America","6.6","6.57",,,,,"reviewed","0","33","earthquake","M 1.5 - 11 km N of Selah, Washington","https://earthquake.usgs.gov/earthquakes/eventpage/uw714109972","https://earthquake.usgs.gov/fdsnws/event/1/query?eventid=uw714109972&format=geojson"
"nc75442352","2026-09-26T11:50:59Z","2026-09-26T07:50:59-04:00","2026-09-26T11:52:37Z","1.1","1.07","7 km NW of The Geysers, CA","38.8161659240723","-122.81583404541","United States of America","2.6","2.64",,,,,"automatic","0","18","earthquake","M 1.1 - 7 km NW of The Geysers, CA","https://earthquake.usgs.gov/earthquakes/eventpage/nc75442352","https://earthquake.usgs.gov/fdsnws/event/1/query?eventid=nc75442352&format=geojson"
"nc75442347","2026-09-26T11:46:11Z","2026-09-26T07:46:11-04:00","2026-09-26T11:47:47Z","1.0","0.71","3 km S of Cobb, CA","38.7958335876465","-122.71900177002","United States of America","6.3","6.33",,,,,"automatic","0","8","earthquake","M 0.7 - 3 km S of Cobb, CA","https://earthquake.usgs.gov/earthquakes/eventpage/nc75442347","https://earthquake.usgs.gov/fdsnws/event/1/query?eventid=nc75442347&format=geojson"
"tx2026syvlhq","2026-09-26T11:28:38Z","2026-09-26T07:28:38-04:00","2026-09-28T20:07:13Z","2.4","2.4","56 km S of Whites City, New Mexico","31.667","-104.416","United States of America","6.1","6.0999",,,,,"reviewed","0","89","earthquake","M 2.4 - 56 km S of Whites City, New Mexico","https://earthquake.usgs.gov/earthquakes/eventpage/tx2026syvlhq","https://earthquake.usgs.gov/fdsnws/event/1/query?eventid=tx2026syvlhq&format=geojson"
"nc75442337","2026-09-26T11:22:16Z","2026-09-26T07:22:16-04:00","2026-09-26T11:23:51Z","1.0","0.78","11 km WNW of The Geysers, CA","38.8256683349609","-122.867835998535","United States of America","2.5","2.45",,,,,"automatic","0","9","earthquake","M 0.8 - 11 km WNW of The Geysers, CA","https://earthquake.usgs.gov/earthquakes/eventpage/nc75442337","https://earthquake.usgs.gov/fdsnws/event/1/query?eventid=nc75442337&format=geojson"
"ok2026swnb","2026-09-26T11:13:29Z","2026-09-26T07:13:29-04:00","2026-09-28T17:12:00Z","1.0","0.95","14 km E of Foraker, Oklahoma","36.8635","-96.40166667","United States of America","12.4","12.35",,,,,"reviewed","0","14","earthquake","M 1.0 - 14 km E of Foraker, Oklahoma","https://earthquake.usgs.gov/earthquakes/eventpage/ok2026swnb","https://earthquake.usgs.gov/fdsnws/event/1/query?eventid=ok2026swnb&format=geojson"
"tx2026syulqc","2026-09-26T10:58:50Z","2026-09-26T06:58:50-04:00","2026-10-01T22:25:31Z","1.3","1.3","33 km SE of Malaga, New Mexico","31.993","-103.839","United States of America","8.5","8.5095",,,,,"reviewed","0","26","earthquake","M 1.3 - 33 km SE of Malaga, New Mexico","https://earthquake.usgs.gov/earthquakes/eventpage/tx2026syulqc","https://earthquake.usgs.gov/fdsnws/event/1/query?eventid=tx2026syulqc&format=geojson"
"ci41339447","2026-09-26T10:47:41Z","2026-09-26T06:47:41-04:00","2026-09-28T13:54:23Z","1.0","0.24","9 km WNW of Anza, CA","33.5868333333333","-116.7575","United States of America","12.4","12.36",,,,,"reviewed","0","1","earthquake","M 0.2 - 9 km WNW of Anza, CA","https://earthquake.usgs.gov/earthquakes/eventpage/ci41339447","https://earthquake.usgs.gov/fdsnws/event/1/query?eventid=ci41339447&format=geojson"
"uw714109962","2026-09-26T10:34:58Z","2026-09-26T06:34:58-04:00","2026-09-28T20:49:36Z","1.0","0.74","38 km NNE of Amboy, Washington","46.206","-122.182833333333","United States of America","5.8","5.84",,,,,"reviewed","0","8","earthquake","M 0.7 - 38 km NNE of Amboy, Washington","https://earthquake.usgs.gov/earthquakes/eventpage/uw714109962","https://earthquake.usgs.gov/fdsnws/event/1/query?eventid=uw714109962&format=geojson"
"ci41339439","2026-09-26T10:17:01Z","2026-09-26T06:17:01-04:00","2026-09-28T13:54:37Z","1.0","0.01","12 km W of Anza, CA","33.5721666666667","-116.803333333333","United States of America","5.5","5.52",,,,,"reviewed","0","0","earthquake","M 0.0 - 12 km W of Anza, CA","https://earthquake.usgs.gov/earthquakes/eventpage/ci41339439","https://earthquake.usgs.gov/fdsnws/event/1/query?eventid=ci41339439&format=geojson"
"ci41339431","2026-09-26T10:08:35Z","2026-09-26T06:08:35-04:00","2026-09-28T13:54:51Z","1.0","0.44","9 km WNW of Anza, CA","33.582","-116.7595","United States of America","12.1","12.06",,,,,"reviewed","0","3","earthquake","M 0.4 - 9 km WNW of Anza, CA","https://earthquake.usgs.gov/earthquakes/eventpage/ci41339431","https://earthquake.usgs.gov/fdsnws/event/1/query?eventid=ci41339431&format=geojson"
"ci41339423","2026-09-26T10:03:48Z","2026-09-26T06:03:48-04:00","2026-09-28T13:54:41Z","1.2","1.22","27 km E of Coso Junction, CA","36.0833333333333","-117.652666666667","United States of America","1.3","1.33",,,,,"reviewed","0","23","earthquake","M 1.2 - 27 km E of Coso Junction, CA","https://earthquake.usgs.gov/earthquakes/eventpage/ci41339423","https://earthquake.usgs.gov/fdsnws/event/1/query?eventid=ci41339423&format=geojson"
"uw714109952","2026-09-26T09:57:06Z","2026-09-26T05:57:06-04:00","2026-09-28T20:48:45Z","1.0","0.95","9 km SE of Mossyrock, Washington","46.4753333333333","-122.386333333333","United States of America","18.3","18.25",,,,,"reviewed","0","14","earthquake","M 1.0 - 9 km SE of Mossyrock, Washington","https://earthquake.usgs.gov/earthquakes/eventpage/uw714109952","https://earthquake.usgs.gov/fdsnws/event/1/query?eventid=uw714109952&format=geojson"
"tx2026sysfqb","2026-09-26T09:55:13Z","2026-09-26T05:55:13-04:00","2026-10-01T22:16:58Z","1.6","1.6","57 km S of Whites City, New Mexico","31.658","-104.435","United States of America","6.1","6.0999",,,,,"reviewed","0","39","earthquake","M 1.6 - 57 km S of Whites City, New Mexico","https://earthquake.usgs.gov/earthquakes/eventpage/tx2026sysfqb","https://earthquake.usgs.gov/fdsnws/event/1/query?eventid=tx2026sysfqb&format=geojson"
"nc75442327","2026-09-26T09:54:32Z","2026-09-26T05:54:32-04:00","2026-09-26T10:22:22Z","2.0","2.01","13 km SSW of Tennant, CA","41.4738349914551","-121.968170166016","United States of America","2.9","2.89",,,,,"automatic","0","62","earthquake","M 2.0 - 13 km SSW of Tennant, CA","https://earthquake.usgs.gov/earthquakes/eventpage/nc75442327","https://earthquake.usgs.gov/fdsnws/event/1/query?eventid=nc75442327&format=geojson"
"ci41339415","2026-09-26T09:44:42Z","2026-09-26T05:44:42-04:00","2026-09-28T13:54:53Z","1.0","0.28","15 km N of Warner Springs, CA","33.4176666666667","-116.644333333333","United States of America","6.6","6.55",,,,,"reviewed","0","1","earthquake","M 0.3 - 15 km N of Warner Springs, CA","https://earthquake.usgs.gov/earthquakes/eventpage/ci41339415","https://earthquake.usgs.gov/fdsnws/event/1/query?eventid=ci41339415&format=geojson"
"mb90209508","2026-09-26T09:42:44Z","2026-09-26T05:42:44-04:00","2026-09-28T16:03:57Z","1.7","1.66","29 km W of Hebgen Lake Estates, Montana","44.8168333333333","-111.553166666667","United States of America","11.1","11.09",,,,,"reviewed","0","42","earthquake","M 1.7 - 29 km W of Hebgen Lake Estates, Montana","https://earthquake.usgs.gov/earthquakes/eventpage/mb90209508","https://earthquake.usgs.gov/fdsnws/event/1/query?eventid=mb90209508&format=geojson"
"tx2026syrmbu","2026-09-26T09:30:13Z","2026-09-26T05:30:13-04:00","2026-09-28T20:16:04Z","2.0","2","45 km NW of Toyah, Texas","31.618","-104.111","United States of America","6.1","6.0999",,,,,"reviewed","0","62","earthquake","M 2.0 - 45 km NW of Toyah, Texas","https://earthquake.usgs.gov/earthquakes/eventpage/tx2026syrmbu","https://earthquake.usgs.gov/fdsnws/event/1/query?eventid=tx2026syrmbu&format=geojson"
"ci41339407","2026-09-26T08:58:54Z","2026-09-26T04:58:54-04:00","2026-09-28T13:55:07Z","1.0","0.4","10 km S of Idyllwild, CA","33.6488333333333","-116.714666666667","United States of America","14.5","14.45",,,,,"reviewed","0","2","earthquake","M 0.4 - 10 km S of Idyllwild, CA","https://earthquake.usgs.gov/earthquakes/eventpage/ci41339407","https://earthquake.usgs.gov/fdsnws/event/1/query?eventid=ci41339407&format=geojson"
"tx2026syqlqs","2026-09-26T08:58:11Z","2026-09-26T04:58:11-04:00","2026-10-01T22:12:10Z","1.6","1.6","55 km NW of Toyah, Texas","31.655","-104.224","United States of America","7.5","7.4585",,,,,"reviewed","0","39","earthquake","M 1.6 - 55 km NW of Toyah, Texas","https://earthquake.usgs.gov/earthquakes/eventpage/tx2026syqlqs","https://earthquake.usgs.gov/fdsnws/event/1/query?eventid=tx2026syqlqs&format=geojson"
"ci41339399","2026-09-26T08:56:43Z","2026-09-26T04:56:43-04:00","2026-09-28T13:55:12Z","1.0","0.57","10 km S of Idyllwild, CA","33.6526666666667","-116.718","United States of America","15.0","15.04",,,,,"reviewed","0","5","earthquake","M 0.6 - 10 km S of Idyllwild, CA","https://earthquake.usgs.gov/earthquakes/eventpage/ci41339399","https://earthquake.usgs.gov/fdsnws/event/1/query?eventid=ci41339399&format=geojson"
"ci10254462","2026-09-26T08:56:33Z","2026-09-26T04:56:33-04:00","2026-09-28T19:11:56Z","1.0","0.02","10 km S of Idyllwild, CA","33.6496666666667","-116.716","United States of America","15.2","15.24",,,,,"reviewed","0","0","earthquake","M 0.0 - 10 km S of Idyllwild, CA","https://earthquake.usgs.gov/earthquakes/eventpage/ci10254462","https://earthquake.usgs.gov/fdsnws/event/1/query?eventid=ci10254462&format=geojson"
"ci41339391","2026-09-26T08:56:24Z","2026-09-26T04:56:24-04:00","2026-09-28T19:04:02Z","1.0","0.32","10 km S of Idyllwild, CA","33.6518333333333","-116.717166666667","United States of America","15.1","15.12",,,,,"reviewed","0","2","earthquake","M 0.3 - 10 km S of Idyllwild, CA","https://earthquake.usgs.gov/earthquakes/eventpage/ci41339391","https://earthquake.usgs.gov/fdsnws/event/1/query?eventid=ci41339391&format=geojson"
"ci41339383","2026-09-26T08:54:51Z","2026-09-26T04:54:51-04:00","2026-09-28T13:55:33Z","1.5","1.46","18 km WSW of Johannesburg, CA","35.301","-117.808333333333","United States of America","7.5","7.48",,,,,"reviewed","0","33","earthquake","M 1.5 - 18 km WSW of Johannesburg, CA","https://earthquake.usgs.gov/earthquakes/eventpage/ci41339383","https://earthquake.usgs.gov/fdsnws/event/1/query?eventid=ci41339383&format=geojson"
"nc75442317","2026-09-26T08:48:39Z","2026-09-26T04:48:39-04:00","2026-09-26T09:22:22Z","1.5","1.52","11 km WNW of The Geysers, CA","38.826831817627","-122.867835998535","United States of America","2.5","2.49",,,,,"automatic","0","36","earthquake","M 1.5 - 11 km WNW of The Geysers, CA","https://earthquake.usgs.gov/earthquakes/eventpage/nc75442317","https://earthquake.usgs.gov/fdsnws/event/1/query?eventid=nc75442317&format=geojson"
"tx2026sypyor","2026-09-26T08:43:01Z","2026-09-26T04:43:01-04:00","2026-09-28T19:51:54Z","2.4","2.4","56 km NW of Toyah, Texas","31.658","-104.236","United States of America","7.9","7.8943",,,,,"reviewed","0","89","earthquake","M 2.4 - 56 km NW of Toyah, Texas","https://earthquake.usgs.gov/earthquakes/eventpage/tx2026sypyor","https://earthquake.usgs.gov/fdsnws/event/1/query?eventid=tx2026sypyor&format=geojson"
"nc75442312","2026-09-26T08:33:44Z","2026-09-26T04:33:44-04:00","2026-09-26T08:35:22Z","1.0","0.82","10 km WNW of The Geysers, CA","38.821834564209","-122.853996276855","United States of America","2.6","2.55",,,,,"automatic","0","10","earthquake","M 0.8 - 10 km WNW of The Geysers, CA","https://earthquake.usgs.gov/earthquakes/eventpage/nc75442312","https://earthquake.usgs.gov/fdsnws/event/1/query?eventid=nc75442312&format=geojson"
"nc75442307","2026-09-26T08:30:01Z","2026-09-26T04:30:01-04:00","2026-09-26T08:31:37Z","1.1","1.08","3 km SW of Anderson Springs, CA","38.7509994506836","-122.714996337891","United States of America","1.8","1.83",,,,,"automatic","0","18","earthquake","M 1.1 - 3 km SW of Anderson Springs, CA","https://earthquake.usgs.gov/earthquakes/eventpage/nc75442307","https://earthquake.usgs.gov/fdsnws/event/1/query?eventid=nc75442307&format=geojson"
"ci41339375","2026-09-26T07:50:00Z","2026-09-26T03:50:00-04:00","2026-09-28T13:56:17Z","1.1","1.1","9 km WNW of Anza, CA","33.5775","-116.7665","United States of America","12.0","11.96",,,,,"reviewed","0","19","earthquake","M 1.1 - 9 km WNW of Anza, CA","https://earthquake.usgs.gov/earthquakes/eventpage/ci41339375","https://earthquake.usgs.gov/fdsnws/event/1/query?eventid=ci41339375&format=geojson"
"ci41339367","2026-09-26T07:37:55Z","2026-09-26T03:37:55-04:00","2026-09-28T13:55:46Z","1.0","0.57","7 km S of Palomar Observatory, CA","33.2961666666667","-116.8635","United States of America","11.7","11.68",,,,,"reviewed","0","5","earthquake","M 0.6 - 7 km S of Palomar Observatory, CA","https://earthquake.usgs.gov/earthquakes/eventpage/ci41339367","https://earthquake.usgs.gov/fdsnws/event/1/query?eventid=ci41339367&format=geojson"
"ci41339359","2026-09-26T07:31:24Z","2026-09-26T03:31:24-04:00","2026-09-28T13:55:50Z","1.0","0.33","9 km S of Idyllwild, CA","33.6565","-116.722333333333","United States of America","15.2","15.16",,,,,"reviewed","0","2","earthquake","M 0.3 - 9 km S of Idyllwild, CA","https://earthquake.usgs.gov/earthquakes/eventpage/ci41339359","https://earthquake.usgs.gov/fdsnws/event/1/query?eventid=ci41339359&format=geojson"
"ci41339351","2026-09-26T07:22:02Z","2026-09-26T03:22:02-04:00","2026-09-28T16:40:57Z","1.2","1.15","31 km N of Kernville, CA","36.035","-118.412166666667","United States of America","4.4","4.41",,,,,"reviewed","0","20","earthquake","M 1.2 - 31 km N of Kernville, CA","https://earthquake.usgs.gov/earthquakes/eventpage/ci41339351","https://earthquake.usgs.gov/fdsnws/event/1/query?eventid=ci41339351&format=geojson"
"tx2026synffz","2026-09-26T07:20:12Z","2026-09-26T03:20:12-04:00","2026-09-28T07:25:10Z","1.9","1.9","17 km ESE of Pearsall, Texas","28.835","-98.929","United States of America","7.2","7.1667",,,,,"reviewed","0","56","earthquake","M 1.9 - 17 km ESE of Pearsall, Texas","https://earthquake.usgs.gov/earthquakes/eventpage/tx2026synffz","https://earthquake.usgs.gov/fdsnws/event/1/query?eventid=tx2026synffz&format=geojson"
"ci41339343","2026-09-26T07:15:07Z","2026-09-26T03:15:07-04:00","2026-09-28T13:56:04Z","1.2","1.24","12 km NNW of Pine Valley, CA","32.9126666666667","-116.591","United States of America","13.2","13.22",,,,,"reviewed","0","24","earthquake","M 1.2 - 12 km NNW of Pine Valley, CA","https://earthquake.usgs.gov/earthquakes/eventpage/ci41339343","https://earthquake.usgs.gov/fdsnws/event/1/query?eventid=ci41339343&format=geojson"
"nc75442297","2026-09-26T07:09:29Z","2026-09-26T03:09:29-04:00","2026-09-26T08:32:23Z","1.3","1.27","2 km NW of The Geysers, CA","38.7924995422363","-122.771667480469","United States of America","-0.9","-0.85",,,,,"automatic","0","25","earthquake","M 1.3 - 2 km NW of The Geysers, CA","https://earthquake.usgs.gov/earthquakes/eventpage/nc75442297","https://earthquake.usgs.gov/fdsnws/event/1/query?eventid=nc75442297&format=geojson"
"uw714109942","2026-09-26T07:05:32Z","2026-09-26T03:05:32-04:00","2026-10-01T21:50:55Z","1.0","0.76","7 km SSW of Morton, Washington","46.4923333333333","-122.300833333333","United States of America","17.8","17.79",,,,,"reviewed","0","9","earthquake","M 0.8 - 7 km SSW of Morton, Washington","https://earthquake.usgs.gov/earthquakes/eventpage/uw714109942","https://earthquake.usgs.gov/fdsnws/event/1/query?eventid=uw714109942&format=geojson"
"nc75442292","2026-09-26T07:04:39Z","2026-09-26T03:04:39-04:00","2026-09-26T08:07:20Z","1.1","1.13","8 km WNW of Cobb, CA","38.836498260498","-122.810836791992","United States of America","2.1","2.13",,,,,"automatic","0","20","earthquake","M 1.1 - 8 km WNW of Cobb, CA","https://earthquake.usgs.gov/earthquakes/eventpage/nc75442292","https://earthquake.usgs.gov/fdsnws/event/1/query?eventid=nc75442292&format=geojson"
"nc75442287","2026-09-26T06:58:21Z","2026-09-26T02:58:21-04:00","2026-09-26T06:59:56Z","1.0","0.93","3 km WSW of Cobb, CA","38.8161659240723","-122.758834838867","United States of America","1.7","1.71",,,,,"automatic","0","13","earthquake","M 0.9 - 3 km WSW of Cobb, CA","https://earthquake.usgs.gov/earthquakes/eventpage/nc75442287","https://earthquake.usgs.gov/fdsnws/event/1/query?eventid=nc75442287&format=geojson"
"ci41339335","2026-09-26T06:57:32Z","2026-09-26T02:57:32-04:00","2026-09-28T13:56:21Z","1.0","0.95","14 km N of Warner Springs, CA","33.4098333333333","-116.649666666667","United States of America","5.3","5.28",,,,,"reviewed","0","14","earthquake","M 1.0 - 14 km N of Warner Springs, CA","https://earthquake.usgs.gov/earthquakes/eventpage/ci41339335","https://earthquake.usgs.gov/fdsnws/event/1/query?eventid=ci41339335&format=geojson"
"nc75442282","2026-09-26T06:57:11Z","2026-09-26T02:57:11-04:00","2026-09-26T06:58:46Z","1.0","0.31","7 km NW of The Geysers, CA","38.8226661682129","-122.810165405273","United States of America","3.0","2.95",,,,,"automatic","0","1","earthquake","M 0.3 - 7 km NW of The Geysers, CA","https://earthquake.usgs.gov/earthquakes/eventpage/nc75442282","https://earthquake.usgs.gov/fdsnws/event/1/query?eventid=nc75442282&format=geojson"
"ci41339327","2026-09-26T06:55:48Z","2026-09-26T02:55:48-04:00","2026-09-28T13:57:32Z","1.4","1.38","13 km NW of Big Bear Lake, CA","34.3295","-117.000333333333","United States of America","9.1","9.06",,,,,"reviewed","0","29","earthquake","M 1.4 - 13 km NW of Big Bear Lake, CA","https://earthquake.usgs.gov/earthquakes/eventpage/ci41339327","https://earthquake.usgs.gov/fdsnws/event/1/query?eventid=ci41339327&format=geojson"
"ci41339319","2026-09-26T06:49:44Z","2026-09-26T02:49:44-04:00","2026-09-28T13:57:28Z","1.4","1.44","13 km NW of Big Bear Lake, CA","34.3288333333333","-117.001166666667","United States of America","9.3","9.27",,,,,"reviewed","0","32","earthquake","M 1.4 - 13 km NW of Big Bear Lake, CA","https://earthquake.usgs.gov/earthquakes/eventpage/ci41339319","https://earthquake.usgs.gov/fdsnws/event/1/query?eventid=ci41339319&format=geojson"
"uw714109932","2026-09-26T06:27:12Z","2026-09-26T02:27:12-04:00","2026-10-01T21:19:49Z","1.1","1.12","4 km ENE of Government Camp, Oregon","45.3188333333333","-121.696666666667","United States of America","5.3","5.33",,,,,"reviewed","0","19","earthquake","M 1.1 - 4 km ENE of Government Camp, Oregon","https://earthquake.usgs.gov/earthquakes/eventpage/uw714109932","https://earthquake.usgs.gov/fdsnws/event/1/query?eventid=uw714109932&format=geojson"
"nc75442277","2026-09-26T06:14:49Z","2026-09-26T02:14:49-04:00","2026-09-26T06:16:27Z","1.0","0.75","7 km NW of The Geysers, CA","38.8173332214355","-122.815170288086","United States of America","2.9","2.85",,,,,"automatic","0","9","earthquake","M 0.8 - 7 km NW of The Geysers, CA","https://earthquake.usgs.gov/earthquakes/eventpage/nc75442277","https://earthquake.usgs.gov/fdsnws/event/1/query?eventid=nc75442277&format=geojson"
"tx2026sykslb","2026-09-26T06:04:59Z","2026-09-26T02:04:59-04:00","2026-09-28T08:32:08Z","1.7","1.7","16 km ESE of Pearsall, Texas","28.836","-98.937","United States of America","8.0","8.0127",,,,,"reviewed","0","44","earthquake","M 1.7 - 16 km ESE of Pearsall, Texas","https://earthquake.usgs.gov/earthquakes/eventpage/tx2026sykslb","https://earthquake.usgs.gov/fdsnws/event/1/query?eventid=tx2026sykslb&format=geojson"
"nc75442267","2026-09-26T06:04:15Z","2026-09-26T02:04:15-04:00","2026-09-26T06:05:52Z","1.0","0.6","5 km WNW of Cobb, CA","38.8351669311523","-122.783164978027","United States of America","1.9","1.93",,,,,"automatic","0","6","earthquake","M 0.6 - 5 km WNW of Cobb, CA","https://earthquake.usgs.gov/earthquakes/eventpage/nc75442267","https://earthquake.usgs.gov/fdsnws/event/1/query?eventid=nc75442267&format=geojson"
"uw714109922","2026-09-26T06:01:16Z","2026-09-26T02:01:16-04:00","2026-09-28T20:37:29Z","1.2","1.22","4 km ENE of Government Camp, Oregon","45.3195","-121.696833333333","United States of America","5.2","5.17",,,,,"reviewed","0","23","earthquake","M 1.2 - 4 km ENE of Government Camp, Oregon","https://earthquake.usgs.gov/earthquakes/eventpage/uw714109922","https://earthquake.usgs.gov/fdsnws/event/1/query?eventid=uw714109922&format=geojson"
"ci41339311","2026-09-26T05:46:18Z","2026-09-26T01:46:18-04:00","2026-09-28T20:07:35Z","1.3","1.27","3 km ENE of Fontana, CA","34.1036666666667","-117.427666666667","United States of America","6.5","6.46",,,,,"reviewed","0","25","earthquake","M 1.3 - 3 km ENE of Fontana, CA","https://earthquake.usgs.gov/earthquakes/eventpage/ci41339311","https://earthquake.usgs.gov/fdsnws/event/1/query?eventid=ci41339311&format=geojson"
"tx2026syjzfj","2026-09-26T05:42:41Z","2026-09-26T01:42:41-04:00","2026-09-28T09:09:05Z","1.6","1.6","2 km S of Pearsall, Texas","28.87","-99.092","United States of America","8.5","8.5489",,,,,"reviewed","0","39","earthquake","M 1.6 - 2 km S of Pearsall, Texas","https://earthquake.usgs.gov/earthquakes/eventpage/tx2026syjzfj","https://earthquake.usgs.gov/fdsnws/event/1/query?eventid=tx2026syjzfj&format=geojson"
"pr71534718","2026-09-26T05:35:09Z","2026-09-26T01:35:09-04:00","2026-09-26T06:27:08Z","2.8","2.79","8 km NNE of Tierras Nuevas Poniente, Puerto Rico","18.5378333333333","-66.4598333333333","Puerto Rico","88.9","88.89",,,,,"reviewed","0","120","earthquake","M 2.8 - 8 km NNE of Tierras Nuevas Poniente, Puerto Rico","https://earthquake.usgs.gov/earthquakes/eventpage/pr71534718","https://earthquake.usgs.gov/fdsnws/event/1/query?eventid=pr71534718&format=geojson"
"nn00924919","2026-09-26T05:29:57Z","2026-09-26T01:29:57-04:00","2026-09-28T20:05:39Z","1.8","1.75","18 km NNE of Yerington, Nevada","39.1306","-119.0605","United States of America","8.2","8.2285",,,,,"reviewed","0","47","earthquake","M 1.8 - 18 km NNE of Yerington, Nevada","https://earthquake.usgs.gov/earthquakes/eventpage/nn00924919","https://earthquake.usgs.gov/fdsnws/event/1/query?eventid=nn00924919&format=geojson"
"nc75442257","2026-09-26T05:28:14Z","2026-09-26T01:28:14-04:00","2026-09-26T05:29:51Z","1.1","1.07","5 km WNW of The Geysers, CA","38.8028335571289","-122.807334899902","United States of America","-0.4","-0.38",,,,,"automatic","0","18","earthquake","M 1.1 - 5 km WNW of The Geysers, CA","https://earthquake.usgs.gov/earthquakes/eventpage/nc75442257","https://earthquake.usgs.gov/fdsnws/event/1/query?eventid=nc75442257&format=geojson"
"ci41339303","2026-09-26T05:28:02Z","2026-09-26T01:28:02-04:00","2026-09-28T13:57:24Z","1.0","0.55","8 km NNE of Julian, CA","33.1451666666667","-116.558","United States of America","6.3","6.28",,,,,"reviewed","0","5","earthquake","M 0.6 - 8 km NNE of Julian, CA","https://earthquake.usgs.gov/earthquakes/eventpage/ci41339303","https://earthquake.usgs.gov/fdsnws/event/1/query?eventid=ci41339303&format=geojson"
"ci41339287","2026-09-26T05:06:55Z","2026-09-26T01:06:55-04:00","2026-09-28T14:00:26Z","1.0","0.52","7 km ENE of Anza, CA","33.5813333333333","-116.6075","United States of America","14.1","14.06",,,,,"reviewed","0","4","earthquake","M 0.5 - 7 km ENE of Anza, CA","https://earthquake.usgs.gov/earthquakes/eventpage/ci41339287","https://earthquake.usgs.gov/fdsnws/event/1/query?eventid=ci41339287&format=geojson"
"nc75442252","2026-09-26T04:56:47Z","2026-09-26T00:56:47-04:00","2026-09-26T17:18:40Z","2.2","2.2","1 km E of Port Costa, CA","38.0453338623047","-122.172332763672","United States of America","7.7","7.66","65","3",,,"automatic","0","94","earthquake","M 2.2 - 1 km E of Port Costa, CA","https://earthquake.usgs.gov/earthquakes/eventpage/nc75442252","https://earthquake.usgs.gov/fdsnws/event/1/query?eventid=nc75442252&format=geojson"
"tx2026syidfq","2026-09-26T04:47:56Z","2026-09-26T00:47:56-04:00","2026-09-28T10:05:30Z","1.2","1.2","11 km WSW of Stanton, Texas","32.103","-101.901","United States of America","8.9","8.8623",,,,,"reviewed","0","22","earthquake","M 1.2 - 11 km WSW of Stanton, Texas","https://earthquake.usgs.gov/earthquakes/eventpage/tx2026syidfq","https://earthquake.usgs.gov/fdsnws/event/1/query?eventid=tx2026syidfq&format=geojson"
"tx2026syiapn","2026-09-26T04:45:14Z","2026-09-26T00:45:14-04:00","2026-09-28T08:11:02Z","2.0","2","52 km W of Mentone, Texas","31.7","-104.158","United States of America","7.5","7.4713",,,,,"reviewed","0","62","earthquake","M 2.0 - 52 km W of Mentone, Texas","https://earthquake.usgs.gov/earthquakes/eventpage/tx2026syiapn","https://earthquake.usgs.gov/fdsnws/event/1/query?eventid=tx2026syiapn&format=geojson"
"ci41339279","2026-09-26T04:38:22Z","2026-09-26T00:38:22-04:00","2026-09-28T13:57:41Z","1.0","0.82","9 km WSW of Beaumont, CA","33.9015","-117.0665","United States of America","16.3","16.34",,,,,"reviewed","0","10","earthquake","M 0.8 - 9 km WSW of Beaumont, CA","https://earthquake.usgs.gov/earthquakes/eventpage/ci41339279","https://earthquake.usgs.gov/fdsnws/event/1/query?eventid=ci41339279&format=geojson"
"nc75442242","2026-09-26T04:35:16Z","2026-09-26T00:35:16-04:00","2026-09-26T04:36:52Z","1.0","0.27","7 km NW of The Geysers, CA","38.8226661682129","-122.813003540039","United States of America","2.7","2.72",,,,,"automatic","0","1","earthquake","M 0.3 - 7 km NW of The Geysers, CA","https://earthquake.usgs.gov/earthquakes/eventpage/nc75442242","https://earthquake.usgs.gov/fdsnws/event/1/query?eventid=nc75442242&format=geojson"
"ci41339271","2026-09-26T04:26:37Z","2026-09-26T00:26:37-04:00","2026-09-28T20:35:14Z","1.3","1.26","16 km W of Taft, CA","35.1388333333333","-119.637666666667","United States of America","16.8","16.75",,,,,"reviewed","0","24","earthquake","M 1.3 - 16 km W of Taft, CA","https://earthquake.usgs.gov/earthquakes/eventpage/ci41339271","https://earthquake.usgs.gov/fdsnws/event/1/query?eventid=ci41339271&format=geojson"
"nc75442227","2026-09-26T04:15:28Z","2026-09-26T00:15:28-04:00","2026-09-26T05:32:22Z","1.8","1.83","10 km W of Boonville, CA","39.0158348083496","-123.484497070312","United States of America","1.8","1.84",,,,,"automatic","0","52","earthquake","M 1.8 - 10 km W of Boonville, CA","https://earthquake.usgs.gov/earthquakes/eventpage/nc75442227","https://earthquake.usgs.gov/fdsnws/event/1/query?eventid=nc75442227&format=geojson"
"nc75442222","2026-09-26T04:13:13Z","2026-09-26T00:13:13-04:00","2026-09-26T04:14:52Z","1.0","0.66","23 km NW of Parkfield, CA","36.0461654663086","-120.611831665039","United States of America","5.3","5.27",,,,,"automatic","0","7","earthquake","M 0.7 - 23 km NW of Parkfield, CA","https://earthquake.usgs.gov/earthquakes/eventpage/nc75442222","https://earthquake.usgs.gov/fdsnws/event/1/query?eventid=nc75442222&format=geojson"
"nc75442217","2026-09-26T04:02:07Z","2026-09-26T00:02:07-04:00","2026-09-26T11:23:12Z","2.7","2.74","10 km W of Boonville, CA","39.013500213623","-123.483001708984","United States of America","3.5","3.46","17","3.4",,,"automatic","0","121","earthquake","M 2.7 - 10 km W of Boonville, CA","https://earthquake.usgs.gov/earthquakes/eventpage/nc75442217","https://earthquake.usgs.gov/fdsnws/event/1/query?eventid=nc75442217&format=geojson"
"nc75442212","2026-09-26T03:48:58Z","2026-09-25T23:48:58-04:00","2026-09-26T03:50:37Z","1.0","0.75","8 km WNW of The Geysers, CA","38.8136672973633","-122.829330444336","United States of America","4.8","4.84",,,,,"automatic","0","9","earthquake","M 0.8 - 8 km WNW of The Geysers, CA","https://earthquake.usgs.gov/earthquakes/eventpage/nc75442212","https://earthquake.usgs.gov/fdsnws/event/1/query?eventid=nc75442212&format=geojson"
"nc75442207","2026-09-26T03:42:49Z","2026-09-25T23:42:49-04:00","2026-09-30T13:18:45Z","3.7","3.74","10 km W of Boonville, CA","39.0145","-123.477333333333","United States of America","4.8","4.78","136","4.3","4.229",,"reviewed","0","274","earthquake","M 3.7 - 10 km W of Boonville, CA","https://earthquake.usgs.gov/earthquakes/eventpage/nc75442207","https://earthquake.usgs.gov/fdsnws/event/1/query?eventid=nc75442207&format=geojson"
"ci41339263","2026-09-26T03:39:16Z","2026-09-25T23:39:16-04:00","2026-09-28T13:58:24Z","1.7","1.7","31 km N of Kernville, CA","36.035","-118.414333333333","United States of America","4.2","4.23",,,,,"reviewed","0","44","earthquake","M 1.7 - 31 km N of Kernville, CA","https://earthquake.usgs.gov/earthquakes/eventpage/ci41339263","https://earthquake.usgs.gov/fdsnws/event/1/query?eventid=ci41339263&format=geojson"
"nc75442192","2026-09-26T03:21:29Z","2026-09-25T23:21:29-04:00","2026-09-26T03:23:06Z","1.0","0.84","8 km NW of The Geysers, CA","38.8281669616699","-122.817001342773","United States of America","1.8","1.78",,,,,"automatic","0","11","earthquake","M 0.8 - 8 km NW of The Geysers, CA","https://earthquake.usgs.gov/earthquakes/eventpage/nc75442192","https://earthquake.usgs.gov/fdsnws/event/1/query?eventid=nc75442192&format=geojson"
"uu80008128","2026-09-26T03:20:54Z","2026-09-25T23:20:54-04:00","2026-09-28T13:53:18Z","1.0","0.87","2 km E of Deweyville, Utah","41.7136666666667","-112.056166666667","United States of America","1.0","0.96",,,,,"reviewed","0","12","earthquake","M 0.9 - 2 km E of Deweyville, Utah","https://earthquake.usgs.gov/earthquakes/eventpage/uu80008128","https://earthquake.usgs.gov/fdsnws/event/1/query?eventid=uu80008128&format=geojson"
"ci41339247","2026-09-26T03:04:38Z","2026-09-25T23:04:38-04:00","2026-09-28T13:58:28Z","1.0","1.04","31 km N of Kernville, CA","36.0365","-118.416333333333","United States of America","4.8","4.79",,,,,"reviewed","0","17","earthquake","M 1.0 - 31 km N of Kernville, CA","https://earthquake.usgs.gov/earthquakes/eventpage/ci41339247","https://earthquake.usgs.gov/fdsnws/event/1/query?eventid=ci41339247&format=geojson"
"nc75442187","2026-09-26T03:03:53Z","2026-09-25T23:03:53-04:00","2026-09-26T03:42:19Z","1.3","1.29","8 km W of Cobb, CA","38.8343315124512","-122.808334350586","United States of America","1.6","1.59",,,,,"automatic","0","26","earthquake","M 1.3 - 8 km W of Cobb, CA","https://earthquake.usgs.gov/earthquakes/eventpage/nc75442187","https://earthquake.usgs.gov/fdsnws/event/1/query?eventid=nc75442187&format=geojson"
"ci41339239","2026-09-26T03:01:04Z","2026-09-25T23:01:04-04:00","2026-09-28T13:58:32Z","1.0","0.66","20 km SW of Ocotillo Wells, CA","33.0313333333333","-116.294166666667","United States of America","7.7","7.71",,,,,"reviewed","0","7","earthquake","M 0.7 - 20 km SW of Ocotillo Wells, CA","https://earthquake.usgs.gov/earthquakes/eventpage/ci41339239","https://earthquake.usgs.gov/fdsnws/event/1/query?eventid=ci41339239&format=geojson"
"nc75442182","2026-09-26T02:58:12Z","2026-09-25T22:58:12-04:00","2026-09-26T02:59:46Z","1.0","1.02","18 km WSW of Toms Place, CA","37.5045013427734","-118.866165161133","United States of America","5.3","5.34",,,,,"automatic","0","16","earthquake","M 1.0 - 18 km WSW of Toms Place, CA","https://earthquake.usgs.gov/earthquakes/eventpage/nc75442182","https://earthquake.usgs.gov/fdsnws/event/1/query?eventid=nc75442182&format=geojson"
"nc75442177","2026-09-26T02:33:29Z","2026-09-25T22:33:29-04:00","2026-09-26T02:35:06Z","1.0","0.68","6 km W of Cobb, CA","38.8310012817383","-122.790832519531","United States of America","1.6","1.58",,,,,"automatic","0","7","earthquake","M 0.7 - 6 km W of Cobb, CA","https://earthquake.usgs.gov/earthquakes/eventpage/nc75442177","https://earthquake.usgs.gov/fdsnws/event/1/query?eventid=nc75442177&format=geojson"
"ci41339231","2026-09-26T02:31:30Z","2026-09-25T22:31:30-04:00","2026-09-28T20:57:24Z","1.3","1.3","18 km ESE of Johannesburg, CA","35.3075","-117.455833333333","United States of America","3.4","3.36",,,,,"reviewed","0","26","earthquake","M 1.3 - 18 km ESE of Johannesburg, CA","https://earthquake.usgs.gov/earthquakes/eventpage/ci41339231","https://earthquake.usgs.gov/fdsnws/event/1/query?eventid=ci41339231&format=geojson"
"nc75442162","2026-09-26T02:15:11Z","2026-09-25T22:15:11-04:00","2026-09-26T03:17:28Z","1.2","1.18","8 km NW of The Geysers, CA","38.8288345336914","-122.816329956055","United States of America","1.7","1.74",,,,,"automatic","0","21","earthquake","M 1.2 - 8 km NW of The Geysers, CA","https://earthquake.usgs.gov/earthquakes/eventpage/nc75442162","https://earthquake.usgs.gov/fdsnws/event/1/query?eventid=nc75442162&format=geojson"
"tx2026sycwxj","2026-09-26T02:08:51Z","2026-09-25T22:08:51-04:00","2026-10-02T09:53:08Z","1.4","1.4","16 km SE of Coahoma, Texas","32.185","-101.189","United States of America","8.3","8.3252",,,,,"reviewed","0","30","earthquake","M 1.4 - 16 km SE of Coahoma, Texas","https://earthquake.usgs.gov/earthquakes/eventpage/tx2026sycwxj","https://earthquake.usgs.gov/fdsnws/event/1/query?eventid=tx2026sycwxj&format=geojson"
"ci41339223","2026-09-26T01:52:48Z","2026-09-25T21:52:48-04:00","2026-09-28T20:57:08Z","1.0","0.98","17 km W of Taft, CA","35.123","-119.641333333333","United States of America","13.8","13.79",,,,,"reviewed","0","15","earthquake","M 1.0 - 17 km W of Taft, CA","https://earthquake.usgs.gov/earthquakes/eventpage/ci41339223","https://earthquake.usgs.gov/fdsnws/event/1/query?eventid=ci41339223&format=geojson"
"nc75442122","2026-09-26T01:29:37Z","2026-09-25T21:29:37-04:00","2026-09-26T01:31:12Z","1.0","0.71","3 km W of Cobb, CA","38.8211669921875","-122.759330749512","United States of America","1.8","1.75",,,,,"automatic","0","8","earthquake","M 0.7 - 3 km W of Cobb, CA","https://earthquake.usgs.gov/earthquakes/eventpage/nc75442122","https://earthquake.usgs.gov/fdsnws/event/1/query?eventid=nc75442122&format=geojson"
"ci41339215","2026-09-26T01:25:24Z","2026-09-25T21:25:24-04:00","2026-09-28T13:59:02Z","1.0","0.38","17 km N of Borrego Springs, CA","33.4076666666667","-116.405833333333","United States of America","10.7","10.66",,,,,"reviewed","0","2","earthquake","M 0.4 - 17 km N of Borrego Springs, CA","https://earthquake.usgs.gov/earthquakes/eventpage/ci41339215","https://earthquake.usgs.gov/fdsnws/event/1/query?eventid=ci41339215&format=geojson"
"nm60628251","2026-09-26T01:09:20Z","2026-09-25T21:09:20-04:00","2026-09-28T14:38:04Z","1.4","1.39","3 km ESE of Howardville, Missouri","36.5516666666667","-89.5663333333333","United States of America","5.3","5.34",,,,,"reviewed","0","30","earthquake","M 1.4 - 3 km ESE of Howardville, Missouri","https://earthquake.usgs.gov/earthquakes/eventpage/nm60628251","https://earthquake.usgs.gov/fdsnws/event/1/query?eventid=nm60628251&format=geojson"
"nc75442087","2026-09-26T00:29:35Z","2026-09-25T20:29:35-04:00","2026-09-26T00:31:11Z","1.0","0.72","7 km NW of The Geysers, CA","38.8238334655762","-122.812835693359","United States of America","2.7","2.73",,,,,"automatic","0","8","earthquake","M 0.7 - 7 km NW of The Geysers, CA","https://earthquake.usgs.gov/earthquakes/eventpage/nc75442087","https://earthquake.usgs.gov/fdsnws/event/1/query?eventid=nc75442087&format=geojson"
"ci41339207","2026-09-26T00:25:37Z","2026-09-25T20:25:37-04:00","2026-09-28T13:59:06Z","1.3","1.32","9 km E of Yorba Linda, CA","33.8863333333333","-117.711666666667","United States of America","10.6","10.6",,,,,"reviewed","0","27","earthquake","M 1.3 - 9 km E of Yorba Linda, CA","https://earthquake.usgs.gov/earthquakes/eventpage/ci41339207","https://earthquake.usgs.gov/fdsnws/event/1/query?eventid=ci41339207&format=geojson"
"uw714109842","2026-09-26T00:17:45Z","2026-09-25T20:17:45-04:00","2026-09-28T20:47:18Z","2.0","2.01","38 km NNE of Amboy, Washington","46.1993333333333","-122.1835","United States of America","0.3","0.28",,,,,"reviewed","0","62","earthquake","M 2.0 - 38 km NNE of Amboy, Washington","https://earthquake.usgs.gov/earthquakes/eventpage/uw714109842","https://earthquake.usgs.gov/fdsnws/event/1/query?eventid=uw714109842&format=geojson"
"ok2026svqz","2026-09-26T00:04:55Z","2026-09-25T20:04:55-04:00","2026-09-28T14:15:14Z","1.4","1.43","4 km N of Tatums, Oklahoma","34.5225","-97.45566667","United States of America","3.0","3",,,,,"reviewed","0","31","earthquake","M 1.4 - 4 km N of Tatums, Oklahoma","https://earthquake.usgs.gov/earthquakes/eventpage/ok2026svqz","https://earthquake.usgs.gov/fdsnws/event/1/query?eventid=ok2026svqz&format=geojson"
"tx2026sxylof","2026-09-25T23:55:20Z","2026-09-25T19:55:20-04:00","2026-09-28T17:26:32Z","1.5","1.5","12 km SSW of Forsan, Texas","31.997","-101.397","United States of America","7.7","7.7393",,,,,"reviewed","0","35","earthquake","M 1.5 - 12 km SSW of Forsan, Texas","https://earthquake.usgs.gov/earthquakes/eventpage/tx2026sxylof","https://earthquake.usgs.gov/fdsnws/event/1/query?eventid=tx2026sxylof&format=geojson"
"nc75442062","2026-09-25T23:46:51Z","2026-09-25T19:46:51-04:00","2026-09-26T01:47:30Z","1.4","1.42","7 km NW of The Geysers, CA","38.8206672668457","-122.811996459961","United States of America","3.1","3.1",,,,,"automatic","0","31","earthquake","M 1.4 - 7 km NW of The Geysers, CA","https://earthquake.usgs.gov/earthquakes/eventpage/nc75442062","https://earthquake.usgs.gov/fdsnws/event/1/query?eventid=nc75442062&format=geojson"
"tx2026sxxzwi","2026-09-25T23:41:35Z","2026-09-25T19:41:35-04:00","2026-09-28T16:28:51Z","2.2","2.2","17 km SE of Coahoma, Texas","32.181","-101.179","United States of America","5.1","5.127",,,,,"reviewed","0","74","earthquake","M 2.2 - 17 km SE of Coahoma, Texas","https://earthquake.usgs.gov/earthquakes/eventpage/tx2026sxxzwi","https://earthquake.usgs.gov/fdsnws/event/1/query?eventid=tx2026sxxzwi&format=geojson"
"ci41339199","2026-09-25T23:39:38Z","2026-09-25T19:39:38-04:00","2026-09-28T18:46:26Z","1.0","0.85","3 km NE of Loma Linda, CA","34.0656666666667","-117.238666666667","United States of America","12.9","12.88",,,,,"reviewed","0","11","earthquake","M 0.9 - 3 km NE of Loma Linda, CA","https://earthquake.usgs.gov/earthquakes/eventpage/ci41339199","https://earthquake.usgs.gov/fdsnws/event/1/query?eventid=ci41339199&format=geojson"
"nc75442042","2026-09-25T23:32:41Z","2026-09-25T19:32:41-04:00","2026-09-25T23:34:17Z","1.0","0.74","7 km NW of The Geysers, CA","38.8156661987305","-122.814666748047","United States of America","2.8","2.76",,,,,"automatic","0","8","earthquake","M 0.7 - 7 km NW of The Geysers, CA","https://earthquake.usgs.gov/earthquakes/eventpage/nc75442042","https://earthquake.usgs.gov/fdsnws/event/1/query?eventid=nc75442042&format=geojson"
"ci41339191","2026-09-25T23:23:58Z","2026-09-25T19:23:58-04:00","2026-09-28T13:59:40Z","1.1","1.14","4 km WSW of Anza, CA","33.5343333333333","-116.712333333333","United States of America","5.1","5.14",,,,,"reviewed","0","20","earthquake","M 1.1 - 4 km WSW of Anza, CA","https://earthquake.usgs.gov/earthquakes/eventpage/ci41339191","https://earthquake.usgs.gov/fdsnws/event/1/query?eventid=ci41339191&format=geojson"
"tx2026sxxhlx","2026-09-25T23:20:22Z","2026-09-25T19:20:22-04:00","2026-09-28T17:30:01Z","1.6","1.6","58 km S of Whites City, New Mexico","31.653","-104.428","United States of America","7.2","7.1765",,,,,"reviewed","0","39","earthquake","M 1.6 - 58 km S of Whites City, New Mexico","https://earthquake.usgs.gov/earthquakes/eventpage/tx2026sxxhlx","https://earthquake.usgs.gov/fdsnws/event/1/query?eventid=tx2026sxxhlx&format=geojson"
"ci41339183","2026-09-25T22:48:15Z","2026-09-25T18:48:15-04:00","2026-09-28T16:11:51Z","2.3","2.28","46 km WSW of Carlsbad, CA","32.9798333333333","-117.794333333333","United States of America","12.0","11.96",,,,,"reviewed","0","80","earthquake","M 2.3 - 46 km WSW of Carlsbad, CA","https://earthquake.usgs.gov/earthquakes/eventpage/ci41339183","https://earthquake.usgs.gov/fdsnws/event/1/query?eventid=ci41339183&format=geojson"
"nc75442022","2026-09-25T22:39:38Z","2026-09-25T18:39:38-04:00","2026-09-25T22:41:16Z","1.0","0.34","3 km W of Cobb, CA","38.8274993896484","-122.760833740234","United States of America","2.3","2.32",,,,,"automatic","0","2","earthquake","M 0.3 - 3 km W of Cobb, CA","https://earthquake.usgs.gov/earthquakes/eventpage/nc75442022","https://earthquake.usgs.gov/fdsnws/event/1/query?eventid=nc75442022&format=geojson"
"nc75442017","2026-09-25T22:19:50Z","2026-09-25T18:19:50-04:00","2026-09-26T01:07:21Z","1.3","1.28","4 km NW of The Geysers, CA","38.8033332824707","-122.779830932617","United States of America","2.8","2.84",,,,,"automatic","0","25","earthquake","M 1.3 - 4 km NW of The Geysers, CA","https://earthquake.usgs.gov/earthquakes/eventpage/nc75442017","https://earthquake.usgs.gov/fdsnws/event/1/query?eventid=nc75442017&format=geojson"
"ci41339175","2026-09-25T21:51:20Z","2026-09-25T17:51:20-04:00","2026-09-28T22:10:32Z","1.0","0.7","7 km NNE of Moreno Valley, CA","33.9853333333333","-117.192333333333","United States of America","11.2","11.24",,,,,"reviewed","0","8","earthquake","M 0.7 - 7 km NNE of Moreno Valley, CA","https://earthquake.usgs.gov/earthquakes/eventpage/ci41339175","https://earthquake.usgs.gov/fdsnws/event/1/query?eventid=ci41339175&format=geojson"
"ci41339167","2026-09-25T21:46:23Z","2026-09-25T17:46:23-04:00","2026-09-28T13:59:52Z","1.0","0.47","9 km WNW of Anza, CA","33.5858333333333","-116.758666666667","United States of America","12.1","12.08",,,,,"reviewed","0","3","earthquake","M 0.5 - 9 km WNW of Anza, CA","https://earthquake.usgs.gov/earthquakes/eventpage/ci41339167","https://earthquake.usgs.gov/fdsnws/event/1/query?eventid=ci41339167&format=geojson"
"nc75441997","2026-09-25T21:43:00Z","2026-09-25T17:43:00-04:00","2026-09-26T00:12:20Z","1.7","1.74","12 km SE of Livermore, CA","37.602165222168","-121.671997070312","United States of America","0.9","0.93",,,,,"automatic","0","47","earthquake","M 1.7 - 12 km SE of Livermore, CA","https://earthquake.usgs.gov/earthquakes/eventpage/nc75441997","https://earthquake.usgs.gov/fdsnws/event/1/query?eventid=nc75441997&format=geojson"
"nc75441987","2026-09-25T21:36:03Z","2026-09-25T17:36:03-04:00","2026-09-25T23:17:31Z","1.6","1.58","4 km NW of The Geysers, CA","38.8030014038086","-122.780334472656","United States of America","2.9","2.9",,,,,"automatic","0","38","earthquake","M 1.6 - 4 km NW of The Geysers, CA","https://earthquake.usgs.gov/earthquakes/eventpage/nc75441987","https://earthquake.usgs.gov/fdsnws/event/1/query?eventid=nc75441987&format=geojson"
"nc75441982","2026-09-25T21:35:28Z","2026-09-25T17:35:28-04:00","2026-09-25T22:47:30Z","1.3","1.25","4 km NW of The Geysers, CA","38.8033332824707","-122.779830932617","United States of America","3.0","3",,,,,"automatic","0","24","earthquake","M 1.3 - 4 km NW of The Geysers, CA","https://earthquake.usgs.gov/earthquakes/eventpage/nc75441982","https://earthquake.usgs.gov/fdsnws/event/1/query?eventid=nc75441982&format=geojson"
"tx2026sxtrfz","2026-09-25T21:31:01Z","2026-09-25T17:31:01-04:00","2026-09-28T17:36:03Z","1.7","1.7","13 km SSW of Jal, New Mexico","32.002","-103.25","United States of America","5.5","5.4846",,,,,"reviewed","0","44","earthquake","M 1.7 - 13 km SSW of Jal, New Mexico","https://earthquake.usgs.gov/earthquakes/eventpage/tx2026sxtrfz","https://earthquake.usgs.gov/fdsnws/event/1/query?eventid=tx2026sxtrfz&format=geojson"
"uw714109682","2026-09-25T21:30:24Z","2026-09-25T17:30:24-04:00","2026-09-25T22:45:59Z","1.7","1.66","2 km E of Granite Falls, Washington","48.0845","-121.929833333333","United States of America","-0.4","-0.41",,,,,"reviewed","0","42","explosion","M 1.7 Explosion - 2 km E of Granite Falls, Washington","https://earthquake.usgs.gov/earthquakes/eventpage/uw714109682","https://earthquake.usgs.gov/fdsnws/event/1/query?eventid=uw714109682&format=geojson"
"tx2026sxtpfc","2026-09-25T21:28:19Z","2026-09-25T17:28:19-04:00","2026-10-01T16:38:10Z","1.8","1.8","17 km ESE of Pearsall, Texas","28.818","-98.934","United States of America","7.4","7.3605",,,,,"reviewed","0","50","earthquake","M 1.8 - 17 km ESE of Pearsall, Texas","https://earthquake.usgs.gov/earthquakes/eventpage/tx2026sxtpfc","https://earthquake.usgs.gov/fdsnws/event/1/query?eventid=tx2026sxtpfc&format=geojson"
"nn00924892","2026-09-25T21:21:08Z","2026-09-25T17:21:08-04:00","2026-09-25T22:37:45Z","1.1","1.14","58 km S of Kingston, Nevada","38.6858","-117.0477","United States of America","0.7","0.6853",,,,,"reviewed","0","20","explosion","M 1.1 Explosion - 58 km S of Kingston, Nevada","https://earthquake.usgs.gov/earthquakes/eventpage/nn00924892","https://earthquake.usgs.gov/fdsnws/event/1/query?eventid=nn00924892&format=geojson"
"tx2026sxtdzx","2026-09-25T21:15:30Z","2026-09-25T17:15:30-04:00","2026-10-01T16:17:26Z","1.4","1.4","17 km SE of Coahoma, Texas","32.181","-101.184","United States of America","6.6","6.5918",,,,,"reviewed","0","30","earthquake","M 1.4 - 17 km SE of Coahoma, Texas","https://earthquake.usgs.gov/earthquakes/eventpage/tx2026sxtdzx","https://earthquake.usgs.gov/fdsnws/event/1/query?eventid=tx2026sxtdzx&format=geojson"
"ci41339151","2026-09-25T21:08:40Z","2026-09-25T17:08:40-04:00","2026-09-25T21:12:05Z","1.1","1.09","14 km W of Mojave, CA","35.0486666666667","-118.3255","United States of America","-0.6","-0.55",,,,,"automatic","0","18","earthquake","M 1.1 - 14 km W of Mojave, CA","https://earthquake.usgs.gov/earthquakes/eventpage/ci41339151","https://earthquake.usgs.gov/fdsnws/event/1/query?eventid=ci41339151&format=geojson"
"nc75441952","2026-09-25T21:04:35Z","2026-09-25T17:04:35-04:00","2026-09-25T21:06:10Z","1.0","0.68","11 km WNW of The Geysers, CA","38.8288345336914","-122.868835449219","United States of America","2.2","2.22",,,,,"automatic","0","7","earthquake","M 0.7 - 11 km WNW of The Geysers, CA","https://earthquake.usgs.gov/earthquakes/eventpage/nc75441952","https://earthquake.usgs.gov/fdsnws/event/1/query?eventid=nc75441952&format=geojson"
"ok2026svkz","2026-09-25T21:02:40Z","2026-09-25T17:02:40-04:00","2026-09-28T13:37:20Z","1.3","1.31","8 km ESE of Dougherty, Oklahoma","34.37016667","-96.97566667","United States of America","0.0","0",,,,,"reviewed","0","26","quarry blast","M 1.3 Quarry Blast - 8 km ESE of Dougherty, Oklahoma","https://earthquake.usgs.gov/earthquakes/eventpage/ok2026svkz","https://earthquake.usgs.gov/fdsnws/event/1/query?eventid=ok2026svkz&format=geojson"
"tx2026sxskio","2026-09-25T20:52:32Z","2026-09-25T16:52:32-04:00","2026-09-25T21:10:01Z","1.2","1.2","13 km S of Forsan, Texas","31.993","-101.384","United States of America","3.8","3.833",,,,,"reviewed","0","22","earthquake","M 1.2 - 13 km S of Forsan, Texas","https://earthquake.usgs.gov/earthquakes/eventpage/tx2026sxskio","https://earthquake.usgs.gov/fdsnws/event/1/query?eventid=tx2026sxskio&format=geojson"
"tx2026sxrztn","2026-09-25T20:40:14Z","2026-09-25T16:40:14-04:00","2026-10-01T16:51:37Z","1.9","1.9","15 km ESE of Pearsall, Texas","28.819","-98.963","United States of America","7.0","7.044",,,,,"reviewed","0","56","earthquake","M 1.9 - 15 km ESE of Pearsall, Texas","https://earthquake.usgs.gov/earthquakes/eventpage/tx2026sxrztn","https://earthquake.usgs.gov/fdsnws/event/1/query?eventid=tx2026sxrztn&format=geojson"
"us6000txp3","2026-09-25T20:26:11Z","2026-09-25T16:26:11-04:00","2026-09-26T12:21:57Z","2.7","2.7","9 km NE of Pleasant Hill, Louisiana","31.8713","-93.4352","United States of America","6.1","6.098","2","2.7",,,"reviewed","0","113","earthquake","M 2.7 - 9 km NE of Pleasant Hill, Louisiana","https://earthquake.usgs.gov/earthquakes/eventpage/us6000txp3","https://earthquake.usgs.gov/fdsnws/event/1/query?eventid=us6000txp3&format=geojson"
"nc75441927","2026-09-25T20:20:12Z","2026-09-25T16:20:12-04:00","2026-09-25T21:57:23Z","1.3","1.34","4 km NW of The Geysers, CA","38.8036651611328","-122.779335021973","United States of America","3.1","3.1",,,,,"automatic","0","28","earthquake","M 1.3 - 4 km NW of The Geysers, CA","https://earthquake.usgs.gov/earthquakes/eventpage/nc75441927","https://earthquake.usgs.gov/fdsnws/event/1/query?eventid=nc75441927&format=geojson"
"nc75441922","2026-09-25T20:18:17Z","2026-09-25T16:18:17-04:00","2026-09-25T21:27:20Z","1.2","1.19","4 km SE of The Geysers, CA","38.7483329772949","-122.730331420898","United States of America","1.9","1.9",,,,,"automatic","0","22","earthquake","M 1.2 - 4 km SE of The Geysers, CA","https://earthquake.usgs.gov/earthquakes/eventpage/nc75441922","https://earthquake.usgs.gov/fdsnws/event/1/query?eventid=nc75441922&format=geojson"
"nc75441912","2026-09-25T20:14:25Z","2026-09-25T16:14:25-04:00","2026-09-25T21:07:25Z","1.4","1.38","12 km SE of Livermore, CA","37.602165222168","-121.674667358398","United States of America","0.4","0.42",,,,,"automatic","0","29","earthquake","M 1.4 - 12 km SE of Livermore, CA","https://earthquake.usgs.gov/earthquakes/eventpage/nc75441912","https://earthquake.usgs.gov/fdsnws/event/1/query?eventid=nc75441912&format=geojson"
"ci41339135","2026-09-25T20:09:06Z","2026-09-25T16:09:06-04:00","2026-09-25T22:18:30Z","1.0","0.73","27 km ESE of Lake Isabella, CA","35.548","-118.188833333333","United States of America","2.2","2.15",,,,,"reviewed","0","8","earthquake","M 0.7 - 27 km ESE of Lake Isabella, CA","https://earthquake.usgs.gov/earthquakes/eventpage/ci41339135","https://earthquake.usgs.gov/fdsnws/event/1/query?eventid=ci41339135&format=geojson"
"nc75441902","2026-09-25T20:01:22Z","2026-09-25T16:01:22-04:00","2026-09-25T20:02:59Z","1.1","1.06","13 km WNW of The Geysers, CA","38.8395004272461","-122.876663208008","United States of America","2.3","2.32",,,,,"automatic","0","17","earthquake","M 1.1 - 13 km WNW of The Geysers, CA","https://earthquake.usgs.gov/earthquakes/eventpage/nc75441902","https://earthquake.usgs.gov/fdsnws/event/1/query?eventid=nc75441902&format=geojson"
"tx2026sxqooi","2026-09-25T20:00:30Z","2026-09-25T16:00:30-04:00","2026-09-25T20:49:22Z","2.3","2.3","32 km SW of Garden City, Texas","31.68","-101.742","United States of America","5.4","5.3955",,,,,"reviewed","0","81","earthquake","M 2.3 - 32 km SW of Garden City, Texas","https://earthquake.usgs.gov/earthquakes/eventpage/tx2026sxqooi","https://earthquake.usgs.gov/fdsnws/event/1/query?eventid=tx2026sxqooi&format=geojson"
"nc75441892","2026-09-25T19:57:00Z","2026-09-25T15:57:00-04:00","2026-09-25T19:58:34Z","1.0","0.75","8 km NW of The Geysers, CA","38.8300018310547","-122.815170288086","United States of America","1.5","1.51",,,,,"automatic","0","9","earthquake","M 0.8 - 8 km NW of The Geysers, CA","https://earthquake.usgs.gov/earthquakes/eventpage/nc75441892","https://earthquake.usgs.gov/fdsnws/event/1/query?eventid=nc75441892&format=geojson"
"tx2026sxpuay","2026-09-25T19:36:23Z","2026-09-25T15:36:23-04:00","2026-09-25T20:55:15Z","1.9","1.9","22 km W of Garden City, Texas","31.85","-101.721","United States of America","6.0","5.9814",,,,,"reviewed","0","56","earthquake","M 1.9 - 22 km W of Garden City, Texas","https://earthquake.usgs.gov/earthquakes/eventpage/tx2026sxpuay","https://earthquake.usgs.gov/fdsnws/event/1/query?eventid=tx2026sxpuay&format=geojson"
"ci41339119","2026-09-25T19:18:59Z","2026-09-25T15:18:59-04:00","2026-09-25T22:09:12Z","1.0","0.29","10 km SSW of Idyllwild, CA","33.6571666666667","-116.761833333333","United States of America","13.4","13.36",,,,,"reviewed","0","1","earthquake","M 0.3 - 10 km SSW of Idyllwild, CA","https://earthquake.usgs.gov/earthquakes/eventpage/ci41339119","https://earthquake.usgs.gov/fdsnws/event/1/query?eventid=ci41339119&format=geojson"
"ci41339111","2026-09-25T19:17:27Z","2026-09-25T15:17:27-04:00","2026-09-28T19:51:54Z","1.0","0.95","3 km SE of Home Gardens, CA","33.8651666666667","-117.498333333333","United States of America","-0.5","-0.53",,,,,"reviewed","0","14","quarry blast","M 1.0 Quarry Blast - 3 km SE of Home Gardens, CA","https://earthquake.usgs.gov/earthquakes/eventpage/ci41339111","https://earthquake.usgs.gov/fdsnws/event/1/query?eventid=ci41339111&format=geojson"
"ok2026svhc","2026-09-25T19:05:31Z","2026-09-25T15:05:31-04:00","2026-09-28T14:44:31Z","1.3","1.31","4 km S of Hulbert, Oklahoma","35.89","-95.14383333","United States of America","0.0","0",,,,,"reviewed","0","26","quarry blast","M 1.3 Quarry Blast - 4 km S of Hulbert, Oklahoma","https://earthquake.usgs.gov/earthquakes/eventpage/ok2026svhc","https://earthquake.usgs.gov/fdsnws/event/1/query?eventid=ok2026svhc&format=geojson"
